time/iterations,rollout/ep_len_mean,time/total_timesteps,rollout/ep_rew_mean,time/fps,time/time_elapsed,train/n_updates,train/policy_gradient_loss,train/entropy_loss,train/clip_range,train/value_loss,train/approx_kl,train/explained_variance,train/clip_fraction,train/loss,train/learning_rate,train/std
1,1001.0,2048,-1777.841405,9,223,,,,,,,,,,,
2,809.6,4096,-1376.5895386,9,444,2460,-0.006290328902832698,-2.120607457309961,0.2,124.75958924293518,0.011293959,0.8149840235710144,0.0857421875,52.79692459106445,0.0003,0.7070534229278564
3,813.5714285714286,6144,-1711.843942857143,9,656,2470,-0.000624857430375414,-2.1156255789101124,0.2,1646.543407291174,0.0050201295,0.40750443935394287,0.051513671875,788.8942260742188,0.0003,0.6978884339332581
4,772.5,8192,-1415.039082,9,869,2480,-0.00466431371824001,-2.103447227180004,0.2,573.037617623806,0.0050971042,0.7737117558717728,0.035107421875,38.88169860839844,0.0003,0.7005689144134521
5,749.6153846153846,10240,-1544.2816976153847,9,1081,2490,-0.001975766135001322,-2.10991570353508,0.2,2309.9389883995054,0.004965602,0.45865291357040405,0.02353515625,898.1566162109375,0.0003,0.7001978158950806
6,776.1333333333333,12288,-1631.5091306,9,1292,2500,-0.004945992928696796,-2.113898079842329,0.2,2789.7226902008056,0.0047349865,0.7188124656677246,0.0318359375,5285.1875,0.0003,0.7032169103622437
7,741.1052631578947,14336,-1554.858168,9,1506,2510,-0.004538385311025195,-2.1178392015397547,0.2,173.8068521499634,0.008011159,0.9342954754829407,0.08994140625,57.19331359863281,0.0003,0.7037196755409241
8,735.3333333333334,16384,-1465.256088857143,9,1717,2520,-0.0028018390548822936,-2.114009027183056,0.2,2238.443073225021,0.0056157773,0.6991665959358215,0.027685546875,258.8714599609375,0.0003,0.7003308534622192
9,718.68,18432,-1336.11657816,9,1931,2530,-0.002241345828224439,-2.1097167313098906,0.2,2478.819383573532,0.0043912074,0.34601789712905884,0.02021484375,142.88401794433594,0.0003,0.7009159326553345
10,719.5357142857143,20480,-1324.84926225,9,2143,2540,-0.0014588132398785092,-2.110621923953295,0.2,4642.7270778656,0.0035945487,0.6579129695892334,0.011083984375,530.940673828125,0.0003,0.7008684277534485
11,736.6666666666666,22528,-1359.5801564,9,2354,2550,-0.0049075152863224504,-2.1085626386106013,0.2,3174.6391335487365,0.004762962,0.7541695535182953,0.0421875,206.70455932617188,0.0003,0.6990456581115723
12,753.1875,24576,-1442.9771728125,9,2566,2560,-0.004377586689952295,-2.0956090353429317,0.2,329.3525187253952,0.0050462056,0.8500233590602875,0.035107421875,205.6909637451172,0.0003,0.6928136944770813
13,758.0857142857143,26624,-1467.2728593142856,9,2778,2570,-0.0011925795217393898,-2.0873182080686092,0.2,169.91287269592286,0.0059481245,0.8773639500141144,0.048583984375,35.2330436706543,0.0003,0.6923052668571472
14,771.2162162162163,28672,-1483.4170843513514,9,2989,2580,-0.0014308635356428568,-2.080824963748455,0.2,2557.6339560031893,0.0041568726,0.6905104219913483,0.048486328125,1099.66015625,0.0003,0.6894986033439636
15,780.4102564102565,30720,-1487.5801228717949,9,3200,2590,-0.004568969929823652,-2.0747162461280824,0.2,197.21904097795488,0.0046296483,0.9051277115941048,0.057568359375,89.65962982177734,0.0003,0.6876803636550903
16,778.8571428571429,32768,-1466.9311736666666,9,3413,2600,-0.006910383194190217,-2.0608445413410665,0.2,305.44091346263883,0.0061873826,0.7300620973110199,0.06708984375,100.83352661132812,0.0003,0.6792621612548828
17,775.4772727272727,34816,-1443.9061863863635,9,3624,2610,-0.003447132535802666,-2.0522308625280856,0.2,2478.2155517816545,0.004523395,0.6266514360904694,0.0373046875,107.32780456542969,0.0003,0.6810646057128906
18,773.8723404255319,36864,-1462.767539617021,9,3836,2620,-0.003025585681461962,-2.052917870879173,0.2,2097.0604099750517,0.0058358833,0.7488240301609039,0.03603515625,322.93499755859375,0.0003,0.6772898435592651
19,760.2156862745098,38912,-1397.067244745098,9,4050,2630,-0.006570765757351183,-2.0552513144910334,0.2,591.3559620141983,0.0060393494,0.5248096585273743,0.04453125,167.71841430664062,0.0003,0.683384120464325
20,766.811320754717,40960,-1405.6544966603772,9,4261,2640,-0.0025756525152246467,-2.06276728361845,0.2,3790.2950275421144,0.0027275071,0.6986920833587646,0.016064453125,5953.9111328125,0.0003,0.6826958656311035
21,766.6428571428571,43008,-1367.4329596785715,9,4474,2650,-0.007030028951703571,-2.059534215927124,0.2,814.0915172100067,0.0049532447,0.7914945632219315,0.032763671875,306.261474609375,0.0003,0.6806457042694092
22,774.7241379310345,45056,-1408.5022349482758,9,4685,2660,-0.0030876948294462636,-2.0514458276331426,0.2,3181.461307287216,0.003366003,0.6766094267368317,0.023193359375,202.55967712402344,0.0003,0.6776846051216125
23,782.2666666666667,47104,-1414.83713705,9,4896,2670,-0.006192540483607445,-2.0442877493798735,0.2,211.19945762753485,0.008300165,0.925365649163723,0.098046875,212.4009552001953,0.0003,0.6746509075164795
24,789.3225806451613,49152,-1455.4280048064516,9,5107,2680,-0.005322215671185404,-2.0347213581204415,0.2,864.5931773662567,0.004982373,0.7236509621143341,0.061328125,368.86126708984375,0.0003,0.6723043918609619
25,791.5625,51200,-1453.607462234375,9,5318,2690,-0.0042103716332348995,-2.029589459300041,0.2,416.5681964159012,0.0066818804,0.7785182893276215,0.056982421875,53.51015853881836,0.0003,0.6712422370910645
26,792.3880597014926,53248,-1430.6459302985072,9,5531,2700,-0.001873225168674253,-2.0265294276177883,0.2,1944.130281829834,0.0065697343,0.7635108679533005,0.051416015625,604.1948852539062,0.0003,0.669510543346405
27,786.6285714285714,55296,-1433.5593956571429,9,5743,2710,-0.00779436275952321,-2.0111487198621036,0.2,1706.6372586011887,0.0068895337,0.8560730814933777,0.066650390625,125.2005615234375,0.0003,0.6587164402008057
28,789.2638888888889,57344,-1419.9287274722221,9,5954,2720,-0.004460037838362041,-1.9912059877067805,0.2,2671.886929559708,0.004090025,0.6107829213142395,0.03564453125,746.0701293945312,0.0003,0.6567755341529846
29,794.9864864864865,59392,-1453.321125972973,9,6165,2730,-0.0033323703639325684,-1.9898349158465862,0.2,2726.1908022880552,0.0037341532,0.8231152445077896,0.02509765625,1062.0040283203125,0.0003,0.6577066779136658
30,799.7368421052631,61440,-1480.2304477105263,9,6376,2740,-0.004034905809385236,-1.9823160886764526,0.2,229.1387253165245,0.008906918,0.9306211769580841,0.08759765625,247.20753479003906,0.0003,0.6538224220275879
31,804.8974358974359,63488,-1477.3440452307693,9,6588,2750,-0.005171331801102496,-1.9784844890236855,0.2,435.5709631681442,0.0057556746,0.9067446365952492,0.046826171875,308.494873046875,0.0003,0.6536962389945984
32,790.390243902439,65536,-1436.9039735975612,9,6801,2760,-0.005040622732485645,-1.9807000830769539,0.2,118.37027005553246,0.009038948,0.8604082316160202,0.08046875,39.132591247558594,0.0003,0.6560888290405273
33,795.4047619047619,67584,-1443.1823648333334,9,7013,2770,-0.0026519426501181442,-1.9823228687047958,0.2,5432.838142442703,0.0052695028,0.3650885224342346,0.019384765625,246.0915069580078,0.0003,0.6556141376495361
34,786.3295454545455,69632,-1427.4265306931818,9,7226,2780,-0.0031081512512173503,-1.979392208531499,0.2,284.24427424669267,0.0036461703,0.8823411241173744,0.032666015625,85.07538604736328,0.0003,0.6544102430343628
35,791.1,71680,-1440.4651272444444,9,7438,2790,-0.0021647156856488435,-1.9751322004944085,0.2,3803.243090748787,0.0036533086,0.67034512758255,0.0296875,345.5547790527344,0.0003,0.6529799699783325
36,791.9462365591398,73728,-1423.390400860215,9,7650,2800,-0.0035549615895433817,-1.9684692714363337,0.2,277.27062586545946,0.004652283,0.7519807666540146,0.044384765625,78.26069641113281,0.0003,0.6490897536277771
37,789.0833333333334,75776,-1411.0004042395833,9,7862,2810,-0.00288582470457186,-1.9559190947562457,0.2,2107.402831494808,0.0059567457,0.4587096571922302,0.075048828125,225.10215759277344,0.0003,0.6441456079483032
38,793.4081632653061,77824,-1424.780112846939,9,8073,2820,-0.0027536919005797245,-1.9479779284447432,0.2,1560.5122965335845,0.0061183884,0.5039156079292297,0.0349609375,2816.263427734375,0.0003,0.6477299928665161
39,795.28,79872,-1421.6664641099999,9,8284,2830,-0.0027359927771613,-1.9547560133039952,0.2,622.0844560623169,0.0043209833,0.5681743621826172,0.032470703125,208.9769744873047,0.0003,0.6456291079521179
40,795.28,81920,-1426.62187006,9,8496,2840,-0.004023655086348299,-1.9501036137342453,0.2,2330.3195275306703,0.0060694544,0.6561517119407654,0.0427734375,373.24102783203125,0.0003,0.6444395780563354
41,803.75,83968,-1431.4786864100001,9,8707,2850,-0.002762522790726507,-1.9537074275314807,0.2,394.58513581752777,0.0053221816,0.7314289212226868,0.034716796875,73.52416229248047,0.0003,0.6474925875663757
42,799.12,86016,-1383.15409189,9,8920,2860,-0.0024732738493185025,-1.9545435912907123,0.2,3301.7460131645203,0.0038627903,0.6270819008350372,0.0271484375,605.73828125,0.0003,0.6455053687095642
43,799.67,88064,-1390.8807846599998,9,9132,2870,-0.0024418431970843813,-1.9517627656459808,0.2,2298.2558497428895,0.002381307,0.564189612865448,0.02177734375,139.69589233398438,0.0003,0.6461002826690674
44,809.5,90112,-1394.33058153,9,9343,2880,-0.0018583130004117265,-1.9476521179080009,0.2,2287.311612820625,0.003472662,0.6604147553443909,0.02861328125,64.9831771850586,0.0003,0.6414989233016968
45,810.55,92160,-1380.2509963799998,9,9554,2890,-0.00513224433598225,-1.9541720893234014,0.2,188.4620629787445,0.006446557,0.733830451965332,0.08271484375,55.2389030456543,0.0003,0.6514284610748291
46,814.48,94208,-1378.7961377699999,9,9767,2900,-0.004659876385267126,-1.9712405469268561,0.2,92.66188127994538,0.008096147,0.9006288200616837,0.095068359375,16.194477081298828,0.0003,0.6537289619445801
47,813.98,96256,-1364.0296213899999,9,9979,2910,-0.0034226449846755714,-1.9776916354894638,0.2,1773.0308085918427,0.005443898,0.659875214099884,0.041650390625,480.9949951171875,0.0003,0.6558462381362915
48,813.98,98304,-1356.0486682,9,10190,2920,-0.002506173214351293,-1.9810701642185449,0.2,4341.280814218521,0.0039465213,0.34621065855026245,0.018896484375,5851.83984375,0.0003,0.6556597948074341
49,819.52,100352,-1379.8405245400002,9,10403,2930,-0.005100767668045592,-1.9766646854579448,0.2,389.6948202371597,0.007842627,0.5871233344078064,0.0490234375,100.5594482421875,0.0003,0.654056191444397
50,820.52,102400,-1345.8775487,9,10615,2940,-0.0035746960355027115,-1.9724458202719688,0.2,3325.3673813819887,0.0041642007,0.6001755893230438,0.035595703125,674.1253051757812,0.0003,0.6522605419158936
51,811.21,104448,-1303.1905795599998,9,10828,2950,-0.002777924863039516,-1.971732533723116,0.2,4224.367038345337,0.002663937,0.6049554646015167,0.0134765625,676.9324340820312,0.0003,0.6544525623321533
52,811.54,106496,-1318.72533444,9,11039,2960,-0.003606751476036152,-1.9758654776960611,0.2,2278.216295480728,0.00872615,0.33185333013534546,0.04306640625,83.7239990234375,0.0003,0.6542950868606567
53,812.05,108544,-1274.33093861,9,11250,2970,-0.009680129453772678,-1.9759089790284634,0.2,304.7218536376953,0.008799722,0.43820512294769287,0.087255859375,111.27528381347656,0.0003,0.6548211574554443
54,811.12,110592,-1263.9337578299999,9,11462,2980,-0.002750643380568363,-1.9774741720408202,0.2,1532.5202602863312,0.0036208818,0.5925587117671967,0.02763671875,2754.621826171875,0.0003,0.6526401042938232
55,808.27,112640,-1215.4530804100002,9,11675,2990,-0.008381994810770265,-1.9861650671809912,0.2,242.62223107814788,0.010167155,0.5618364810943604,0.08037109375,54.08368682861328,0.0003,0.6605174541473389
56,803.86,114688,-1191.95682297,9,11886,3000,-0.004222511364787351,-2.0039770394563674,0.2,8499.299353790284,0.0037784842,0.30909502506256104,0.015185546875,2183.572265625,0.0003,0.6614704132080078
57,790.19,116736,-1117.70633605,9,12101,3010,-0.004487397339835298,-2.0020411286503075,0.2,2406.514809703827,0.0031326036,0.7266306579113007,0.022314453125,241.8042755126953,0.0003,0.6594358682632446
58,796.57,118784,-1113.82949482,9,12314,3020,-0.004348998342175036,-1.9997761089354753,0.2,6385.23808221817,0.0065063145,0.50914666056633,0.043359375,1748.395751953125,0.0003,0.6599864363670349
59,783.24,120832,-1081.9383616999999,9,12527,3030,-0.0024053156812442467,-2.0013551995158196,0.2,5850.843285942077,0.0023697019,0.5004037320613861,0.00693359375,3042.5947265625,0.0003,0.6603384613990784
60,777.71,122880,-1041.9704613200001,9,12740,3040,-0.0019634642951132262,-2.000346265733242,0.2,5556.50380077362,0.004378048,0.6253673434257507,0.01962890625,2732.155517578125,0.0003,0.6596524715423584
61,773.52,124928,-1005.6770296199998,9,12951,3050,-0.0022907466947799547,-1.9998386796563863,0.2,3697.9107493400575,0.002140343,0.7124063372612,0.012890625,513.109130859375,0.0003,0.6598550081253052
62,767.67,126976,-975.3460398499999,9,13163,3060,-0.003083990910818102,-2.001947766542435,0.2,6010.304105377198,0.0036383609,0.36860984563827515,0.019921875,4050.582275390625,0.0003,0.661354660987854
63,764.37,129024,-953.34751316,9,13376,3070,-0.005236279260134325,-2.0016051825135945,0.2,1737.3762899160386,0.012581348,0.7053255140781403,0.0658203125,108.81482696533203,0.0003,0.6589369773864746
64,755.89,131072,-886.6708259499999,9,13590,3080,-0.004811996591888601,-2.0008348669856786,0.2,2275.0780094623565,0.004963682,0.3638872504234314,0.03349609375,112.69876861572266,0.0003,0.6612996459007263
65,753.99,133120,-878.0420621599999,9,13801,3090,-0.0014314930398541038,-2.006650886684656,0.2,5257.081350612641,0.0029348377,0.573895126581192,0.01171875,1694.702392578125,0.0003,0.6629489660263062
66,744.87,135168,-809.3669229600001,9,14014,3100,-0.004059419119585073,-2.0102016240358354,0.2,2773.5637928009032,0.0038905456,0.7772403508424759,0.025048828125,248.13148498535156,0.0003,0.6643428206443787
67,743.25,137216,-777.8597098999999,9,14226,3110,-0.0029545110613980797,-2.0081542462110518,0.2,4238.591379833221,0.0031094048,0.7253403961658478,0.019189453125,414.8211669921875,0.0003,0.6612047553062439
68,743.77,139264,-749.5526464499999,9,14439,3120,-0.004653010805486702,-2.00097759924829,0.2,2808.3990948677065,0.0058629,0.7451651692390442,0.04296875,4906.564453125,0.0003,0.6599458456039429
69,737.34,141312,-718.3546087299999,9,14651,3130,-0.005375344803906046,-1.995117210224271,0.2,4403.866610527039,0.006201311,0.5562607645988464,0.065966796875,2159.857177734375,0.0003,0.6567345857620239
70,726.63,143360,-635.51660307,9,14867,3140,-0.0043241124651103744,-1.9878495272248984,0.2,3356.243467617035,0.005421706,0.4983764886856079,0.04482421875,676.2503051757812,0.0003,0.6561695337295532
71,724.29,145408,-618.26997063,9,15079,3150,-0.0028897421012516133,-1.9847301863133908,0.2,6681.989016914367,0.004069965,0.5578725636005402,0.032666015625,1228.6646728515625,0.0003,0.6541588306427002
72,719.54,147456,-582.12401876,9,15292,3160,-0.001976047291827854,-1.982870849221945,0.2,2818.890211582184,0.00311398,0.5458075404167175,0.01845703125,334.9918212890625,0.0003,0.6553089618682861
73,689.88,149504,-474.94295396000007,9,15507,3170,-0.0022885725418746007,-1.9866826236248016,0.2,4819.4379573822025,0.0030810172,0.47299569845199585,0.0158203125,3671.916259765625,0.0003,0.656320333480835
74,668.39,151552,-404.37817169000016,9,15721,3180,-0.003957904726848938,-1.9917826402932406,0.2,9149.692433166503,0.0038106334,0.49699413776397705,0.016845703125,5017.34765625,0.0003,0.6583157777786255
75,645.45,153600,-315.59751409,9,15937,3190,-0.005456734356994275,-1.9921933148056268,0.2,5110.3536637306215,0.005172316,0.5656176805496216,0.041162109375,2823.034423828125,0.0003,0.6556887626647949
76,632.49,155648,-262.55122035,9,16150,3200,-0.0034387576364679263,-1.990688095614314,0.2,9010.218783569337,0.0047342507,0.6129519641399384,0.02109375,5031.20751953125,0.0003,0.6574362516403198
77,628.5,157696,-256.15638526,9,16363,3210,-0.0059811486964463255,-1.988065218180418,0.2,3022.2220157146453,0.006306065,0.7721835076808929,0.05390625,115.3595962524414,0.0003,0.6526192426681519
78,611.15,159744,-188.81278092,9,16577,3220,-0.007526983527350239,-1.978189031407237,0.2,1980.9819539546966,0.006373454,0.8402369171380997,0.05419921875,2318.198486328125,0.0003,0.6512159705162048
79,600.97,161792,-164.46102248,9,16791,3230,-0.0054612927466223486,-1.9700443420559168,0.2,6453.26847820282,0.004834423,0.7264453172683716,0.02529296875,1454.7764892578125,0.0003,0.6489757895469666
80,587.0,163840,-111.41994111999996,9,17007,3240,-0.005597217965987511,-1.967365112528205,0.2,3823.4225458145143,0.0055077863,0.8273292928934097,0.05419921875,1140.0379638671875,0.0003,0.6501303911209106
81,579.48,165888,-84.51613543999999,9,17220,3250,-0.003742742466420168,-1.9696397811174393,0.2,7412.085915374756,0.004033733,0.684540867805481,0.026220703125,6643.3056640625,0.0003,0.6501853466033936
82,574.73,167936,-62.78023773999999,9,17431,3260,-0.0050062764348695055,-1.9692989487200976,0.2,3997.00284576416,0.0072020744,0.7379891574382782,0.042333984375,1059.0968017578125,0.0003,0.6503264904022217
83,564.48,169984,-55.558118929999985,9,17646,3270,-0.005928291296004318,-1.96666269749403,0.2,2666.579253578186,0.0071447473,0.4984871745109558,0.055810546875,4765.09814453125,0.0003,0.6477311849594116
84,554.63,172032,-26.31431584000001,9,17862,3280,-0.0018543230238719844,-1.9586406722664833,0.2,5611.066881561279,0.0045522368,0.5396997928619385,0.019921875,1848.349365234375,0.0003,0.6461682915687561
85,534.4,174080,24.4895141,9,18080,3290,-0.0030119013295916374,-1.9546089328825473,0.2,9060.466983413697,0.004404405,0.5146509408950806,0.02314453125,6146.1689453125,0.0003,0.6452953219413757
86,530.83,176128,45.77264516000001,9,18291,3300,-0.00525998283555964,-1.9523164767771959,0.2,9060.044913101196,0.0032414626,0.7434108853340149,0.03173828125,4717.0048828125,0.0003,0.6450565457344055
87,515.38,178176,63.627430240000024,9,18507,3310,-0.0027483880701765885,-1.9485239069908857,0.2,1883.8478228092195,0.0048174746,0.6911745369434357,0.022314453125,197.58499145507812,0.0003,0.6419103145599365
88,502.03,180224,116.89264813999998,9,18721,3320,-0.004323875746194972,-1.9433762729167938,0.2,4145.178987979889,0.0068108276,0.6630085706710815,0.045068359375,2073.8525390625,0.0003,0.6435739994049072
89,512.35,182272,79.5645431,9,18934,3330,-0.005172181963280309,-1.9473387777805329,0.2,6305.710528373718,0.0038329177,0.7675336599349976,0.042919921875,3818.630126953125,0.0003,0.6435022950172424
90,506.95,184320,78.70308196,9,19148,3340,-0.005171429099573288,-1.9491737328469754,0.2,2074.063646030426,0.005404037,0.8686476498842239,0.06044921875,986.6962890625,0.0003,0.6453432440757751
91,507.68,186368,61.74987616999998,9,19359,3350,-0.003393892606254667,-1.9472381588071586,0.2,2491.2564823150633,0.004994033,0.786130741238594,0.038232421875,642.6651611328125,0.0003,0.6416369676589966
92,493.07,188416,88.06558182000002,9,19574,3360,-0.005255898144969251,-1.9385376520454884,0.2,747.1057127952575,0.0056960075,0.8552896827459335,0.040380859375,158.13636779785156,0.0003,0.6403868198394775
93,488.96,190464,91.57688454999999,9,19788,3370,-0.0029865387819882016,-1.9342973615974188,0.2,8216.857105064391,0.0018711243,0.3445139527320862,0.012451171875,4750.60400390625,0.0003,0.6399955153465271
94,460.08,192512,120.62440838999999,9,20008,3380,-0.004538999418218737,-1.9330087821930646,0.2,4810.9897356033325,0.004837161,0.4423002600669861,0.02177734375,477.35107421875,0.0003,0.6392616629600525
95,443.95,194560,138.24007926,9,20228,3390,-0.002203668697620742,-1.9298810064792633,0.2,9047.086569595336,0.0031731422,0.5670717656612396,0.0146484375,5770.78857421875,0.0003,0.6376441717147827
96,436.17,196608,158.42221911000001,9,20443,3400,-0.006552182976884069,-1.9236043345183134,0.2,7268.394355773926,0.0071854233,0.6557567417621613,0.049658203125,1160.66650390625,0.0003,0.6353788375854492
97,422.49,198656,185.6692587,9,20660,3410,-0.004367736841231817,-1.92065160125494,0.2,5105.757653236389,0.005515729,0.8472763001918793,0.040966796875,3091.30419921875,0.0003,0.6360342502593994
98,417.42,200704,204.69166356999997,9,20875,3420,-0.003785586834419519,-1.9215493686497211,0.2,8316.709033966064,0.0032717015,0.6979698538780212,0.02646484375,4742.83642578125,0.0003,0.635842502117157
99,396.55,202752,259.7194797,9,21098,3430,-0.0025651680909504647,-1.9176532600075007,0.2,5061.98750705719,0.0054311706,0.7834223657846451,0.01787109375,3143.76513671875,0.0003,0.6331626176834106
100,398.37,204800,236.47129796000004,9,21313,3440,-0.003419678947830107,-1.9090570580214261,0.2,7562.41900100708,0.0048714653,0.7354558706283569,0.01884765625,2118.832763671875,0.0003,0.6306147575378418
101,367.71,206848,308.91409308999994,9,21533,3450,-0.004341179257608019,-1.8994009289890528,0.2,4714.315154075623,0.005598766,0.7950717657804489,0.044775390625,1724.7872314453125,0.0003,0.6271988153457642
102,351.6,208896,339.5665454799999,9,21755,3460,-0.0009225498324667569,-1.8930387448519468,0.2,9730.02774772644,0.0027518198,0.8161446899175644,0.003759765625,3595.169921875,0.0003,0.6272592544555664
103,352.92,210944,339.57713107,9,21969,3470,-0.002374336251523346,-1.891992222890258,0.2,10450.49182510376,0.0024249733,0.7368000149726868,0.01005859375,4324.7724609375,0.0003,0.6266402006149292
104,344.21,212992,342.49455902000017,9,22185,3480,-0.004110386458341964,-1.8938165586441755,0.2,2863.095276069641,0.0035729734,0.7753806859254837,0.0298828125,579.2022094726562,0.0003,0.6281510591506958
105,348.99,215040,337.31854106,9,22396,3490,-0.003193520280183293,-1.8988035641610623,0.2,7430.981662368775,0.0037508036,0.7418438792228699,0.009765625,5663.068359375,0.0003,0.6285419464111328
106,335.66,217088,389.03003691,9,22614,3500,-0.0017967351108381991,-1.8982121590524912,0.2,3695.33337059021,0.0038199448,0.6627631485462189,0.011669921875,560.0980834960938,0.0003,0.6275143623352051
107,331.49,219136,408.1675363299999,9,22826,3510,-0.0031861988303717227,-1.894678357243538,0.2,8047.383195114136,0.0036498168,0.5250433683395386,0.02177734375,4015.17333984375,0.0003,0.6265933513641357
108,332.27,221184,400.40438035999983,9,23040,3520,-0.006903146596596343,-1.895616500079632,0.2,3325.217396354675,0.0052664443,0.796263799071312,0.05048828125,1515.906005859375,0.0003,0.6287463903427124
109,340.06,223232,376.5875303199999,9,23254,3530,-0.002693771482154261,-1.900399186089635,0.2,3615.5531438827516,0.003454165,0.5626837909221649,0.023779296875,566.1343383789062,0.0003,0.6285108923912048
110,332.42,225280,395.0428340300001,9,23467,3540,-0.004452101525384933,-1.8912704534828664,0.2,2788.152303123474,0.006387761,0.6787923574447632,0.04658203125,1280.72314453125,0.0003,0.6224050521850586
111,345.33,227328,360.62338360999996,9,23682,3550,-0.004970429539389443,-1.879022203758359,0.2,3082.143228149414,0.004860848,0.7619434297084808,0.062060546875,993.1174926757812,0.0003,0.6212892532348633
112,363.31,229376,326.0360209100001,9,23893,3560,-0.001983168604056118,-1.8775479041039944,0.2,2727.158468914032,0.0042923097,0.863474115729332,0.016845703125,298.95806884765625,0.0003,0.6208288669586182
113,372.96,231424,322.98905489000003,9,24108,3570,-0.00519492368621286,-1.8727031588554381,0.2,1371.1659158229827,0.005232592,0.6645312011241913,0.048291015625,320.8991394042969,0.0003,0.6184000968933105
114,371.75,233472,324.9936295200001,9,24326,3580,-0.0025957162764825626,-1.8629490539431572,0.2,6314.468517780304,0.0062355595,0.46958136558532715,0.02841796875,3821.8369140625,0.0003,0.6152620911598206
115,379.91,235520,325.01920559,9,24541,3590,-0.0051395858092291745,-1.859146621450782,0.2,6516.115235328674,0.0069130943,0.5909613966941833,0.0453125,705.8314819335938,0.0003,0.6154987215995789
116,381.15,237568,312.2802308700001,9,24758,3600,-0.0013934154696471524,-1.860831705853343,0.2,6349.268757247924,0.0022390212,0.549762487411499,0.003466796875,4546.609375,0.0003,0.6167024374008179
117,380.04,239616,323.43387762,9,24975,3610,-0.005141021333110984,-1.8604296628385781,0.2,5965.875631713867,0.0074095577,0.776905357837677,0.05380859375,2149.89013671875,0.0003,0.6152328252792358
118,387.49,241664,307.32431144000003,9,25191,3620,-0.0029050940327579157,-1.8560194212943315,0.2,7427.04952583313,0.003145279,0.7208853363990784,0.026611328125,4968.58056640625,0.0003,0.6139880418777466
119,387.11,243712,305.37884978999995,9,25405,3630,-0.0022385597068932837,-1.847163624316454,0.2,4467.870715808868,0.003403964,0.8755139485001564,0.014111328125,3439.037841796875,0.0003,0.6094118356704712
120,400.11,245760,287.34412813,9,25620,3640,-0.0037071103026391937,-1.8336102433502675,0.2,3796.083382892609,0.006353573,0.7603976875543594,0.03798828125,3625.727783203125,0.0003,0.6059510707855225
121,409.13,247808,291.85320952999996,9,25835,3650,-0.008229070474772015,-1.825589655339718,0.2,7720.165236663818,0.006004888,0.4056053161621094,0.039404296875,2176.48388671875,0.0003,0.6040092706680298
122,420.84,249856,275.3373468,9,26050,3660,-0.00593125781888375,-1.8212986167520284,0.2,6784.490001678467,0.006425486,0.6014602482318878,0.045263671875,938.3516235351562,0.0003,0.6033855676651001
123,425.86,251904,265.28392018,9,26266,3670,-0.0034493253457185346,-1.8174492601305245,0.2,4988.562487983703,0.003584828,0.5128849446773529,0.028955078125,2329.171630859375,0.0003,0.6018446683883667
124,427.54,253952,281.42483489000006,9,26482,3680,-0.002551149834471289,-1.813547307625413,0.2,7467.275427436829,0.0030464767,0.5308870375156403,0.019970703125,2547.99658203125,0.0003,0.6007225513458252
125,411.45,256000,314.54454289,9,26698,3690,-0.005927633494138718,-1.811269686743617,0.2,4946.413457870483,0.005175018,0.7205088138580322,0.044384765625,777.197021484375,0.0003,0.6002377867698669
126,420.35,258048,288.35052491000005,9,26911,3700,-0.0034899605700047685,-1.8070238836109638,0.2,9199.405570220948,0.0054219514,0.6898963153362274,0.043896484375,2084.8203125,0.0003,0.5982125997543335
127,416.93,260096,314.57151730000004,9,27128,3710,-0.005261995446926448,-1.8007687877863645,0.2,2947.563001060486,0.008270601,0.5206442177295685,0.048095703125,1507.6085205078125,0.0003,0.5969483852386475
128,399.24,262144,360.40671339,9,27346,3720,-0.0035603365788119843,-1.7984274048358202,0.2,7763.715143966675,0.0036091295,0.5754742324352264,0.02509765625,3973.42578125,0.0003,0.5971899628639221
129,364.62,264192,478.14735835000005,9,27567,3730,-0.0046822959753626495,-1.7982627812772989,0.2,7043.7870212554935,0.0054082214,0.6430682241916656,0.036669921875,3210.5966796875,0.0003,0.5970315337181091
130,346.99,266240,495.1857528399999,9,27785,3740,-0.0035730720839637796,-1.7968277234584094,0.2,10963.797944641114,0.0027344392,0.47816038131713867,0.0220703125,9020.1103515625,0.0003,0.5959419012069702
131,349.31,268288,493.47963098,9,28002,3750,-0.0028690373244899094,-1.793929785490036,0.2,4336.214592552185,0.008207122,0.8807111904025078,0.05556640625,3643.90576171875,0.0003,0.5953124165534973
132,349.78,270336,506.17062608,9,28217,3760,-0.0037596682544972283,-1.7917317871004343,0.2,4559.38780708313,0.004573445,0.7621440440416336,0.019580078125,1838.262939453125,0.0003,0.5948066711425781
133,360.35,272384,488.4783056000001,9,28429,3770,-0.003365613622008823,-1.7854850150644779,0.2,8033.826626586914,0.00415363,0.5454011261463165,0.01728515625,2269.54931640625,0.0003,0.5912978053092957
134,368.5,274432,474.82376388999995,9,28644,3780,-0.004864532395731658,-1.7765080723911524,0.2,2721.7580490112305,0.0036551233,0.5012782216072083,0.036279296875,530.9065551757812,0.0003,0.589213490486145
135,368.17,276480,465.64037379,9,28860,3790,-0.003233542754605878,-1.7716741144657135,0.2,2220.017896413803,0.0046949973,0.8638778924942017,0.040673828125,950.9197387695312,0.0003,0.5891017913818359
136,368.52,278528,498.20594854,9,29078,3800,-0.003799011620139936,-1.7695782393217088,0.2,4903.6662107467655,0.005259037,0.7073760330677032,0.049951171875,1905.113525390625,0.0003,0.5882623195648193
137,327.81,280576,553.0519015899999,9,29306,3810,-0.004472556186374277,-1.7655644800513983,0.2,8865.248726272583,0.0060416483,0.4507882595062256,0.03798828125,2145.968994140625,0.0003,0.5864994525909424
138,332.15,282624,532.0338108499999,9,29518,3820,-0.004260644051828422,-1.7614369347691536,0.2,9380.05676498413,0.005745421,0.7759329378604889,0.040576171875,6972.34912109375,0.0003,0.5861003398895264
139,340.11,284672,516.5484243000001,9,29731,3830,-0.005329262380837463,-1.7618654329329728,0.2,1824.5386338233948,0.006740851,0.744396835565567,0.040869140625,227.73548889160156,0.0003,0.5865638852119446
140,329.2,286720,502.66844302,9,29952,3840,-0.003936679722392001,-1.762337177991867,0.2,1998.6887784957885,0.004657968,0.8863058388233185,0.03662109375,891.2844848632812,0.0003,0.5880893468856812
141,322.42,288768,520.1359043,9,30171,3850,-0.00306513044051826,-1.7650803539901971,0.2,6850.795529174805,0.003711247,0.7442491352558136,0.02255859375,1341.80908203125,0.0003,0.5871096849441528
142,318.68,290816,528.85238262,9,30387,3860,-0.003144492227147566,-1.764162015169859,0.2,7746.36919670105,0.0042127115,0.7606087327003479,0.012158203125,7021.96240234375,0.0003,0.5876078605651855
143,314.44,292864,528.7419629599999,9,30605,3870,-0.0030852584619424305,-1.765130541846156,0.2,7116.4162883758545,0.0038715622,0.8009186238050461,0.019482421875,3589.22900390625,0.0003,0.588050901889801
144,316.74,294912,528.7220727100001,9,30825,3880,-0.003555469670391176,-1.765751649811864,0.2,4479.6821207046505,0.00302342,0.8422485888004303,0.010302734375,2090.320556640625,0.0003,0.5879203677177429
145,307.35,296960,529.62397897,9,31048,3890,-0.004460684141668026,-1.7626007430255413,0.2,8567.519509506226,0.0045111915,0.7915551662445068,0.027490234375,3384.8935546875,0.0003,0.5859392881393433
146,281.92,299008,571.6937073800001,9,31272,3900,-0.0034381106568616817,-1.756605725735426,0.2,8752.341173553466,0.0055553745,0.6539024114608765,0.02421875,2939.5947265625,0.0003,0.5847511291503906
147,255.26,301056,621.6377166799999,9,31492,3910,-0.0038095159201475327,-1.7520816039294005,0.2,6997.906845855713,0.0049387245,0.8036095947027206,0.027587890625,1809.0084228515625,0.0003,0.5835162997245789
148,259.62,303104,607.47970822,9,31711,3920,-0.004950971864309395,-1.7461522959172726,0.2,4753.7896739959715,0.008098969,0.9083475023508072,0.060107421875,2219.105712890625,0.0003,0.5814858675003052
149,262.15,305152,589.53717023,9,31926,3930,-0.006338570752268425,-1.7431543238461018,0.2,6227.632057189941,0.005800331,0.8463306128978729,0.04423828125,1341.7198486328125,0.0003,0.5819068551063538
150,280.24,307200,552.3715087899999,9,32140,3940,-0.004498137676273472,-1.7389113884419203,0.2,3599.8129695892335,0.005921684,0.6654527485370636,0.03779296875,1811.8084716796875,0.0003,0.5791895389556885
151,288.02,309248,550.27043107,9,32359,3950,-0.005128739916835911,-1.7346459105610847,0.2,4195.447606658936,0.007201,0.6797388792037964,0.065087890625,1541.981201171875,0.0003,0.5801303386688232
152,261.09,311296,615.9641820400001,9,32580,3960,-0.0037574629895971157,-1.7357366852462293,0.2,6630.818865203857,0.002134863,0.7561385482549667,0.019921875,2674.239501953125,0.0003,0.5794821977615356
153,262.9,313344,616.37669525,9,32795,3970,-0.0029642980633070694,-1.7326559938490391,0.2,7195.123773574829,0.0036692047,0.796861931681633,0.017578125,2781.143310546875,0.0003,0.5788978338241577
154,249.97,315392,621.01574447,9,33021,3980,-0.0067344411480007695,-1.7353967800736427,0.2,3085.1904191970825,0.0069537074,0.7531922310590744,0.047021484375,1284.900634765625,0.0003,0.5805437564849854
155,247.98,317440,635.0060722999999,9,33240,3990,-0.005307829911180307,-1.7331432722508908,0.2,6375.640553283692,0.0039625997,0.8619795441627502,0.051025390625,2126.59423828125,0.0003,0.5773223042488098
156,255.12,319488,600.3639386400001,9,33455,4000,-0.00615433491911972,-1.7212763093411922,0.2,4340.526404762268,0.006319045,0.845702052116394,0.045263671875,1112.198974609375,0.0003,0.5742920637130737
157,265.98,321536,580.5417655800001,9,33672,4010,-0.006929467673762702,-1.720880103856325,0.2,2444.4785833358765,0.0063016396,0.909291498363018,0.063525390625,615.25830078125,0.0003,0.5778045654296875
158,280.59,323584,560.64266844,9,33885,4020,-0.002648491898435168,-1.7267284844070674,0.2,2423.637252998352,0.0040092636,0.8746417611837387,0.01357421875,502.76513671875,0.0003,0.5770578384399414
159,285.56,325632,550.36726194,9,34099,4030,-0.0061581495436257684,-1.7229838415980339,0.2,2410.5313583374023,0.0077992715,0.8608051389455795,0.0552734375,299.6973876953125,0.0003,0.5758439302444458
160,298.13,327680,521.3230330700001,9,34318,4040,-0.004310783543769503,-1.716306074336171,0.2,3339.3210609436037,0.005205675,0.7746854424476624,0.04248046875,2237.566162109375,0.0003,0.5732827186584473
161,310.33,329728,512.24781945,9,34533,4050,-0.0015161700968747028,-1.7096217833459377,0.2,5863.411580276489,0.0036845976,0.8328503519296646,0.0154296875,2989.49609375,0.0003,0.5728931427001953
162,311.53,331776,521.09998703,9,34749,4060,-0.004521573706006166,-1.7097667049616576,0.2,6001.807560157776,0.0038790228,0.7212941944599152,0.022998046875,4813.42333984375,0.0003,0.5734729766845703
163,279.86,333824,590.40065503,9,34979,4070,-0.0062875688970962075,-1.7121363200247288,0.2,4405.645286178589,0.0041023586,0.7228985726833344,0.0462890625,1388.0908203125,0.0003,0.5741181373596191
164,273.43,335872,597.51609866,9,35197,4080,-0.0038605769150308333,-1.7149070281535388,0.2,11223.578976440429,0.00521033,0.7112026512622833,0.026904296875,5841.498046875,0.0003,0.5747326612472534
165,279.1,337920,594.27067634,9,35414,4090,-0.005942325291107409,-1.7150577638298272,0.2,3884.8174589157106,0.0031616157,0.8501172810792923,0.0275390625,1717.08544921875,0.0003,0.5742796659469604
166,290.15,339968,581.9647332100001,9,35629,4100,-0.0031039424138725735,-1.7166163504123688,0.2,6393.134392929077,0.0029599632,0.7210572957992554,0.01923828125,1464.25732421875,0.0003,0.5753582715988159
167,273.29,342016,612.12070605,9,35851,4110,-0.004478382617526222,-1.7181766398251057,0.2,2486.3100003242494,0.0042641284,0.7821777015924454,0.05380859375,1077.5283203125,0.0003,0.5748363733291626
168,272.74,344064,604.55084633,9,36076,4120,-0.0024874987182556653,-1.7165048964321614,0.2,5649.854532623291,0.0056447634,0.858766496181488,0.02763671875,1311.651123046875,0.0003,0.5738129615783691
169,252.48,346112,660.67094359,9,36302,4130,-0.003969989230972715,-1.7131908621639014,0.2,4726.78393573761,0.0040039727,0.8983528539538383,0.0375,1731.302978515625,0.0003,0.5729309320449829
170,232.84,348160,684.35204964,9,36524,4140,-0.005434817426430527,-1.7101313646882772,0.2,5322.727451324463,0.0056769582,0.8345166742801666,0.0380859375,1073.1036376953125,0.0003,0.5719892978668213
171,217.63,350208,718.51251673,9,36745,4150,-0.00450882372824708,-1.7043939732015132,0.2,4636.229977989196,0.0054135984,0.8181196749210358,0.04150390625,2562.011474609375,0.0003,0.5701178312301636
172,211.08,352256,726.1014139099998,9,36963,4160,-0.0037252476649882738,-1.699865920841694,0.2,4330.702456474304,0.0036607287,0.785162940621376,0.01962890625,1768.0706787109375,0.0003,0.5694363117218018
173,213.08,354304,712.68663969,9,37185,4170,-0.004064667907368857,-1.6936374202370643,0.2,3706.6613561630247,0.0061431285,0.8029908239841461,0.05771484375,363.1558532714844,0.0003,0.5672885179519653
174,206.61,356352,715.2335382999997,9,37412,4180,-0.006394155710586347,-1.6877986088395118,0.2,4736.2894088745115,0.006139333,0.8849621340632439,0.054833984375,1320.2640380859375,0.0003,0.5660899877548218
175,206.81,358400,700.91819925,9,37631,4190,-0.003765148350794334,-1.6812780119478703,0.2,4826.801873397827,0.0033394794,0.7546719461679459,0.021435546875,2238.79541015625,0.0003,0.5630302429199219
176,189.26,360448,732.08390123,9,37857,4200,-0.004287718177511124,-1.6726873304694891,0.2,4740.087968826294,0.0037676485,0.747970849275589,0.021435546875,1272.063720703125,0.0003,0.5606558322906494
177,189.35,362496,748.1849925399999,9,38079,4210,-0.0049645396342384625,-1.6693675350397825,0.2,3996.2809997558593,0.004821012,0.8564774096012115,0.046484375,4780.8876953125,0.0003,0.5615197420120239
178,198.61,364544,741.44311172,9,38302,4220,-0.003483112795220222,-1.6682053260505199,0.2,4349.844010925293,0.004148396,0.758654311299324,0.03427734375,694.6065673828125,0.0003,0.5597835183143616
179,177.77,366592,776.8827092199999,9,38535,4230,-0.004964814760023728,-1.6656428106129169,0.2,5782.567388916015,0.005630792,0.742962121963501,0.04619140625,2896.9072265625,0.0003,0.5597532391548157
180,172.32,368640,790.1540566,9,38757,4240,-0.006671690837538336,-1.6639020405709743,0.2,5252.394109344483,0.0048209415,0.8822881579399109,0.051025390625,2618.50146484375,0.0003,0.5591188669204712
181,166.18,370688,784.3222006899999,9,38981,4250,-0.0034806738214683717,-1.6612002301961184,0.2,3562.571977806091,0.0052935584,0.8308215588331223,0.03486328125,1900.148193359375,0.0003,0.5583680272102356
182,164.33,372736,784.7691795699998,9,39212,4260,-0.008305369266599883,-1.6608656365424395,0.2,3756.0343881607055,0.007604168,0.799836128950119,0.07919921875,747.6868286132812,0.0003,0.5597579479217529
183,161.32,374784,783.5627462799999,9,39434,4270,-0.004631620874715736,-1.6621431313455104,0.2,4915.478973388672,0.0025684237,0.8682671785354614,0.02265625,3518.16650390625,0.0003,0.5586645603179932
184,160.68,376832,773.9747191700001,9,39658,4280,-0.005163692157657352,-1.6563628487288953,0.2,4289.451163482666,0.005659575,0.824797198176384,0.0416015625,1627.5601806640625,0.0003,0.5569627285003662
185,146.66,378880,810.40944624,9,39890,4290,-0.004334093476063572,-1.6554682187736034,0.2,6411.396970367432,0.0043834876,0.6900659799575806,0.017578125,1685.3662109375,0.0003,0.5586968660354614
186,150.9,380928,807.58227463,9,40120,4300,-0.004127440713637043,-1.6549401342868806,0.2,4966.355263137817,0.0033813524,0.8213914781808853,0.0515625,3076.120361328125,0.0003,0.5561277866363525
187,153.05,382976,793.7028020399999,9,40344,4310,-0.008003042671771255,-1.6477371841669082,0.2,6347.10806427002,0.0073820897,0.7616258561611176,0.067431640625,1906.352294921875,0.0003,0.5545983910560608
188,153.13,385024,798.17702762,9,40566,4320,-0.004563604506256524,-1.6439138025045394,0.2,5936.344541168213,0.0051538656,0.6684137880802155,0.036474609375,3193.700927734375,0.0003,0.5544148683547974
189,146.31,387072,804.32746729,9,40800,4330,-0.005900114804535406,-1.6448923170566558,0.2,4011.7576694488525,0.0044866567,0.8769645243883133,0.04599609375,4240.55322265625,0.0003,0.5553015470504761
190,138.35,389120,822.0623857399999,9,41031,4340,-0.0066173306084237994,-1.6453512921929359,0.2,5362.075923156738,0.0036311974,0.8663382232189178,0.040673828125,2620.523193359375,0.0003,0.5551948547363281
191,136.21,391168,803.15790086,9,41259,4350,-0.0030211662095098292,-1.6427860859781505,0.2,5982.645073699951,0.0043055206,0.7893194258213043,0.0408203125,1298.6976318359375,0.0003,0.5544596910476685
192,136.36,393216,801.47175961,9,41481,4360,-0.004291172437660862,-1.6412433601915837,0.2,5218.787657165527,0.0036031734,0.8711497932672501,0.037939453125,1857.161376953125,0.0003,0.5547623038291931
193,147.92,395264,778.26376677,9,41707,4370,-0.0037088833552843424,-1.6418027918785811,0.2,5383.607135391236,0.0047237747,0.6640408337116241,0.022900390625,1023.9417724609375,0.0003,0.5543016195297241
194,136.83,397312,795.35998989,9,41941,4380,-0.005060759495972888,-1.640127021074295,0.2,5926.136282348632,0.0049745804,0.79959836602211,0.04736328125,4127.08935546875,0.0003,0.5534524321556091
195,135.78,399360,796.81320036,9,42167,4390,-0.004598534422984813,-1.6371558643877506,0.2,2952.2184535980223,0.0054365364,0.9082956984639168,0.045849609375,1411.4835205078125,0.0003,0.5523902177810669
196,128.6,401408,818.0884772500001,9,42406,4400,-0.0035304211574839427,-1.6398823037743568,0.2,2111.7168266296385,0.00419483,0.9119109734892845,0.04130859375,1201.4669189453125,0.0003,0.5557040572166443
197,132.87,403456,834.08263717,9,42634,4410,-0.007635117456811713,-1.6408596780151128,0.2,5294.911077880859,0.009274352,0.8620679080486298,0.06748046875,1767.890625,0.0003,0.5524553060531616
198,118.86,405504,856.4869874800003,9,42867,4420,-0.006553879020793829,-1.63177108541131,0.2,3327.1439182281492,0.0050686086,0.8697124719619751,0.03583984375,1904.9874267578125,0.0003,0.5507530570030212
199,110.63,407552,853.1785938200001,9,43102,4430,-0.00582344566428219,-1.6304197829216718,0.2,2594.3142318725586,0.00558092,0.9421783238649368,0.059375,1308.721923828125,0.0003,0.5517789125442505
200,104.62,409600,865.62716218,9,43337,4440,-0.006439484290604014,-1.631986604630947,0.2,3767.3431358337402,0.0033437829,0.833488255739212,0.04306640625,890.5971069335938,0.0003,0.552045464515686
201,108.05,411648,846.53010803,9,43572,4450,-0.005681529563298681,-1.6271409410983324,0.2,4179.572555541992,0.0058027008,0.872806191444397,0.058349609375,905.68310546875,0.0003,0.548896074295044
202,105.18,413696,848.08821404,9,43802,4460,-0.0041599698000936765,-1.619337784871459,0.2,6041.314975738525,0.0043446575,0.6283109486103058,0.02705078125,2364.41748046875,0.0003,0.5480284094810486
203,105.03,415744,848.8445606,9,44036,4470,-0.00496235757964314,-1.6154818821698427,0.2,5250.364715957641,0.004439957,0.7568842619657516,0.01845703125,1277.8114013671875,0.0003,0.5465278029441833
204,105.48,417792,861.9535798300001,9,44268,4480,-0.007423940200533252,-1.6106008276343347,0.2,4482.796696758271,0.005969063,0.7674980163574219,0.043115234375,1592.6622314453125,0.0003,0.5455119013786316
205,111.25,419840,857.38303672,9,44500,4490,-0.0039056198074831627,-1.6079033996909857,0.2,4229.68376159668,0.004923336,0.8419102281332016,0.014794921875,1558.6346435546875,0.0003,0.5450094938278198
206,105.27,421888,878.521351,9,44740,4500,-0.00562873360759113,-1.6067338794469834,0.2,4691.137281417847,0.004937293,0.8431774973869324,0.041162109375,1786.4130859375,0.0003,0.5452218055725098
207,105.99,423936,861.93478281,9,44971,4510,-0.006268481024744687,-1.6026817511767149,0.2,2712.8002355575563,0.003682138,0.9067719951272011,0.035693359375,1250.1148681640625,0.0003,0.5421058535575867
208,107.23,425984,861.86222809,9,45203,4520,-0.004693229858821724,-1.5944266319274902,0.2,6691.106030654907,0.005570071,0.8155637681484222,0.028125,8953.5439453125,0.0003,0.5407549738883972
209,105.15,428032,865.02155515,9,45440,4530,-0.006469754380668746,-1.5887668024748565,0.2,1851.1290471076966,0.005264335,0.8380712419748306,0.047412109375,788.0455932617188,0.0003,0.5381764769554138
210,99.04,430080,869.8195917600001,9,45679,4540,-0.004212574379926082,-1.584723586961627,0.2,2327.814569091797,0.0047871647,0.9032449051737785,0.05302734375,497.0032653808594,0.0003,0.5381937623023987
211,100.73,432128,852.8382432300001,9,45915,4550,-0.007632752718927804,-1.5841658648103476,0.2,2318.2261629104614,0.0062944614,0.8720719963312149,0.056591796875,872.978759765625,0.0003,0.538265585899353
212,96.84,434176,858.6718249099998,9,46153,4560,-0.00451995375478873,-1.582237034663558,0.2,4101.6490501403805,0.0036859163,0.7511672526597977,0.0171875,1491.7655029296875,0.0003,0.5371884703636169
213,87.23,436224,864.3793716000001,9,46395,4570,-0.005035587483143899,-1.5763370402157306,0.2,4221.049316024781,0.004632012,0.8731098026037216,0.03603515625,1060.876220703125,0.0003,0.5349671840667725
214,90.54,438272,844.1358726500001,9,46635,4580,-0.004902413674426498,-1.5697223886847496,0.2,1583.1907041549682,0.00746459,0.9473019130527973,0.101611328125,818.5391235351562,0.0003,0.5330318212509155
215,88.31,440320,847.5569349199999,9,46871,4590,-0.005586624167335685,-1.5700355593115092,0.2,1486.9021347045898,0.0064478675,0.9390679933130741,0.064404296875,409.0539245605469,0.0003,0.5360506176948547
216,87.46,442368,861.6914876100001,9,47109,4600,-0.002552860708965454,-1.5774277295917272,0.2,6846.256872749329,0.004985797,0.6148770153522491,0.02353515625,1760.88623046875,0.0003,0.537451982498169
217,90.59,444416,828.36952269,9,47347,4610,-0.003432589478325099,-1.5789933815598487,0.2,2245.486969566345,0.004403784,0.9178084954619408,0.02841796875,605.2267456054688,0.0003,0.5366559624671936
218,93.2,446464,840.61954927,9,47583,4620,-0.004006275690335315,-1.5744994070380927,0.2,6318.630895614624,0.0027320252,0.6946662962436676,0.01416015625,2139.44921875,0.0003,0.5354796648025513
219,90.36,448512,859.44528668,9,47823,4630,-0.006461518117430387,-1.5712907239794731,0.2,3797.7678844451902,0.0055931895,0.8533682227134705,0.039990234375,1402.5770263671875,0.0003,0.5345618724822998
220,92.43,450560,813.3821226599998,9,48062,4640,-0.00791238127858378,-1.5673734586685897,0.2,2237.3425703048706,0.006657215,0.8936920985579491,0.084375,699.2443237304688,0.0003,0.5343054533004761
221,91.87,452608,856.2313477,9,48298,4650,-0.003921980359882582,-1.567767771705985,0.2,3566.424305152893,0.0053174263,0.7705932855606079,0.053076171875,576.6520385742188,0.0003,0.5344032645225525
222,91.32,454656,844.2832587700001,9,48537,4660,-0.005806151749857236,-1.566628709435463,0.2,1728.6888519287108,0.0045335917,0.9298373237252235,0.05107421875,1367.9620361328125,0.0003,0.5332756042480469
223,89.53,456704,815.4798387500002,9,48778,4670,-0.0034613747149705885,-1.5603849191218615,0.2,2794.701643753052,0.0032533943,0.888816587626934,0.026318359375,911.0975341796875,0.0003,0.5310026407241821
224,91.36,458752,797.04950951,9,49014,4680,-0.005238452983030583,-1.5544436473399401,0.2,2637.3282712936402,0.0029148622,0.8455696702003479,0.030615234375,780.138671875,0.0003,0.5306211709976196
225,88.65,460800,785.4502363500002,9,49254,4690,-0.0063803770113736395,-1.5539439391344785,0.2,6223.734177780151,0.0057129357,0.8186912685632706,0.03564453125,2612.147216796875,0.0003,0.5302351713180542
226,88.44,462848,786.00704719,9,49493,4700,-0.005477596660057316,-1.5524167969822884,0.2,4905.079545974731,0.0071650026,0.8269352912902832,0.041455078125,932.15771484375,0.0003,0.5301861763000488
227,89.01,464896,816.8282905599999,9,49734,4710,-0.003878173038174282,-1.5495817348361016,0.2,2942.6374631881713,0.004184369,0.8944324478507042,0.028173828125,715.2251586914062,0.0003,0.5285860896110535
228,85.91,466944,865.9330165899999,9,49973,4720,-0.00562952899854281,-1.5461004301905632,0.2,2091.9106756210326,0.0034636818,0.9027073085308075,0.040869140625,946.0718994140625,0.0003,0.5276082158088684
229,93.33,468992,859.2202154600001,9,50201,4730,-0.004084360932029085,-1.5411982864141465,0.2,2575.7208780288697,0.005462415,0.8508576601743698,0.053662109375,695.6687622070312,0.0003,0.5263164639472961
230,92.64,471040,875.0794580200001,9,50441,4740,-0.0029290858830790965,-1.5368261206895113,0.2,7928.562252807617,0.004532166,0.7780905216932297,0.02177734375,3709.806884765625,0.0003,0.5253733396530151
231,93.27,473088,875.7613207,9,50681,4750,-0.005656617337081116,-1.5320207100361585,0.2,2870.5788843154905,0.0065708025,0.79303278028965,0.0619140625,946.6766357421875,0.0003,0.5233327150344849
232,97.89,475136,870.08658524,9,50915,4760,-0.005092468242219183,-1.5243283506482839,0.2,1600.6298988342285,0.0065939603,0.9264769703149796,0.054541015625,701.931884765625,0.0003,0.5210840106010437
233,92.46,477184,891.34922007,9,51154,4770,-0.004239627286369796,-1.5156759511679412,0.2,1708.3091405868531,0.008367719,0.8172361552715302,0.0404296875,447.9483642578125,0.0003,0.5188007354736328
234,90.01,479232,907.9315809499999,9,51394,4780,-0.0071080091234762225,-1.5073123104870318,0.2,1290.8037040710449,0.006264313,0.9538157843053341,0.064404296875,383.54669189453125,0.0003,0.5175553560256958
235,87.81,481280,895.1276163600003,9,51636,4790,-0.002742027370550204,-1.504941302165389,0.2,1259.49347782135,0.005032062,0.8993806317448616,0.03271484375,636.48095703125,0.0003,0.5174111127853394
236,85.48,483328,894.8630476699999,9,51876,4800,-0.006655737805704121,-1.50717969276011,0.2,2557.1137642860413,0.006155854,0.8963546603918076,0.066650390625,380.3346252441406,0.0003,0.5183553695678711
237,84.53,485376,894.7844797600001,9,52116,4810,-0.006290541958878748,-1.5092034175992013,0.2,1671.5787853240968,0.005956023,0.9084568619728088,0.05048828125,295.84600830078125,0.0003,0.5180355310440063
238,82.42,487424,896.71375927,9,52359,4820,-0.007841426370578119,-1.5047786757349968,0.2,1252.8461762428283,0.0076269484,0.9471137933433056,0.066650390625,812.4064331054688,0.0003,0.515921950340271
239,79.62,489472,914.1850364300001,9,52602,4830,-0.0038585970396525227,-1.4968473441898822,0.2,790.4416259765625,0.008114713,0.9677043184638023,0.09931640625,293.3287353515625,0.0003,0.5139142870903015
240,79.48,491520,900.0740882800002,9,52843,4840,-0.0033086624891438985,-1.484633109346032,0.2,516.3248658180237,0.007660838,0.9724997747689486,0.092138671875,282.3747863769531,0.0003,0.5096256732940674
241,80.78,493568,898.2580064800001,9,53083,4850,-0.003628196514910087,-1.472918600589037,0.2,3581.7497882843018,0.006641886,0.757086768746376,0.07587890625,2508.736083984375,0.0003,0.5091760754585266
242,83.23,495616,896.2330092099999,9,53323,4860,-0.005064789958123583,-1.477557424083352,0.2,1043.7042335987092,0.007954551,0.9438308477401733,0.069091796875,307.3741149902344,0.0003,0.5127177238464355
243,85.98,497664,895.2849834200001,9,53560,4870,-0.0066566945250087885,-1.4806322202086448,0.2,1264.3296363830566,0.008169196,0.9151220470666885,0.08115234375,295.5601501464844,0.0003,0.5102317333221436
244,82.34,499712,916.3922117899998,9,53808,4880,-0.006469818750338164,-1.4732368875294923,0.2,1272.6103775978088,0.0076717637,0.9188977852463722,0.06171875,413.04400634765625,0.0003,0.5103714466094971
245,79.32,501760,919.6294737,9,54054,4890,-0.006577147369534941,-1.4640242736786604,0.2,402.79458689689636,0.007886775,0.9733640048652887,0.137841796875,138.17941284179688,0.0003,0.5052831172943115
