rollout/ep_len_mean,time/fps,rollout/exploration_rate,rollout/ep_rew_mean,time/episodes,time/time_elapsed,time/total_timesteps,train/learning_rate,train/loss,train/n_updates
161.75,9,0.9877069999999999,-985.7850947499999,4,70,647,,,
176.625,9,0.973153,-798.4465143749999,8,152,1413,,,
161.58333333333334,9,0.9631589999999995,-806.7265379999999,12,209,1939,,,
147.625,9,0.9551220000000005,-781.5441548125,16,256,2362,,,
162.7,9,0.9381740000000004,-867.2996550499998,20,350,3254,,,
165.33333333333334,9,0.9246079999999994,-934.4687335833332,24,427,3968,,,
157.85714285714286,9,0.9160200000000004,-921.7145006071429,28,477,4420,,,
165.28125,9,0.8995090000000002,-884.1565466249999,32,568,5289,,,
164.36111111111111,9,0.8875769999999998,-899.8188530833332,36,636,5917,,,
185.025,9,0.8593810000000002,-1004.7070018749998,40,790,7401,,,
183.70454545454547,9,0.8464229999999999,-990.490319431818,44,863,8083,,,
185.39583333333334,9,0.8309190000000002,-998.5480316875,48,950,8899,,,
192.90384615384616,9,0.8094109999999998,-1025.9140231730767,52,1068,10031,,,
190.375,9,0.7974410000000005,-1029.5309917142858,56,1136,10661,,,
189.35,9,0.7841409999999998,-1028.8750097833336,60,1210,11361,,,
189.109375,9,0.7700430000000005,-1038.460993578125,64,1290,12103,,,
188.86764705882354,9,0.7559830000000002,-1048.4963735294118,68,1369,12843,,,
183.59722222222223,9,0.7488390000000005,-1042.8477675555557,72,1411,13219,,,
179.80263157894737,9,0.7403650000000004,-1033.4493954736845,76,1461,13665,,,
181.7625,9,0.7237209999999995,-1039.4937403625,80,1553,14541,,,
179.51190476190476,9,0.7134989999999999,-1036.6976280714287,84,1612,15079,,,
178.23863636363637,9,0.7019849999999999,-1005.4254497613637,88,1677,15685,,,
178.79347826086956,9,0.6874690000000001,-1011.5767955978262,92,1759,16449,,,
178.76041666666666,9,0.6739410000000003,-1017.9113303541667,96,1835,17161,,,
175.61,9,0.6663410000000002,-1005.99590885,100,1880,17561,,,
178.34,9,0.6488609999999996,-1009.6258404699998,104,1977,18481,,,
176.72,9,0.6373849999999996,-1026.6602611500002,108,2042,19085,,,
179.3,9,0.6224889999999996,-1047.0624090200001,112,2126,19869,,,
181.45,9,0.6103670000000001,-1059.50146094,116,2195,20507,,,
181.11,9,0.5940649999999996,-1073.7001785100001,120,2286,21365,,,
181.37,9,0.5800050000000003,-1074.37942608,124,2364,22105,,,
182.95,9,0.5684150000000003,-1088.93045202,128,2430,22715,,,
180.8,9,0.5559890000000005,-1104.5084375699998,132,2500,23369,,,
181.4,9,0.5429170000000001,-1104.1753575100001,136,2574,24057,,,
171.14,9,0.5342149999999999,-1067.28040022,140,2625,24515,,,
168.68,9,0.5259309999999999,-1064.0820909600002,144,2674,24951,,,
167.72,9,0.512251,-1057.5213203200003,148,2750,25671,,,
165.76,9,0.4944670000000002,-1041.6929052,152,2849,26607,,,
164.84,9,0.4842450000000006,-1033.56704415,156,2908,27145,,,
164.18,9,0.47219900000000004,-1032.8714541399997,160,2976,27779,,,
161.96,9,0.4623189999999997,-1028.09005634,164,3033,28299,,,
162.36,9,0.44749899999999965,-1025.26356896,168,3116,29079,,,
164.08,9,0.4370869999999998,-1021.18477889,172,3176,29627,,,
167.16,9,0.4227610000000003,-1027.89218621,176,3256,30381,,,
162.12,9,0.41569300000000053,-1008.1322092200003,180,3298,30753,,,
163.7,9,0.40246899999999997,-1000.2290264,184,3373,31449,,,
162.32,9,0.3935770000000005,-1014.4599464799999,188,3425,31917,,,
162.84,9,0.3780729999999999,-1010.02883017,192,3511,32733,,,
160.84,9,0.3683450000000006,-992.2254498499999,196,3567,33245,,,
165.38,9,0.3521190000000003,-1000.8466695800001,200,3658,34099,,,
165.24,9,0.3349049999999999,-1010.87131905,204,3753,35005,,,
168.06,9,0.3180709999999999,-1012.70909389,208,3847,35891,,,
167.38,9,0.30446700000000004,-991.5068847999999,212,3923,36607,,,
166.26,9,0.29447300000000065,-983.0799103,216,3981,37133,,,
166.26,9,0.27817100000000006,-945.7993476299998,220,4071,37991,,,
165.1,9,0.26631499999999986,-937.2347567300001,224,4139,38615,,,
163.94,9,0.2569290000000001,-921.29283789,228,4193,39109,,,
167.86,9,0.23705500000000013,-918.94495216,232,4302,40155,,,
171.12,9,0.2177889999999999,-940.7268452499998,236,4409,41169,,,
173.86,9,0.20388099999999965,-936.0699096499999,240,4487,41901,,,
177.7,9,0.18830099999999983,-939.7394282299999,244,4574,42721,,,
177.22,9,0.17553299999999983,-939.4355647100002,248,4646,43393,,,
174.08,9,0.1637149999999995,-948.0347035900002,252,4713,44015,,,
173.78,9,0.1540630000000005,-949.8875951699999,256,4769,44523,,,
174.88,9,0.13992700000000013,-962.1325771899997,260,4848,45267,,,
176.2,9,0.1275390000000003,-959.83531201,264,4919,45919,,,
178.16,9,0.10899499999999973,-966.7479366900001,268,5021,46895,,,
181.3,9,0.09261700000000028,-975.82778043,272,5113,47757,,,
177.3,9,0.08589099999999983,-964.35928047,276,5153,48111,,,
186.4,9,0.06153299999999973,-1000.03938075,280,5286,49393,,,
186.52,9,0.05,-1013.9614716599999,284,5362,50101,0.0001,2.144052743911743,25
188.34,9,0.05,-1029.0266319500001,288,5432,50751,0.0001,1.6807430982589722,187
190.66,9,0.05,-1037.55565002,292,5542,51799,0.0001,0.7934001684188843,449
200.38,9,0.05,-1078.2880443899999,296,5695,53283,0.0001,0.8543254137039185,820
196.5,9,0.05,-1082.39842287,300,5747,53749,0.0001,0.8744847774505615,937
192.76,9,0.05,-1071.8476990699999,304,5805,54281,0.0001,16.193843841552734,1070
195.12,9,0.05,-1082.2173778099998,308,5922,55403,0.0001,16.351049423217773,1350
202.64,9,0.05,-1117.89623104,312,6074,56871,0.0001,0.5430742502212524,1717
202.16,9,0.05,-1119.40645,316,6127,57349,0.0001,0.4080473780632019,1837
207.86,9,0.05,-1152.7336248200002,320,6275,58777,0.0001,0.3698294758796692,2194
213.7,9,0.05,-1135.3963861700001,324,6401,59985,0.0001,0.16836747527122498,2496
217.32,9,0.05,-1154.85679874,328,6491,60841,0.0001,0.4440327286720276,2710
225.92,9,0.05,-1194.10292359,332,6687,62747,0.0001,0.41601601243019104,3186
233.3,9,0.05,-1210.78085119,336,6868,64499,0.0001,0.2230626940727234,3624
237.9,9,0.05,-1234.24455693,340,6992,65691,0.0001,0.28350767493247986,3922
235.32,9,0.05,-1239.26045167,344,7053,66253,0.0001,0.20540472865104675,4063
235.26,9,0.05,-1247.75846538,348,7125,66919,0.0001,0.16197270154953003,4229
246.16,9,0.05,-1291.88088066,352,7301,68631,0.0001,0.19774888455867767,4657
248.72,9,0.05,-1306.35465559,356,7383,69395,0.0001,0.24659129977226257,4848
247.08,9,0.05,-1287.56762129,360,7446,69975,0.0001,15.661078453063965,4993
249.5,9,0.05,-1289.5222356699999,364,7540,70869,0.0001,15.770275115966797,5217
248.0,9,0.05,-1278.23064835,368,7628,71695,0.0001,0.2060801386833191,5423
249.9,9,0.05,-1301.76738288,372,7738,72747,0.0001,0.29368773102760315,5686
263.66,9,0.05,-1340.2519751500001,376,7916,74477,0.0001,0.22625869512557983,6119
259.75,9,0.05,-1331.31128317,380,8010,75368,0.0001,0.26192718744277954,6341
264.91,9,0.05,-1338.7064807699999,384,8138,76592,0.0001,0.28378766775131226,6647
266.89,9,0.05,-1335.65659801,388,8228,77440,0.0001,0.12628954648971558,6859
261.41,9,0.05,-1321.78245728,392,8283,77940,0.0001,0.1041155457496643,6984
265.09,9,0.05,-1341.6873229000003,396,8473,79792,0.0001,0.18205294013023376,7447
274.17,9,0.05,-1354.7651851599994,400,8616,81166,0.0001,0.168191596865654,7791
273.79,9,0.05,-1343.26501582,404,8670,81660,0.0001,0.17686329782009125,7914
282.05,9,0.05,-1355.67083828,408,8870,83608,0.0001,15.351435661315918,8401
278.37,9,0.05,-1309.6375543499998,412,8985,84708,0.0001,0.27064967155456543,8676
282.67,9,0.05,-1323.21702385,416,9081,85616,0.0001,0.15405134856700897,8903
285.15,9,0.05,-1342.1964452099999,420,9254,87292,0.0001,0.1956125795841217,9322
277.36,9,0.05,-1349.2560887200004,424,9301,87721,0.0001,0.14418762922286987,9430
280.92,9,0.05,-1352.88726051,428,9428,88933,0.0001,0.16520366072654724,9733
270.22,9,0.05,-1329.0454734199998,432,9516,89769,0.0001,0.17305715382099152,9942
259.22,9,0.05,-1296.2039323899999,436,9586,90421,0.0001,0.21486032009124756,10105
270.2,9,0.05,-1355.8491482999996,440,9821,92711,0.0001,0.27099114656448364,10677
277.58,9,0.05,-1356.7578506300001,444,9956,94011,0.0001,0.2160417139530182,11002
283.36,9,0.05,-1344.0627313800005,448,10085,95255,0.0001,0.13743434846401215,11313
277.12,9,0.05,-1307.0126208200002,452,10199,96343,0.0001,0.1727067232131958,11585
273.28,9,0.05,-1287.0357432800001,456,10242,96723,0.0001,0.1699657440185547,11680
273.88,9,0.05,-1298.8077653300002,460,10311,97363,0.0001,0.21407142281532288,11840
281.1,9,0.05,-1325.4590083299997,464,10478,98979,0.0001,0.20532868802547455,12244
276.22,9,0.05,-1311.71424818,468,10516,99317,0.0001,0.16874507069587708,12329
283.2,9,0.05,-1342.77447305,472,10696,101067,0.0001,0.1730656623840332,12766
276.64,9,0.05,-1343.4879621699997,476,10809,102141,0.0001,0.17483142018318176,13035
279.51,9,0.05,-1355.59524299,480,10932,103319,0.0001,0.15275105834007263,13329
272.83,9,0.05,-1341.5144501000002,484,10993,103875,0.0001,0.12378239631652832,13468
284.41,9,0.05,-1386.6444865,488,11199,105881,0.0001,0.22409255802631378,13970
286.21,9,0.05,-1391.72474406,492,11272,106561,0.0001,0.1249978318810463,14140
276.73,9,0.05,-1356.0685162299997,496,11367,107465,0.0001,0.09846501797437668,14366
273.79,9,0.05,-1323.38053326,500,11480,108545,0.0001,0.15816745162010193,14636
277.21,9,0.05,-1340.72664624,504,11569,109381,0.0001,0.22431698441505432,14845
267.61,9,0.05,-1326.48341867,508,11673,110369,0.0001,15.485994338989258,15092
265.37,9,0.05,-1364.2783214500002,512,11765,111245,0.0001,0.16535194218158722,15311
261.19,9,0.05,-1353.1321127200001,516,11819,111735,0.0001,0.27825334668159485,15433
247.98,9,0.05,-1308.9846222,520,11860,112090,0.0001,0.20927192270755768,15522
249.59,9,0.05,-1317.15842125,524,11924,112680,0.0001,0.23869222402572632,15669
248.29,9,0.05,-1282.41445924,528,12037,113762,0.0001,0.11676070839166641,15940
245.99,9,0.05,-1247.45890677,532,12102,114368,0.0001,0.18003234267234802,16091
253.63,9,0.05,-1259.3845704000005,536,12249,115784,0.0001,15.054047584533691,16445
235.21,9,0.05,-1172.9046920699998,540,12299,116232,0.0001,0.1953045278787613,16557
232.15,9,0.05,-1192.4781581299999,544,12404,117226,0.0001,15.563072204589844,16806
230.01,9,0.05,-1228.61850934,548,12512,118256,0.0001,0.11765006184577942,17063
228.91,9,0.05,-1232.7116353199997,552,12615,119234,0.0001,0.12553143501281738,17308
229.73,9,0.05,-1231.02271141,556,12666,119696,0.0001,0.12851524353027344,17423
232.13,9,0.05,-1224.0640198800002,560,12759,120576,0.0001,0.24114079773426056,17643
228.81,9,0.05,-1237.34260334,564,12893,121860,0.0001,0.11177744716405869,17964
233.51,9,0.05,-1259.34417937,568,12979,122668,0.0001,0.23879194259643555,18166
224.94,9,0.05,-1182.2394138299999,572,13073,123561,0.0001,0.17239536345005035,18390
222.58,9,0.05,-1156.45373705,576,13162,124399,0.0001,0.18147151172161102,18599
224.64,9,0.05,-1145.39134814,580,13305,125783,0.0001,0.11479669064283371,18945
227.42,9,0.05,-1153.3928673199998,584,13394,126617,0.0001,0.09821918606758118,19154
214.88,9,0.05,-1107.5057071200001,588,13474,127369,0.0001,0.27422988414764404,19342
213.1,9,0.05,-1101.50125011,592,13529,127871,0.0001,0.14149776101112366,19467
215.16,9,0.05,-1105.607569,596,13645,128981,0.0001,0.09703659266233444,19745
213.89,9,0.05,-1106.17784519,600,13745,129934,0.0001,0.09161660075187683,19983
209.49,9,0.05,-1089.30674677,604,13790,130330,0.0001,0.29976141452789307,20082
203.43,9,0.05,-1066.8529826999998,608,13833,130712,0.0001,0.13037271797657013,20177
208.02,9,0.05,-1054.5297073299998,612,13972,132047,0.0001,0.15110109746456146,20511
209.14,9,0.05,-1053.03414728,616,14037,132649,0.0001,0.1486475020647049,20662
220.89,9,0.05,-1084.9905777300003,620,14195,134179,0.0001,0.24994245171546936,21044
222.1,9,0.05,-1087.48260881,624,14271,134890,0.0001,0.11432314664125443,21222
221.4,9,0.05,-1121.92357184,628,14377,135902,0.0001,15.036836624145508,21475
219.28,9,0.05,-1130.29368043,632,14422,136296,0.0001,0.1452898234128952,21573
212.52,9,0.05,-1115.93209597,636,14501,137036,0.0001,0.29907384514808655,21758
218.36,9,0.05,-1144.2786355599999,640,14609,138068,0.0001,0.2097242921590805,22016
212.53,9,0.05,-1111.6808677000001,644,14655,138479,0.0001,0.07277771830558777,22119
215.75,9,0.05,-1121.22001396,648,14796,139831,0.0001,0.07715294510126114,22457
218.89,9,0.05,-1105.34822218,652,14930,141123,0.0001,15.506056785583496,22780
223.73,9,0.05,-1103.21664037,656,15030,142069,0.0001,0.15692013502120972,23017
221.59,9,0.05,-1100.24247102,660,15101,142735,0.0001,0.12985214591026306,23183
217.59,9,0.05,-1043.26723868,664,15195,143619,0.0001,0.07557233422994614,23404
213.75,9,0.05,-1030.42677362,668,15242,144043,0.0001,0.24790151417255402,23510
209.64,9,0.05,-1041.1768369600002,672,15296,144525,0.0001,0.1153176873922348,23631
206.68,9,0.05,-1035.57449661,676,15355,145067,0.0001,0.0617339089512825,23766
197.28,9,0.05,-1007.4976436300001,680,15404,145511,0.0001,0.13440382480621338,23877
192.38,9,0.05,-991.7304230100001,684,15444,145855,0.0001,0.03253903239965439,23963
190.0,9,0.05,-985.2238871,688,15500,146369,0.0001,0.10039960592985153,24092
195.01,9,0.05,-976.42050197,692,15606,147372,0.0001,0.22481083869934082,24342
187.05,9,0.05,-945.81944679,696,15642,147686,0.0001,0.1000409722328186,24421
187.04,9,0.05,-984.30009796,700,15742,148638,0.0001,0.1346302330493927,24659
189.31,9,0.05,-988.0531805399997,704,15810,149261,0.0001,14.297608375549316,24815
193.79,9,0.05,-991.3772657,708,15898,150091,0.0001,0.39234408736228943,25022
190.0,9,0.05,-991.5047328600001,712,15998,151047,0.0001,0.2364320605993271,25261
193.3,9,0.05,-1011.0078226800001,716,16097,151979,0.0001,0.10196267068386078,25494
187.94,9,0.05,-993.5446139899999,720,16201,152973,0.0001,0.24702419340610504,25743
191.38,9,0.05,-988.5866803199999,724,16312,154028,0.0001,0.142345130443573,26006
186.16,9,0.05,-973.3102293000001,728,16366,154518,0.0001,0.08305379748344421,26129
185.36,9,0.05,-976.7094084700001,732,16402,154832,0.0001,0.07213779538869858,26207
187.94,9,0.05,-975.2893403799999,736,16507,155830,0.0001,0.07162991166114807,26457
183.58,9,0.05,-954.0069681,740,16571,156426,0.0001,0.11171393096446991,26606
189.41,9,0.05,-979.4866694400001,744,16676,157420,0.0001,0.0852677971124649,26854
188.61,9,0.05,-958.6005034500001,748,16808,158692,0.0001,0.05188818275928497,27172
184.55,9,0.05,-955.5795632799999,752,16902,159578,0.0001,0.0819975882768631,27394
185.31,9,0.05,-970.3653220499999,756,17009,160600,0.0001,0.27844351530075073,27649
185.75,9,0.05,-973.5140691000001,760,17085,161310,0.0001,0.22580423951148987,27827
182.79,9,0.05,-989.5069895699999,764,17149,161898,0.0001,0.1821766197681427,27974
187.07,9,0.05,-999.6010996,768,17239,162750,0.0001,0.21175280213356018,28187
197.07,9,0.05,-1056.4305113300002,772,17393,164232,0.0001,0.052121058106422424,28557
204.99,9,0.05,-1089.74750693,776,17531,165566,0.0001,0.10734471678733826,28891
207.97,9,0.05,-1102.20382666,780,17611,166308,0.0001,0.06571479141712189,29076
211.31,9,0.05,-1113.37411841,784,17684,166986,0.0001,30.42807960510254,29246
221.53,9,0.05,-1157.7286760599998,788,17842,168522,0.0001,0.09077228605747223,29630
217.08,9,0.05,-1163.3448816700002,792,17903,169080,0.0001,14.114195823669434,29769
219.04,9,0.05,-1166.14979128,796,17959,169590,0.0001,0.15714986622333527,29897
218.3,9,0.05,-1168.14880196,800,18052,170468,0.0001,0.21989679336547852,30116
222.11,9,0.05,-1180.37986415,804,18157,171472,0.0001,0.1450345367193222,30367
225.14,9,0.05,-1224.3377860399999,808,18276,172605,0.0001,0.0795808956027031,30651
224.2,9,0.05,-1224.07941735,812,18367,173467,0.0001,0.09938019514083862,30866
229.5,9,0.05,-1232.85724586,816,18518,174929,0.0001,0.10514192283153534,31232
223.94,9,0.05,-1212.0905124199999,820,18567,175367,0.0001,0.19324670732021332,31341
219.02,9,0.05,-1189.02560813,824,18629,175930,0.0001,0.06565258651971817,31482
218.02,9,0.05,-1180.85153965,828,18673,176320,0.0001,14.946212768554688,31579
226.37,9,0.05,-1172.4676785099998,832,18793,177469,0.0001,0.21946316957473755,31867
223.43,9,0.05,-1166.09009548,836,18868,178173,0.0001,0.12089739739894867,32043
223.12,9,0.05,-1172.80019514,840,18930,178738,0.0001,0.09493853151798248,32184
223.84,9,0.05,-1181.0489745500001,844,19042,179804,0.0001,0.10203616321086884,32450
222.44,9,0.05,-1192.29371222,848,19160,180936,0.0001,0.21536758542060852,32733
231.65,9,0.05,-1206.6210081899999,852,19346,182743,0.0001,0.0864555835723877,33185
228.53,9,0.05,-1207.29407411,856,19422,183453,0.0001,0.12187933176755905,33363
228.09,9,0.05,-1199.38540457,860,19494,184119,0.0001,0.12425398826599121,33529
228.09,9,0.05,-1192.4688402800002,864,19558,184707,0.0001,0.353920042514801,33676
228.55,9,0.05,-1186.60945588,868,19653,185605,0.0001,0.06403082609176636,33901
220.85,9,0.05,-1139.08243683,872,19729,186317,0.0001,0.1579330861568451,34079
221.95,9,0.05,-1130.0579299199999,876,19878,187761,0.0001,14.769743919372559,34440
221.55,9,0.05,-1136.5030989699999,880,19954,188463,0.0001,0.05934479832649231,34615
222.53,9,0.05,-1139.56238769,884,20036,189239,0.0001,0.10288645327091217,34809
215.5,9,0.05,-1088.42576572,888,20125,190072,0.0001,1.1416471004486084,35017
227.81,9,0.05,-1103.73643393,892,20309,191861,0.0001,31.74595832824707,35465
233.59,9,0.05,-1108.8229688600002,896,20423,192949,0.0001,0.21699945628643036,35737
230.96,9,0.05,-1080.4361213500001,900,20489,193564,0.0001,0.2521509826183319,35890
229.52,9,0.05,-1073.40250738,904,20581,194424,0.0001,0.0633384957909584,36105
228.27,9,0.05,-1018.11363063,908,20686,195432,0.0001,0.17019188404083252,36357
233.01,9,0.05,-1054.99046444,912,20825,196768,0.0001,0.22983013093471527,36691
225.25,9,0.05,-1021.4381038399999,916,20899,197454,0.0001,0.35521137714385986,36863
224.71,9,0.05,-1013.2860322699999,920,20942,197838,0.0001,0.12990030646324158,36959
228.5,9,0.05,-1052.1663797500003,924,21042,198780,0.0001,0.08615037798881531,37194
228.66,9,0.05,-1051.19031448,928,21087,199186,0.0001,0.09053968638181686,37296
224.83,9,0.05,-1062.9170409600001,932,21169,199952,0.0001,0.08375698328018188,37487
225.03,9,0.05,-1067.76291389,936,21247,200676,0.0001,0.18443167209625244,37668
226.69,9,0.05,-1064.93481248,940,21325,201407,0.0001,0.13666316866874695,37851
223.53,9,0.05,-1041.42910474,944,21405,202157,0.0001,0.17049990594387054,38039
219.85,9,0.05,-1008.9714416299998,948,21486,202921,0.0001,0.12213005125522614,38230
206.59,9,0.05,-979.0954397500001,952,21539,203402,0.0001,0.07727760076522827,38350
210.89,9,0.05,-1000.2062983000002,956,21658,204542,0.0001,13.72126293182373,38635
211.81,9,0.05,-1010.47362578,960,21739,205300,0.0001,0.13585475087165833,38824
211.69,9,0.05,-1013.80739986,964,21802,205876,0.0001,0.2901473641395569,38968
207.63,9,0.05,-1002.6689647800001,968,21856,206368,0.0001,0.11757150292396545,39091
208.77,9,0.05,-1019.8592132000001,972,21944,207194,0.0001,0.21024562418460846,39298
201.37,9,0.05,-980.0685505,976,22019,207898,0.0001,0.1783716380596161,39474
202.85,9,0.05,-982.7911362099999,980,22109,208748,0.0001,14.992579460144043,39686
201.88,9,0.05,-956.4920368200001,984,22182,209427,0.0001,0.12741610407829285,39856
201.68,9,0.05,-950.48580963,988,22269,210240,0.0001,0.2646837532520294,40059
189.67,9,0.05,-939.722567,992,22333,210828,0.0001,0.06960694491863251,40206
191.55,9,0.05,-984.8765792199999,996,22465,212104,0.0001,0.1461697816848755,40525
193.74,9,0.05,-989.25038268,1000,22554,212938,0.0001,0.19707831740379333,40734
197.04,9,0.05,-1017.62156554,1004,22678,214128,0.0001,31.762821197509766,41031
196.7,9,0.05,-1026.14523993,1008,22780,215102,0.0001,0.11494500190019608,41275
187.15,9,0.05,-952.1222208400001,1012,22823,215483,0.0001,0.1698700487613678,41370
182.87,9,0.05,-945.75623818,1016,22854,215741,0.0001,0.0969671905040741,41435
182.1,9,0.05,-955.6482202399999,1020,22890,216048,0.0001,0.1351345181465149,41511
177.35,9,0.05,-940.3690663199999,1024,22942,216515,0.0001,0.13951373100280762,41628
178.93,9,0.05,-932.1695097600001,1028,23003,217079,0.0001,13.373697280883789,41769
174.75,9,0.05,-909.9249945799997,1032,23043,217427,0.0001,0.11592087149620056,41856
174.91,9,0.05,-913.8882642999998,1036,23122,218167,0.0001,0.11060211062431335,42041
174.12,9,0.05,-903.9286788600001,1040,23192,218819,0.0001,0.10691583901643753,42204
175.82,9,0.05,-921.4353952100001,1044,23289,219739,0.0001,0.12349095195531845,42434
177.32,9,0.05,-935.0565751,1048,23385,220653,0.0001,0.13719108700752258,42663
177.49,9,0.05,-950.7427497700003,1052,23441,221151,0.0001,0.20920430123806,42787
173.95,9,0.05,-934.2550427900002,1056,23524,221937,0.0001,0.18586604297161102,42984
173.31,9,0.05,-917.31666645,1060,23599,222631,0.0001,0.17970848083496094,43157
175.13,9,0.05,-925.2163082099999,1064,23680,223389,0.0001,0.11014235764741898,43347
180.15,9,0.05,-935.4246979000001,1068,23784,224383,0.0001,0.11364199221134186,43595
179.69,9,0.05,-918.04885649,1072,23867,225163,0.0001,0.12951162457466125,43790
183.35,9,0.05,-935.1103173099999,1076,23979,226233,0.0001,0.1625654697418213,44058
179.49,9,0.05,-916.9241420899999,1080,24031,226697,0.0001,14.3021240234375,44174
180.1,9,0.05,-948.74982087,1084,24110,227437,0.0001,0.08590719848871231,44359
185.75,9,0.05,-997.69370708,1088,24253,228815,0.0001,0.10014013200998306,44703
184.67,9,0.05,-993.3274437800001,1092,24306,229295,0.0001,0.15067677199840546,44823
176.87,9,0.05,-949.10130254,1096,24361,229791,0.0001,0.1013759970664978,44947
175.75,9,0.05,-955.7729840100002,1100,24438,230513,0.0001,0.27337998151779175,45128
173.91,9,0.05,-941.8758906600001,1104,24544,231519,0.0001,0.16338056325912476,45379
167.67,9,0.05,-905.42713541,1108,24584,231869,0.0001,0.07574081420898438,45467
180.04,9,0.05,-943.6814830700001,1112,24751,233487,0.0001,0.07213862985372543,45871
199.32,9,0.05,-958.3011221800001,1116,24975,235673,0.0001,14.548440933227539,46418
206.93,9,0.05,-970.85675957,1120,25087,236741,0.0001,0.08740438520908356,46685
206.92,9,0.05,-960.40484618,1124,25139,237207,0.0001,0.08219064772129059,46801
207.65,9,0.05,-951.95355553,1128,25208,237844,0.0001,0.11794904619455338,46960
207.83,9,0.05,-974.0414871699998,1132,25249,238210,0.0001,0.13969700038433075,47052
206.47,9,0.05,-965.8567151500001,1136,25315,238814,0.0001,0.1817249208688736,47203
211.15,9,0.05,-991.9828099900001,1140,25432,239934,0.0001,0.12075529992580414,47483
205.61,9,0.05,-951.37708306,1144,25474,240300,0.0001,0.18985073268413544,47574
202.17,9,0.05,-932.6620367900001,1148,25536,240870,0.0001,0.41897696256637573,47717
207.99,9,0.05,-943.4900070300001,1152,25649,241950,0.0001,0.13705813884735107,47987
203.37,9,0.05,-908.0672544600001,1156,25687,242274,0.0001,0.1481395959854126,48068
201.36,9,0.05,-899.9769412500001,1160,25741,242767,0.0001,0.1090201735496521,48191
199.7,9,0.05,-899.25000648,1164,25805,243359,0.0001,0.08583550900220871,48339
193.44,9,0.05,-869.1028282599999,1168,25847,243727,0.0001,0.07260057330131531,48431
189.8,9,0.05,-860.98627892,1172,25894,244143,0.0001,13.930444717407227,48535
185.99,9,0.05,-850.67919612,1176,25968,244832,0.0001,13.562199592590332,48707
185.86,9,0.05,-835.0192533500001,1180,26018,245283,0.0001,0.11729134619235992,48820
192.8,9,0.05,-864.5271728299999,1184,26167,246717,0.0001,13.693029403686523,49179
183.75,9,0.05,-809.2843079999999,1188,26219,247190,0.0001,0.1281004250049591,49297
186.9,9,0.05,-792.6670094399998,1192,26303,247985,0.0001,0.21538838744163513,49496
186.7,9,0.05,-787.35939365,1196,26356,248461,0.0001,13.77607250213623,49615
184.4,9,0.05,-752.86977549,1200,26411,248953,0.0001,0.0729036033153534,49738
183.75,9,0.05,-734.72772024,1204,26510,249894,0.0001,0.1262032389640808,49973
186.23,9,0.05,-782.5311763200001,1208,26575,250492,0.0001,0.22020487487316132,50122
177.45,9,0.05,-779.8636146100002,1212,26654,251232,0.0001,14.933967590332031,50307
164.43,9,0.05,-785.4046148400001,1216,26747,252116,0.0001,0.17682617902755737,50528
166.97,9,0.05,-781.3750323099999,1220,26885,253438,0.0001,0.08349263668060303,50859
171.99,9,0.05,-806.48769169,1224,26987,254406,0.0001,14.905590057373047,51101
175.04,9,0.05,-853.3233791099999,1228,27086,255348,0.0001,0.09154294431209564,51336
182.48,9,0.05,-879.49085549,1232,27202,256458,0.0001,0.182736337184906,51614
181.0,9,0.05,-874.7558045099998,1236,27252,256914,0.0001,15.147425651550293,51728
181.22,9,0.05,-858.1812516,1240,27372,258056,0.0001,0.14225219190120697,52013
191.22,9,0.05,-881.9573349199999,1244,27513,259422,0.0001,0.08628326654434204,52355
190.48,9,0.05,-883.3886566399998,1248,27568,259918,0.0001,0.27131056785583496,52479
187.8,9,0.05,-870.81061306,1252,27655,260730,0.0001,0.11009304225444794,52682
193.08,9,0.05,-909.6296460700001,1256,27745,261582,0.0001,0.17017227411270142,52895
194.07,9,0.05,-930.6005937000002,1260,27809,262174,0.0001,0.4741257429122925,53043
194.01,9,0.05,-923.4880558499999,1264,27873,262760,0.0001,0.12251603603363037,53189
194.71,9,0.05,-941.17629745,1268,27922,263198,0.0001,0.15708696842193604,53299
198.39,9,0.05,-950.66806451,1272,28005,263982,0.0001,0.13943351805210114,53495
204.06,9,0.05,-966.80795964,1276,28136,265238,0.0001,0.11650974303483963,53809
212.49,9,0.05,-1017.71749936,1280,28270,266532,0.0001,0.12611626088619232,54132
207.37,9,0.05,-984.1580557499999,1284,28368,267454,0.0001,0.1243833526968956,54363
209.52,9,0.05,-1012.13342741,1288,28441,268142,0.0001,15.50990104675293,54535
204.31,9,0.05,-1022.9187913000002,1292,28474,268416,0.0001,0.07355862855911255,54603
214.42,9,0.05,-1036.1611971,1296,28628,269903,0.0001,13.739775657653809,54975
217.73,9,0.05,-1046.6423949,1300,28715,270726,0.0001,0.20229887962341309,55181
215.62,9,0.05,-1045.6793822900001,1304,28793,271456,0.0001,0.16565988957881927,55363
221.16,9,0.05,-1050.1479549199998,1308,28913,272608,0.0001,0.3208920955657959,55651
216.84,9,0.05,-1032.8483014400001,1312,28949,272916,0.0001,0.08704151958227158,55728
210.92,9,0.05,-1001.70376344,1316,28983,273208,0.0001,0.22805264592170715,55801
210.03,9,0.05,-976.10233983,1320,29112,274441,0.0001,0.2147582769393921,56110
204.17,9,0.05,-954.4234883099998,1324,29155,274823,0.0001,15.212684631347656,56205
197.97,9,0.05,-905.4469780900002,1328,29192,275145,0.0001,0.14410939812660217,56286
204.69,9,0.05,-888.94304026,1332,29376,276927,0.0001,0.20716750621795654,56731
202.77,9,0.05,-883.88286449,1336,29407,277191,0.0001,0.1655917465686798,56797
195.71,9,0.05,-874.3871794400002,1340,29456,277627,0.0001,0.13603569567203522,56906
190.15,9,0.05,-885.6373008500002,1344,29542,278437,0.0001,0.11685498058795929,57109
198.21,9,0.05,-884.5566753999999,1348,29678,279739,0.0001,0.14047569036483765,57434
195.95,9,0.05,-883.3875174200001,1352,29741,280325,0.0001,0.1065203845500946,57581
196.07,9,0.05,-886.5113098599998,1356,29833,281189,0.0001,0.16593840718269348,57797
198.99,9,0.05,-900.7293244199998,1360,29926,282073,0.0001,0.19025859236717224,58018
199.04,9,0.05,-910.98245368,1364,29990,282664,0.0001,15.058158874511719,58165
197.46,9,0.05,-891.6218188299998,1368,30023,282944,0.0001,0.3197340965270996,58235
197.29,9,0.05,-874.80357895,1372,30105,283711,0.0001,0.17503982782363892,58427
198.63,9,0.05,-849.2028796900001,1376,30249,285101,0.0001,0.21448010206222534,58775
197.05,9,0.05,-827.4751335700001,1380,30368,286237,0.0001,0.19329237937927246,59059
198.09,9,0.05,-813.68864881,1384,30476,287263,0.0001,0.10831160843372345,59315
196.74,9,0.05,-806.4609001499999,1388,30536,287816,0.0001,0.17841577529907227,59453
206.94,9,0.05,-815.1685629799999,1392,30671,289110,0.0001,0.24387088418006897,59777
200.13,9,0.05,-820.3891850099999,1396,30756,289916,0.0001,0.17311304807662964,59978
200.42,9,0.05,-839.9268057000002,1400,30846,290768,0.0001,0.1918221414089203,60191
196.8,9,0.05,-840.6533689199999,1404,30888,291136,0.0001,0.17794613540172577,60283
190.58,9,0.05,-817.95398328,1408,30946,291666,0.0001,0.25928300619125366,60416
191.1,9,0.05,-799.6890913299999,1412,30987,292026,0.0001,0.3201555013656616,60506
191.76,9,0.05,-812.70119564,1416,31028,292384,0.0001,0.10074535012245178,60595
193.89,9,0.05,-832.27051297,1420,31178,293830,0.0001,0.11567024886608124,60957
198.75,9,0.05,-827.0500374999999,1424,31270,294698,0.0001,0.3339200019836426,61174
199.69,9,0.05,-850.5192636400002,1428,31316,295114,0.0001,0.1645495444536209,61278
185.29,9,0.05,-840.0544989499999,1432,31355,295456,0.0001,13.034208297729492,61363
188.79,9,0.05,-833.41378545,1436,31422,296070,0.0001,13.70292854309082,61517
199.26,9,0.05,-834.6061156400002,1440,31575,297553,0.0001,0.16140839457511902,61888
196.32,9,0.05,-817.7923767000002,1444,31632,298069,0.0001,0.12124450504779816,62017
191.76,9,0.05,-836.3849303400001,1448,31721,298915,0.0001,0.24971480667591095,62228
193.55,9,0.05,-850.77796321,1452,31803,299680,0.0001,0.43203645944595337,62419
192.71,9,0.05,-842.81392285,1456,31886,300460,0.0001,0.2713397443294525,62614
203.14,9,0.05,-827.0151196200001,1460,32084,302387,0.0001,0.09992861747741699,63096
202.85,9,0.05,-811.83471082,1464,32145,302949,0.0001,0.17939525842666626,63237
203.65,9,0.05,-820.6096038800001,1468,32186,303309,0.0001,0.4425172507762909,63327
217.42,9,0.05,-826.7053688,1472,32406,305453,0.0001,0.14007315039634705,63863
210.96,9,0.05,-850.22698597,1476,32485,306197,0.0001,0.2002246081829071,64049
213.45,9,0.05,-835.4312324,1480,32629,307582,0.0001,0.17205758392810822,64395
205.99,9,0.05,-830.1214722300001,1484,32662,307862,0.0001,0.16602984070777893,64465
208.4,9,0.05,-827.70995915,1488,32747,308656,0.0001,0.2310478687286377,64663
200.15,9,0.05,-807.654818,1492,32799,309125,0.0001,0.23448961973190308,64781
196.39,9,0.05,-775.5202895699999,1496,32847,309555,0.0001,0.24547483026981354,64888
213.86,9,0.05,-784.7376222799999,1500,33112,312154,0.0001,0.17107190191745758,65538
231.8,9,0.05,-758.5314000499999,1504,33334,314316,0.0001,0.15399682521820068,66078
230.28,9,0.05,-768.9607464900001,1508,33376,314694,0.0001,0.12427669763565063,66173
231.53,9,0.05,-783.53614788,1512,33430,315179,0.0001,0.2898193895816803,66294
235.31,9,0.05,-805.7126863000001,1516,33509,315915,0.0001,0.16595396399497986,66478
224.61,9,0.05,-803.81904748,1520,33552,316291,0.0001,0.24896970391273499,66572
228.17,9,0.05,-807.12828647,1524,33679,317515,0.0001,0.47982287406921387,66878
237.03,9,0.05,-806.9438750699999,1528,33815,318817,0.0001,0.11408965289592743,67204
240.89,9,0.05,-812.9414891600001,1532,33892,319545,0.0001,0.23021869361400604,67386
238.63,9,0.05,-817.8345411900002,1536,33936,319933,0.0001,0.3920079469680786,67483
231.16,9,0.05,-829.6181172199999,1540,34015,320669,0.0001,15.097819328308105,67667
236.48,9,0.05,-856.0266579699997,1544,34125,321717,0.0001,0.1863914281129837,67929
230.34,9,0.05,-832.1714416199998,1548,34154,321949,0.0001,0.26544874906539917,67987
227.93,9,0.05,-823.2805704499999,1552,34211,322473,0.0001,0.20993171632289886,68118
232.98,9,0.05,-809.37461368,1556,34345,323758,0.0001,0.16028839349746704,68439
218.87,9,0.05,-790.6524328799999,1560,34401,324274,0.0001,0.24353213608264923,68568
216.81,9,0.05,-776.1871015599999,1564,34442,324630,0.0001,11.092373847961426,68657
231.59,9,0.05,-781.3320161,1568,34631,326468,0.0001,0.3146039545536041,69116
223.83,9,0.05,-784.5685792199998,1572,34773,327836,0.0001,0.35573720932006836,69458
229.41,9,0.05,-776.9358266999999,1576,34908,329138,0.0001,0.2527724504470825,69784
237.83,9,0.05,-782.44302786,1580,35136,331365,0.0001,12.326491355895996,70341
239.65,9,0.05,-754.9346034600001,1584,35188,331827,0.0001,0.3867146372795105,70456
237.21,9,0.05,-759.84069208,1588,35248,332377,0.0001,0.2900247275829315,70594
237.74,9,0.05,-782.0767197399998,1592,35305,332899,0.0001,0.298439621925354,70724
237.62,9,0.05,-801.2534291799998,1596,35352,333317,0.0001,0.1391909420490265,70829
223.48,9,0.05,-779.52758652,1600,35476,334502,0.0001,13.603011131286621,71125
213.44,9,0.05,-810.3772017200001,1604,35597,335660,0.0001,0.30147069692611694,71414
225.42,9,0.05,-810.52673473,1608,35759,337236,0.0001,0.224462628364563,71808
235.27,9,0.05,-819.37976457,1612,35912,338706,0.0001,0.23258081078529358,72176
233.7,9,0.05,-810.19950813,1616,35975,339285,0.0001,0.28800010681152344,72321
234.52,9,0.05,-796.82772654,1620,36026,339743,0.0001,0.28610244393348694,72435
226.26,9,0.05,-801.2437709899999,1624,36071,340141,0.0001,0.5772265195846558,72535
236.33,9,0.05,-798.02255017,1628,36307,342450,0.0001,0.14538878202438354,73112
233.39,9,0.05,-790.6625564899998,1632,36355,342884,0.0001,0.2701755166053772,73220
249.35,9,0.05,-815.6615178100001,1636,36559,344868,0.0001,0.2814347445964813,73716
253.07,9,0.05,-802.9136301799999,1640,36675,345976,0.0001,14.569275856018066,73993
265.6,9,0.05,-776.7957241899999,1644,36910,348277,0.0001,0.16576455533504486,74569
266.64,9,0.05,-767.1549162099999,1648,36949,348613,0.0001,0.38804489374160767,74653
274.49,9,0.05,-740.98220541,1652,37085,349922,0.0001,0.1963551640510559,74980
265.2,9,0.05,-738.8620795300001,1656,37126,350278,0.0001,0.2737821936607361,75069
266.4,9,0.05,-763.93823473,1660,37195,350914,0.0001,0.14211896061897278,75228
269.36,9,0.05,-780.31733854,1664,37265,351566,0.0001,11.695357322692871,75391
256.46,9,0.05,-786.5785673000003,1668,37324,352114,0.0001,0.1891867220401764,75528
247.58,9,0.05,-768.5019165000001,1672,37377,352594,0.0001,13.690044403076172,75648
237.65,9,0.05,-746.5392912200001,1676,37413,352903,0.0001,0.2192021906375885,75725
227.73,9,0.05,-715.8634281199999,1680,37542,354138,0.0001,0.23410344123840332,76034
229.41,9,0.05,-743.26594356,1684,37610,354768,0.0001,0.1880330890417099,76191
235.27,9,0.05,-733.6092068500001,1688,37729,355904,0.0001,0.33548420667648315,76475
238.73,9,0.05,-749.9763016399999,1692,37821,356772,0.0001,0.14448417723178864,76692
240.41,9,0.05,-742.5569374799999,1696,37884,357358,0.0001,0.22301745414733887,76839
243.32,9,0.05,-732.2907060900001,1700,38037,358834,0.0001,26.851417541503906,77208
237.96,9,0.05,-738.21863074,1704,38104,359456,0.0001,0.14984333515167236,77363
234.04,9,0.05,-747.21117427,1708,38228,360640,0.0001,0.29372650384902954,77659
234.61,9,0.05,-763.9848792100003,1712,38386,362167,0.0001,0.3518162965774536,78041
240.7,9,0.05,-761.3931160799999,1716,38510,363355,0.0001,0.22062581777572632,78338
248.88,9,0.05,-777.39796103,1720,38642,364631,0.0001,0.2891504168510437,78657
249.46,9,0.05,-775.36851907,1724,38693,365087,0.0001,0.33118802309036255,78771
241.25,9,0.05,-775.6794229799999,1728,38847,366575,0.0001,0.2892623543739319,79143
242.41,9,0.05,-779.7886756300001,1732,38907,367125,0.0001,0.24204544723033905,79281
234.55,9,0.05,-760.4125021499998,1736,39032,368323,0.0001,0.34165313839912415,79580
230.41,9,0.05,-768.4580473900002,1740,39106,369017,0.0001,0.2148134708404541,79754
224.83,9,0.05,-759.0150172499998,1744,39286,370760,0.0001,0.32621699571609497,80189
225.59,9,0.05,-774.3329538899999,1748,39332,371172,0.0001,0.2391543686389923,80292
227.56,9,0.05,-794.77238797,1752,39488,372678,0.0001,0.2276608645915985,80669
231.74,9,0.05,-802.12088926,1756,39570,373452,0.0001,0.2816532254219055,80862
229.24,9,0.05,-792.37495773,1760,39614,373838,0.0001,0.3062138259410858,80959
225.68,9,0.05,-790.06872011,1764,39649,374134,0.0001,0.2295704483985901,81033
227.28,9,0.05,-807.4762240599998,1768,39724,374842,0.0001,0.11926854401826859,81210
234.48,9,0.05,-812.0832566799999,1772,39849,376042,0.0001,0.22887542843818665,81510
233.77,9,0.05,-827.26722217,1776,39878,376280,0.0001,0.3196820616722107,81569
226.46,9,0.05,-859.3409519799998,1780,39934,376784,0.0001,0.3996850252151489,81695
225.94,9,0.05,-833.1591184100001,1784,39997,377362,0.0001,0.3298543095588684,81840
218.57,9,0.05,-801.7144845999999,1788,40041,377761,0.0001,13.761726379394531,81940
222.33,9,0.05,-784.5439851299998,1792,40171,379005,0.0001,0.3402361571788788,82251
221.25,9,0.05,-788.9661901400001,1796,40224,379483,0.0001,0.4114078879356384,82370
212.61,9,0.05,-806.7011420499998,1800,40290,380095,0.0001,0.5278722047805786,82523
213.56,9,0.05,-775.17561895,1804,40367,380812,0.0001,0.2904447913169861,82702
213.88,9,0.05,-773.1765629899998,1808,40494,382028,0.0001,14.44510269165039,83006
204.41,9,0.05,-762.8784340599999,1812,40557,382608,0.0001,0.14415422081947327,83151
205.49,9,0.05,-745.06041138,1816,40692,383904,0.0001,0.25995153188705444,83475
200.35,9,0.05,-726.6448019200001,1820,40773,384666,0.0001,0.18885193765163422,83666
199.63,9,0.05,-724.8257935500001,1824,40816,385050,0.0001,0.24047428369522095,83762
192.85,9,0.05,-723.3212130000002,1828,40902,385860,0.0001,0.26338887214660645,83964
194.69,9,0.05,-731.8752302299998,1832,40980,386594,0.0001,0.3556603193283081,84148
193.49,9,0.05,-716.8603671000002,1836,41093,387672,0.0001,0.3012158274650574,84417
189.88,9,0.05,-684.16075534,1840,41132,388005,0.0001,0.20074012875556946,84501
181.05,9,0.05,-680.6025259099999,1844,41223,388865,0.0001,0.3881182074546814,84716
195.11,9,0.05,-701.8083198600001,1848,41410,390683,0.0001,0.37435415387153625,85170
182.66,9,0.05,-694.6476005000001,1852,41441,390944,0.0001,0.24843305349349976,85235
178.29,9,0.05,-668.8403515200001,1856,41480,391281,0.0001,0.23092016577720642,85320
177.93,9,0.05,-667.2685098000001,1860,41520,391631,0.0001,0.27369406819343567,85407
183.53,9,0.05,-669.5737299100001,1864,41611,392487,0.0001,0.3349846601486206,85621
190.78,9,0.05,-670.7230751500001,1868,41759,393920,0.0001,12.964473724365234,85979
194.08,9,0.05,-692.22450725,1872,41917,395450,0.0001,0.2314504086971283,86362
194.72,9,0.05,-674.7341088499999,1876,41952,395752,0.0001,0.3189137578010559,86437
198.58,9,0.05,-686.2788269600001,1880,42046,396642,0.0001,0.21430370211601257,86660
196.98,9,0.05,-720.4032026900001,1884,42093,397060,0.0001,0.31061315536499023,86764
199.17,9,0.05,-756.31300326,1888,42160,397678,0.0001,0.2268243432044983,86919
190.65,9,0.05,-754.36323671,1892,42204,398070,0.0001,0.2607840597629547,87017
191.13,9,0.05,-743.2694078600001,1896,42262,398596,0.0001,0.33590394258499146,87148
191.13,9,0.05,-740.1408912600001,1900,42328,399208,0.0001,13.809971809387207,87301
190.06,9,0.05,-731.1955898299999,1904,42394,399818,0.0001,0.19569692015647888,87454
190.34,9,0.05,-739.8610618699998,1908,42524,401062,0.0001,0.4489704966545105,87765
197.32,9,0.05,-733.1862922600001,1912,42657,402340,0.0001,0.34075164794921875,88084
193.94,9,0.05,-758.2692261600001,1916,42757,403298,0.0001,0.23481127619743347,88324
192.09,9,0.05,-756.7187902699999,1920,42820,403875,0.0001,0.47708362340927124,88468
197.43,9,0.05,-765.7141014899998,1924,42917,404793,0.0001,14.957925796508789,88698
192.8,9,0.05,-746.7160634599999,1928,42956,405140,0.0001,0.3749387860298157,88784
199.9,9,0.05,-743.5916870099999,1932,43106,406584,0.0001,0.32111290097236633,89145
193.14,9,0.05,-758.7350686400001,1936,43151,406986,0.0001,11.289074897766113,89246
206.17,9,0.05,-792.2210146700002,1940,43320,408622,0.0001,0.3244777321815491,89655
206.53,9,0.05,-810.09802456,1944,43415,409518,0.0001,0.3494570851325989,89879
211.24,9,0.05,-795.20171464,1948,43649,411807,0.0001,0.27194085717201233,90451
215.34,9,0.05,-781.4805036700002,1952,43721,412478,0.0001,0.32622939348220825,90619
215.87,9,0.05,-801.55590284,1956,43765,412868,0.0001,14.114662170410156,90716
218.35,9,0.05,-809.28388506,1960,43830,413466,0.0001,32.121707916259766,90866
212.01,9,0.05,-801.3158563399999,1964,43857,413688,0.0001,0.23561343550682068,90921
203.7,9,0.05,-784.7672853399998,1968,43923,414290,0.0001,0.1711561381816864,91072
193.3,9,0.05,-777.4027509,1972,43977,414780,0.0001,0.2654931843280792,91194
199.2,9,0.05,-811.2715627700003,1976,44071,415672,0.0001,0.3110930323600769,91417
196.68,9,0.05,-809.7787347199999,1980,44140,416310,0.0001,0.38860374689102173,91577
201.28,9,0.05,-793.78205573,1984,44232,417188,0.0001,0.3480602502822876,91796
198.34,9,0.05,-792.93386374,1988,44270,417512,0.0001,0.25602877140045166,91877
199.98,9,0.05,-754.1168299700001,1992,44330,418068,0.0001,0.3627389967441559,92016
197.58,9,0.05,-758.72801556,1996,44364,418354,0.0001,0.32152700424194336,92088
195.54,9,0.05,-741.36730696,2000,44410,418762,0.0001,0.37600815296173096,92190
193.44,9,0.05,-747.8754066699998,2004,44455,419162,0.0001,0.3725496828556061,92290
194.52,9,0.05,-736.19178416,2008,44595,420514,0.0001,0.31890830397605896,92628
184.52,9,0.05,-715.11101419,2012,44628,420792,0.0001,0.37572312355041504,92697
189.09,9,0.05,-700.8841499100001,2016,44775,422207,0.0001,0.43998420238494873,93051
199.79,9,0.05,-704.08797756,2020,44944,423854,0.0001,0.2474069446325302,93463
200.85,9,0.05,-680.9587525,2024,45052,424878,0.0001,0.31765851378440857,93719
214.96,9,0.05,-704.41850174,2028,45233,426636,0.0001,0.34246498346328735,94158
212.43,9,0.05,-695.6411867899999,2032,45357,427827,0.0001,0.3274866044521332,94456
217.51,9,0.05,-714.1082382600002,2036,45454,428737,0.0001,0.45141005516052246,94684
213.65,9,0.05,-686.5984741699999,2040,45584,429987,0.0001,0.20726865530014038,94996
212.16,9,0.05,-677.4370815400001,2044,45663,430734,0.0001,14.80234146118164,95183
195.71,9,0.05,-669.11209317,2048,45733,431378,0.0001,0.20587225258350372,95344
207.22,9,0.05,-696.4949369199999,2052,45920,433200,0.0001,0.36937105655670166,95799
208.07,9,0.05,-698.9224225300002,2056,45973,433675,0.0001,0.40492868423461914,95918
217.2,9,0.05,-694.4231197900001,2060,46129,435186,0.0001,12.818370819091797,96296
229.02,9,0.05,-688.18005212,2064,46275,436590,0.0001,0.3915554881095886,96647
228.59,9,0.05,-643.26503915,2068,46335,437149,0.0001,0.28496110439300537,96787
227.94,9,0.05,-625.3280998,2072,46383,437574,0.0001,0.27957022190093994,96893
230.6,9,0.05,-613.29730179,2076,46504,438732,0.0001,0.33668839931488037,97182
233.9,9,0.05,-601.24324357,2080,46606,439700,0.0001,0.3240613043308258,97424
244.33,9,0.05,-620.7360855899999,2084,46803,441621,0.0001,0.2854149639606476,97905
253.05,9,0.05,-591.07313335,2088,46928,442817,0.0001,0.16636523604393005,98204
272.0,9,0.05,-640.69520374,2092,47178,445268,0.0001,13.258325576782227,98816
272.63,9,0.05,-625.8828206700001,2096,47218,445617,0.0001,0.43759685754776,98904
273.25,9,0.05,-640.65651184,2100,47270,446087,0.0001,0.30105334520339966,99021
280.23,9,0.05,-628.31795577,2104,47385,447185,0.0001,12.03007698059082,99296
278.89,9,0.05,-623.90826872,2108,47512,448403,0.0001,0.18218553066253662,99600
281.79,9,0.05,-627.7275852900001,2112,47574,448971,0.0001,15.281296730041504,99742
273.68,9,0.05,-640.78473467,2116,47639,449575,0.0001,0.2052014023065567,99893
263.08,9,0.05,-645.76299337,2120,47703,450162,0.0001,0.5439392924308777,100040
257.64,9,0.05,-656.93555125,2124,47756,450642,0.0001,0.20619061589241028,100160
244.78,9,0.05,-651.0505677599999,2128,47808,451114,0.0001,14.633973121643066,100278
245.99,9,0.05,-635.78270488,2132,47945,452426,0.0001,0.2687133550643921,100606
243.87,9,0.05,-600.82187838,2136,48019,453124,0.0001,0.2385256290435791,100780
237.83,9,0.05,-622.8002344299999,2140,48089,453770,0.0001,0.22653450071811676,100942
235.67,9,0.05,-607.32252835,2144,48147,454301,0.0001,0.4626505374908447,101075
237.55,9,0.05,-612.47296415,2148,48236,455133,0.0001,0.18886816501617432,101283
224.03,9,0.05,-582.84480811,2152,48288,455603,0.0001,0.39445918798446655,101400
234.24,9,0.05,-583.50030613,2156,48442,457099,0.0001,0.19561561942100525,101774
222.95,9,0.05,-585.29155141,2160,48486,457481,0.0001,0.32755246758461,101870
211.68,9,0.05,-591.10411463,2164,48518,457758,0.0001,0.48415815830230713,101939
212.23,9,0.05,-636.0394141200001,2168,48585,458372,0.0001,0.41382941603660583,102092
221.61,9,0.05,-653.0815633400001,2172,48726,459735,0.0001,0.26686257123947144,102433
219.97,9,0.05,-659.68093863,2176,48831,460729,0.0001,12.433363914489746,102682
215.23,9,0.05,-660.6902109700001,2180,48885,461223,0.0001,12.389284133911133,102805
210.46,9,0.05,-659.0851738100001,2184,49035,462667,0.0001,0.2835492491722107,103166
202.0,9,0.05,-683.7278267,2188,49075,463017,0.0001,0.41878587007522583,103254
192.09,9,0.05,-690.88139579,2192,49226,464477,0.0001,13.397540092468262,103619
203.04,9,0.05,-724.8517451700004,2196,49376,465921,0.0001,0.2973565459251404,103980
206.02,9,0.05,-708.5469870100001,2200,49458,466689,0.0001,32.1641731262207,104172
201.1,9,0.05,-749.24940174,2204,49523,467295,0.0001,0.2914598882198334,104323
215.09,9,0.05,-739.39484696,2208,49790,469912,0.0001,0.2983625531196594,104977
213.56,9,0.05,-720.5684466100001,2212,49837,470327,0.0001,0.3330186903476715,105081
221.93,9,0.05,-710.90465242,2216,49986,471768,0.0001,0.2752338647842407,105441
222.56,9,0.05,-720.91748876,2220,50056,472418,0.0001,12.515176773071289,105604
221.39,9,0.05,-704.23204671,2224,50097,472781,0.0001,0.20926134288311005,105695
220.73,9,0.05,-703.2189662599999,2228,50143,473187,0.0001,0.3596663773059845,105796
215.25,9,0.05,-729.3327305999999,2232,50224,473951,0.0001,0.33675500750541687,105987
212.47,9,0.05,-752.8961262600001,2236,50271,474371,0.0001,0.46441924571990967,106092
209.94,9,0.05,-732.29352339,2240,50316,474764,0.0001,0.3657377064228058,106190
208.23,9,0.05,-753.3224869000001,2244,50357,475124,0.0001,0.4153076410293579,106280
206.21,9,0.05,-741.55482773,2248,50425,475754,0.0001,0.439313143491745,106438
217.14,9,0.05,-765.1693291299998,2252,50587,477317,0.0001,0.12189224362373352,106829
209.84,9,0.05,-740.87714596,2256,50668,478083,0.0001,0.2851235866546631,107020
210.82,9,0.05,-739.1923063000002,2260,50721,478563,0.0001,0.26183390617370605,107140
214.07,9,0.05,-727.5862613900001,2264,50787,479165,0.0001,0.3975226879119873,107291
212.27,9,0.05,-707.74305641,2268,50835,479599,0.0001,0.3902132213115692,107399
202.02,9,0.05,-705.7117216200002,2272,50874,479937,0.0001,0.34748074412345886,107484
200.69,9,0.05,-680.7758347600002,2276,50965,480798,0.0001,0.42718103528022766,107699
198.39,9,0.05,-673.3038564400002,2280,50997,481062,0.0001,0.19129402935504913,107765
189.77,9,0.05,-665.0716975400002,2284,51060,481644,0.0001,0.2755884826183319,107910
192.63,9,0.05,-654.74715123,2288,51129,482280,0.0001,0.3774232268333435,108069
186.44,9,0.05,-634.55323217,2292,51218,483121,0.0001,0.2184716910123825,108280
179.46,9,0.05,-625.6002358299999,2296,51298,483867,0.0001,0.3390178084373474,108466
175.58,9,0.05,-641.8556941100001,2300,51341,484247,0.0001,0.6253646016120911,108561
176.2,9,0.05,-623.8864205,2304,51413,484915,0.0001,0.3034586012363434,108728
157.69,9,0.05,-640.7543878099999,2308,51494,485681,0.0001,0.3063995838165283,108920
156.38,9,0.05,-658.21576711,2312,51528,485965,0.0001,0.3670312762260437,108991
161.08,9,0.05,-644.44178735,2316,51724,487876,0.0001,0.45700201392173767,109468
168.43,9,0.05,-632.6235170099999,2320,51868,489261,0.0001,15.15664291381836,109815
175.02,9,0.05,-659.8905141600001,2324,51976,490283,0.0001,0.3517751395702362,110070
177.12,9,0.05,-653.85288467,2328,52042,490899,0.0001,0.3217926621437073,110224
175.66,9,0.05,-650.43399329,2332,52109,491517,0.0001,0.2590951919555664,110379
177.24,9,0.05,-649.5316107,2336,52172,492095,0.0001,0.26827165484428406,110523
198.19,9,0.05,-669.8143351699999,2340,52426,494583,0.0001,0.39238718152046204,111145
216.27,9,0.05,-673.45161569,2344,52648,496751,0.0001,0.38825130462646484,111687
215.75,9,0.05,-688.41451709,2348,52711,497329,0.0001,0.4257228970527649,111832
213.59,9,0.05,-687.4457355100002,2352,52850,498676,0.0001,0.3991720974445343,112168
208.72,9,0.05,-706.87003842,2356,52883,498955,0.0001,0.34684014320373535,112238
207.44,9,0.05,-687.0347347899998,2360,52923,499307,0.0001,0.2928411066532135,112326
