rollout/ep_len_mean,time/total_timesteps,rollout/ep_rew_mean,time/time_elapsed,time/fps,time/iterations,train/value_loss,train/clip_range,train/explained_variance,train/entropy_loss,train/clip_fraction,train/n_updates,train/learning_rate,train/loss,train/policy_gradient_loss,train/approx_kl
643.5,2048,-524.9946150000001,208,9,1,,,,,,,,,,
822.25,4096,-1514.2562617500002,417,9,2,2984.0015824317934,0.2,0.627156674861908,-1.7897640682756901,0.00283203125,2460,0.0003,973.3472900390625,-0.0035864649806171657,0.0019289623
839.5714285714286,6144,-2030.6030405714287,627,9,3,162.1367799758911,0.2,0.9487743526697159,-1.6713187541812657,0.053515625,2470,0.0003,114.29940032958984,-0.01365746391529683,0.0063472902
816.0,8192,-1971.2732806,838,9,4,402.7791047930717,0.2,0.6580187380313873,-1.8186438124626876,0.059814453125,2480,0.0003,240.78448486328125,-0.011911626972141676,0.006361834
841.4166666666666,10240,-2005.36036125,1047,9,5,181.97096242308618,0.2,0.786480188369751,-1.7260864838957786,0.091748046875,2490,0.0003,32.99800491333008,-0.018621466151671484,0.009833492
814.4666666666667,12288,-1974.8689653333336,1257,9,6,4292.266921114921,0.2,0.6635894477367401,-1.7595449570566415,0.03701171875,2500,0.0003,1798.3372802734375,-0.006407377365394496,0.00530966
836.4117647058823,14336,-2083.1625010588236,1466,9,7,328.04550168514254,0.2,0.8152961134910583,-1.7862436026334763,0.04755859375,2510,0.0003,93.8844223022461,-0.012646449916064739,0.0073208874
853.7368421052631,16384,-2111.6117841052633,1675,9,8,152.14505838751793,0.2,0.9477211646735668,-1.7042431756854057,0.088232421875,2520,0.0003,72.00982666015625,-0.017666491873387712,0.010108733
844.8571428571429,18432,-2116.7106021428576,1884,9,9,162.53284314870834,0.2,0.7764341235160828,-1.8826514318585397,0.05,2530,0.0003,24.111906051635742,-0.014707854107837193,0.0063988706
858.4347826086956,20480,-2215.9759296521743,2093,9,10,361.80052342414854,0.2,0.599500298500061,-1.8287102065980434,0.06796875,2540,0.0003,265.6917724609375,-0.014422201208071783,0.007580747
852.0,22528,-2107.7511636153845,2303,9,11,165.92874056100845,0.2,0.9433703608810902,-1.811338734254241,0.076123046875,2550,0.0003,161.91946411132812,-0.019892180454917252,0.0088244025
862.6428571428571,24576,-2134.430578178571,2512,9,12,2661.6561608791353,0.2,0.4068261981010437,-1.8405662320554257,0.0169921875,2560,0.0003,155.25115966796875,-0.007282086933264509,0.0055333916
871.8666666666667,26624,-2146.1488732999997,2721,9,13,227.31768897771835,0.2,0.5512399971485138,-1.7963029488921165,0.03349609375,2570,0.0003,79.02751922607422,-0.011191597604192794,0.0058331047
879.9375,28672,-2195.92603740625,2930,9,14,109.63084820508956,0.2,0.9605877175927162,-1.767367098480463,0.0521484375,2580,0.0003,30.872150421142578,-0.013698098772147204,0.007263495
864.5714285714286,30720,-2203.7055495714285,3140,9,15,84.86946774125099,0.2,0.937661912292242,-1.861695523187518,0.093310546875,2590,0.0003,24.206296920776367,-0.01998353648959892,0.010308642
863.4864864864865,32768,-2248.6325732972978,3349,9,16,452.2844561576843,0.2,0.8372683376073837,-1.8727501828223467,0.080224609375,2600,0.0003,176.07684326171875,-0.014842589914042036,0.008421817
829.9512195121952,34816,-2142.509795341464,3560,9,17,166.07712968587876,0.2,0.9065617993474007,-1.8808158252388238,0.07099609375,2610,0.0003,28.86534881591797,-0.020048838312504813,0.0076110205
828.5,36864,-2123.06041175,3770,9,18,4505.54069199562,0.2,0.4439006447792053,-1.9335111442953348,0.03974609375,2620,0.0003,373.14202880859375,-0.004148448522028047,0.0046397094
821.7021276595744,38912,-2113.0479840425537,3981,9,19,1933.4728959083557,0.2,0.6197838187217712,-1.9394367445260285,0.020751953125,2630,0.0003,52.1126594543457,-0.007436444840277545,0.0051861363
802.3137254901961,40960,-2052.107645294118,4192,9,20,145.1786038994789,0.2,0.9562292210757732,-1.8901213467121125,0.113818359375,2640,0.0003,47.98020553588867,-0.021903199184453114,0.009792647
795.2641509433962,43008,-1990.2959982641514,4401,9,21,3203.0771837234497,0.2,0.8172498792409897,-1.9739263068884612,0.0109375,2650,0.0003,1061.53466796875,-0.0033943920949241146,0.0029660175
783.9122807017544,45056,-1926.8050945263158,4612,9,22,2744.0877723693848,0.2,0.6608635187149048,-1.9817540235817432,0.001025390625,2660,0.0003,333.263427734375,-0.004293034214060754,0.0028096447
749.9354838709677,47104,-1844.4561327903227,4825,9,23,2232.5854820251466,0.2,0.8179536461830139,-1.9762619521468878,9.765625e-05,2670,0.0003,2531.996337890625,-0.0037096825253684074,0.0013432123
727.5223880597015,49152,-1799.3350791492537,5038,9,24,2908.3893698692323,0.2,0.786935418844223,-1.9301968425512315,0.001806640625,2680,0.0003,166.1885223388672,-0.004355795020819642,0.0026769615
721.0281690140845,51200,-1733.0817723661971,5249,9,25,3031.2801307678224,0.2,0.8468914926052094,-1.9437038697302342,0.0115234375,2690,0.0003,195.60621643066406,-0.006218903543776832,0.004767175
716.3513513513514,53248,-1685.098186864865,5459,9,26,3935.4731546401977,0.2,0.776863694190979,-1.9634725507348776,0.009326171875,2700,0.0003,3441.848388671875,-0.004612079379148782,0.0035598436
723.8421052631579,55296,-1706.527485907895,5668,9,27,3056.7880058288574,0.2,0.8911673352122307,-2.014878986403346,0.003564453125,2710,0.0003,3308.54248046875,-0.005693747417535633,0.003207469
724.4810126582279,57344,-1707.4865562658229,5879,9,28,416.9592256069183,0.2,0.5824824571609497,-1.9699077792465687,0.0236328125,2720,0.0003,144.65347290039062,-0.011596166811068542,0.005918646
698.4235294117647,59392,-1665.6217343999997,6092,9,29,636.8257733106614,0.2,0.8700810521841049,-1.9431100372225045,0.053662109375,2730,0.0003,251.99142456054688,-0.011242016521282493,0.007055448
690.1797752808989,61440,-1664.4129428539322,6304,9,30,2345.747236299515,0.2,0.7770451307296753,-2.0185369569808245,0.01123046875,2740,0.0003,258.26727294921875,-0.007269402878591791,0.0047421297
696.7142857142857,63488,-1683.4237760989006,6513,9,31,490.83666586875916,0.2,0.8310551643371582,-1.9935339238494634,0.051123046875,2750,0.0003,135.76661682128906,-0.013660910492762923,0.007247119
696.7340425531914,65536,-1689.7416391382976,6723,9,32,511.73282799720766,0.2,0.8533262610435486,-2.0532705835998057,0.042529296875,2760,0.0003,68.04766082763672,-0.015369082319375593,0.006723875
689.5979381443299,67584,-1689.666168917526,6933,9,33,440.77600905895235,0.2,0.8751469552516937,-2.012117253616452,0.0486328125,2770,0.0003,44.36031723022461,-0.01583738811314106,0.0071229995
653.36,69632,-1629.4758159899998,7150,9,34,589.3801018714905,0.2,0.8083605170249939,-2.0383344519883395,0.05439453125,2780,0.0003,280.56231689453125,-0.012485363372252322,0.0069277957
652.86,71680,-1605.7823966699996,7360,9,35,3761.4136096954344,0.2,0.5857300758361816,-1.9655389238148928,0.017431640625,2790,0.0003,858.433837890625,-0.00445680114935385,0.004874154
645.65,73728,-1610.3515531299997,7570,9,36,2559.45827088356,0.2,0.4785652756690979,-2.0127397544682024,0.008837890625,2800,0.0003,200.65054321289062,-0.0063734796684002505,0.004459034
632.47,75776,-1578.16124397,7782,9,37,2354.0476174354553,0.2,0.8123853951692581,-2.007597229257226,0.002734375,2810,0.0003,445.0022277832031,-0.004362395498901606,0.0016418264
589.69,77824,-1427.10061648,7997,9,38,932.8932864427567,0.2,0.6653777360916138,-1.9488149870187044,0.03076171875,2820,0.0003,286.9007568359375,-0.011334847350372,0.005482887
573.55,79872,-1395.2954311199999,8209,9,39,7590.6970279693605,0.2,0.5496683418750763,-1.9624732084572316,0.0001953125,2830,0.0003,7512.7431640625,-0.0017009449540637434,0.0012965135
570.49,81920,-1401.7800714200002,8417,9,40,2289.5384229660035,0.2,0.8093355000019073,-1.965026768669486,0.0203125,2840,0.0003,232.64401245117188,-0.005607550681452267,0.004359828
570.49,83968,-1397.4346843800004,8626,9,41,369.13152143955233,0.2,0.7826242446899414,-1.9550223220139742,0.0802734375,2850,0.0003,107.84976196289062,-0.016614101170853247,0.00858531
564.12,86016,-1369.57166149,8837,9,42,279.4590652704239,0.2,0.8694127947092056,-1.9430222954601049,0.05849609375,2860,0.0003,115.32544708251953,-0.017484096762200352,0.007183797
547.44,88064,-1327.81852106,9049,9,43,256.36649206876757,0.2,0.8543536365032196,-1.9543974801898003,0.066259765625,2870,0.0003,56.56604766845703,-0.01820819564454723,0.00916592
540.81,90112,-1314.6120856599998,9262,9,44,1944.0501478672027,0.2,0.6599960029125214,-1.9350241027772426,0.01279296875,2880,0.0003,322.78118896484375,-0.007549304525309708,0.0057014115
517.45,92160,-1232.68336487,9475,9,45,3507.723522567749,0.2,0.7099631726741791,-1.9840750388801098,0.0,2890,0.0003,795.7996826171875,-0.003179272456327453,0.001223443
518.54,94208,-1268.6530771100001,9686,9,46,2067.4575097560883,0.2,0.8140373975038528,-1.9719971265643834,0.0080078125,2900,0.0003,2889.03076171875,-0.0057174804125679655,0.0042413343
526.25,96256,-1304.27342066,9895,9,47,1878.2076844215394,0.2,0.8709839135408401,-2.016443559527397,0.008447265625,2910,0.0003,242.1615447998047,-0.005788886130903848,0.0037009458
532.39,98304,-1324.1895429299998,10105,9,48,273.9459321141243,0.2,0.9169584885239601,-2.0265651192516088,0.08330078125,2920,0.0003,87.12090301513672,-0.018081898739910684,0.00788547
546.87,100352,-1355.84730911,10315,9,49,1332.5707173585893,0.2,0.8675846010446548,-2.0219370398670433,0.042529296875,2930,0.0003,83.97364807128906,-0.012797010212671012,0.0076710377
544.7,102400,-1347.94812527,10526,9,50,1738.346821975708,0.2,0.8602403700351715,-1.9721133060753346,0.00556640625,2940,0.0003,236.10655212402344,-0.005241676552395802,0.0029407698
552.2,104448,-1339.9179135,10736,9,51,1926.4162715435027,0.2,0.9090753570199013,-1.9717038467526435,0.03837890625,2950,0.0003,546.0010986328125,-0.008541748457355424,0.0064804563
551.09,106496,-1358.3890720199997,10948,9,52,1516.0194560527802,0.2,0.8574960678815842,-1.9882539816200733,0.01103515625,2960,0.0003,117.13108825683594,-0.007099812664819183,0.0042155874
541.23,108544,-1359.9995477799998,11160,9,53,2444.5991541862486,0.2,0.8589892089366913,-2.0124595314264297,0.016552734375,2970,0.0003,369.22467041015625,-0.007194160665676463,0.0051442096
529.58,110592,-1330.0830920100002,11372,9,54,2064.0359168052673,0.2,0.8955699428915977,-2.006424218416214,0.008740234375,2980,0.0003,727.272216796875,-0.007584496753406711,0.0038296245
543.22,112640,-1366.3963670900002,11583,9,55,1599.3644280195235,0.2,0.9037022590637207,-1.937627102062106,0.05087890625,2990,0.0003,141.45233154296875,-0.012580614325997885,0.008093479
530.98,114688,-1334.3268030000004,11795,9,56,986.4906664848328,0.2,0.8306208401918411,-1.964189526438713,0.024609375,3000,0.0003,463.1259765625,-0.007229681839817204,0.004706244
535.34,116736,-1358.25573406,12004,9,57,835.1170503616333,0.2,0.8807169646024704,-1.9202816843986512,0.039794921875,3010,0.0003,370.6694030761719,-0.011295297238393686,0.007192821
529.44,118784,-1329.6586338500001,12217,9,58,495.5503173351288,0.2,0.8420456647872925,-1.958450648933649,0.0302734375,3020,0.0003,116.05818939208984,-0.010012159150210208,0.0043500066
517.57,120832,-1219.3246951400001,12430,9,59,2033.740244626999,0.2,0.8066391050815582,-1.9288777507841588,0.011669921875,3030,0.0003,208.12698364257812,-0.005071742541622371,0.0034389878
533.56,122880,-1230.85673165,12640,9,60,8130.428003692627,0.2,0.7696186900138855,-1.976028709113598,0.0048828125,3040,0.0003,3744.03271484375,-0.003774672900181031,0.0026836875
528.42,124928,-1231.1991934,12853,9,61,2167.2077667236326,0.2,0.7295754551887512,-1.939118255674839,0.01318359375,3050,0.0003,444.2261962890625,-0.004488390359620098,0.0053563975
519.53,126976,-1188.39497791,13065,9,62,2338.4837453842165,0.2,0.726795881986618,-1.9303453668951989,0.00029296875,3060,0.0003,515.0103149414062,-0.0042617612227331845,0.001944686
534.78,129024,-1216.51694081,13274,9,63,1824.2254608154296,0.2,0.8468688279390335,-1.927461614459753,0.023291015625,3070,0.0003,964.9515991210938,-0.009527046968287323,0.005899534
541.91,131072,-1238.40855118,13483,9,64,315.8968637704849,0.2,0.8379791527986526,-1.885358092188835,0.073046875,3080,0.0003,168.94923400878906,-0.01868003349227365,0.008771726
552.27,133120,-1259.6677178199998,13695,9,65,317.02846601009367,0.2,0.7218942940235138,-1.9204605162143706,0.0658203125,3090,0.0003,71.90167236328125,-0.015502182490308769,0.007499261
563.17,135168,-1277.5564322899997,13904,9,66,1648.2512565135955,0.2,0.7048911154270172,-1.9299194265156985,0.013330078125,3100,0.0003,259.0934753417969,-0.0067079612126690336,0.005250456
555.1,137216,-1241.58982347,14116,9,67,528.9205706596374,0.2,0.840661346912384,-1.7677537731826305,0.02958984375,3110,0.0003,375.6832580566406,-0.010504419427888934,0.0051084175
534.17,139264,-1163.3479401600002,14328,9,68,1945.2448569774629,0.2,0.728070467710495,-1.8726369731128216,0.005322265625,3120,0.0003,3191.342041015625,-0.005763282152474858,0.0024339673
534.95,141312,-1164.6221766200001,14539,9,69,3632.5105293273928,0.2,0.856871634721756,-1.8944546189159155,0.013232421875,3130,0.0003,1887.98388671875,-0.004650459506956394,0.005065467
551.22,143360,-1170.9488689300001,14748,9,70,806.4765356063842,0.2,0.8375150859355927,-1.8130529183894395,0.02705078125,3140,0.0003,284.84869384765625,-0.01251395838917233,0.005852388
562.49,145408,-1192.5752819900001,14959,9,71,480.85223588943484,0.2,0.8506085723638535,-1.7319313794374467,0.037255859375,3150,0.0003,170.29727172851562,-0.00964489567122655,0.0056923637
564.24,147456,-1145.20953131,15171,9,72,1533.6982253551482,0.2,0.7184972763061523,-1.8775350544601679,0.011474609375,3160,0.0003,243.4764404296875,-0.007582755191833712,0.0036457616
565.97,149504,-1183.41268138,15382,9,73,3415.4331278800964,0.2,0.8501754403114319,-1.9499568961560727,0.00126953125,3170,0.0003,2926.200439453125,-0.004509970205253922,0.0016786448
567.43,151552,-1168.8061686100002,15592,9,74,612.0542022705079,0.2,0.8519667536020279,-1.859557355940342,0.023291015625,3180,0.0003,91.50251770019531,-0.00959951740805991,0.0041955067
567.43,153600,-1161.34469214,15801,9,75,777.4078402042389,0.2,0.8857420533895493,-1.8768360029906035,0.021142578125,3190,0.0003,405.52001953125,-0.009381678499630652,0.0052334666
567.65,155648,-1147.07236112,16010,9,76,290.3099684238434,0.2,0.9527023918926716,-1.8450130373239517,0.04462890625,3200,0.0003,126.62145233154297,-0.014681855466915295,0.0075118644
567.61,157696,-1137.19236574,16222,9,77,1718.6397322654725,0.2,0.7081878483295441,-1.7307765521109104,0.019970703125,3210,0.0003,204.90882873535156,-0.006098017055774107,0.0045133443
552.71,159744,-1104.6758527700001,16434,9,78,3861.010381126404,0.2,0.799164205789566,-1.846343807131052,0.000146484375,3220,0.0003,1693.317626953125,-0.0031367619143566118,0.0017195235
555.36,161792,-1101.24951637,16645,9,79,2321.8851128578185,0.2,0.8282929211854935,-1.8710666343569755,0.012353515625,3230,0.0003,1379.3084716796875,-0.006130426123854704,0.0046544448
541.36,163840,-1089.04391155,16859,9,80,1953.2820615053176,0.2,0.9303349629044533,-1.9343886960297823,0.0435546875,3240,0.0003,1163.8599853515625,-0.010801526336581446,0.006800125
551.97,165888,-1095.48134715,17068,9,81,3336.1954498291016,0.2,0.7859570384025574,-1.8612627681344747,0.012158203125,3250,0.0003,828.428466796875,-0.004875485257070977,0.0037796283
564.2,167936,-1113.54098922,17279,9,82,565.586478805542,0.2,0.9077460542321205,-1.7966217070817947,0.04375,3260,0.0003,157.5789337158203,-0.012688443428487517,0.0066119204
562.93,169984,-1112.32517064,17490,9,83,2238.3012323856356,0.2,0.84728142619133,-1.7807320896536112,0.00751953125,3270,0.0003,468.4547424316406,-0.006204636915936135,0.0032330544
560.46,172032,-1087.92822125,17703,9,84,290.2166041612625,0.2,0.9358868896961212,-1.8635382145643233,0.041064453125,3280,0.0003,63.58897018432617,-0.013391852093627676,0.006654248
560.46,174080,-1077.44577813,17912,9,85,2412.6047904014586,0.2,0.7318775355815887,-1.847284823283553,0.0169921875,3290,0.0003,244.53628540039062,-0.005532343180675525,0.0046826783
569.44,176128,-1087.15371026,18121,9,86,328.2565783262253,0.2,0.8549818247556686,-1.7742570601403713,0.03935546875,3300,0.0003,73.37870788574219,-0.011601883999537677,0.005703354
585.08,178176,-1126.2072677100002,18330,9,87,1170.8932186603547,0.2,0.8761550858616829,-1.8548722069710493,0.0171875,3310,0.0003,105.21771240234375,-0.0065407672489527615,0.003642532
592.37,180224,-1180.55574779,18541,9,88,195.6781201839447,0.2,0.9284916743636131,-1.7108914639800787,0.05712890625,3320,0.0003,62.98091506958008,-0.01418294024770148,0.007404444
585.44,182272,-1184.07410891,18752,9,89,2038.8556050777436,0.2,0.8303874582052231,-1.8899397298693656,0.017236328125,3330,0.0003,224.10621643066406,-0.006073022900091018,0.005280288
588.0,184320,-1166.6664203100001,18966,9,90,661.4915971517563,0.2,0.9182534292340279,-1.761924010887742,0.03642578125,3340,0.0003,80.47348022460938,-0.012353338074171915,0.005103817
595.83,186368,-1172.1140224,19175,9,91,6009.182099723816,0.2,0.5850245356559753,-1.8613344937562943,0.018896484375,3350,0.0003,720.2286987304688,-0.0044647115500993095,0.005727753
583.42,188416,-1136.93929734,19387,9,92,201.12995660305023,0.2,0.8980373293161392,-1.8133468538522721,0.070166015625,3360,0.0003,113.48194885253906,-0.019006323303619864,0.009443084
591.6,190464,-1174.80237616,19597,9,93,1870.1124523639678,0.2,0.7413507997989655,-1.837188446521759,0.034716796875,3370,0.0003,82.9620132446289,-0.005443748907418921,0.0063358517
595.54,192512,-1198.14464118,19806,9,94,681.4632429122925,0.2,0.7998296171426773,-1.84904108569026,0.049560546875,3380,0.0003,192.840087890625,-0.014574796112719923,0.0070868987
580.66,194560,-1131.0443910899999,20018,9,95,379.0426737785339,0.2,0.7806519567966461,-1.8835772521793843,0.0458984375,3390,0.0003,223.5688018798828,-0.013661620959464927,0.007757595
586.08,196608,-1162.30249768,20229,9,96,4802.475828170776,0.2,0.47371065616607666,-1.739819649234414,0.0017578125,3400,0.0003,467.62677001953125,-0.002808363802614622,0.0020845924
596.38,198656,-1206.5062643600002,20438,9,97,521.568794631958,0.2,0.8959810733795166,-1.829405203461647,0.024072265625,3410,0.0003,119.5094985961914,-0.009667783611803316,0.0055014333
596.83,200704,-1161.69107473,20649,9,98,753.728358578682,0.2,0.7901570647954941,-1.8766797080636024,0.064111328125,3420,0.0003,150.9716339111328,-0.011953600589185953,0.0075033503
583.15,202752,-1112.40179135,20862,9,99,2876.786121368408,0.2,0.5460662543773651,-1.8811338253319263,0.0068359375,3430,0.0003,1834.9954833984375,-0.004480904611409642,0.0036112657
580.66,204800,-1106.5566868,21073,9,100,3944.4609815597532,0.2,0.8383979350328445,-1.8534008480608464,0.008056640625,3440,0.0003,1139.783203125,-0.0037535099603701384,0.003716385
586.38,206848,-1104.0236138,21283,9,101,2534.5323241233828,0.2,0.8941225707530975,-1.8279995128512383,0.031787109375,3450,0.0003,834.0133666992188,-0.008771136097493581,0.00434272
586.65,208896,-1079.31101061,21495,9,102,3397.6082849502563,0.2,0.7145653665065765,-1.7069961752742528,0.009033203125,3460,0.0003,549.1875,-0.0031183284474536775,0.004116931
580.22,210944,-1066.2471037200003,21705,9,103,1355.5412176132202,0.2,0.9236059859395027,-1.7974427856504918,0.034619140625,3470,0.0003,286.4679870605469,-0.01104524508700706,0.00678159
582.26,212992,-1057.3082870500002,21915,9,104,1493.1360882759095,0.2,0.9366682842373848,-1.861592223867774,0.005322265625,3480,0.0003,154.36512756347656,-0.005617971366154962,0.0031233893
573.77,215040,-1066.56777329,22127,9,105,4190.831100845337,0.2,0.8720162808895111,-1.8150616224855185,0.000537109375,3490,0.0003,1988.7789306640625,-0.0029721473751123995,0.0019518468
576.52,217088,-1026.11771277,22339,9,106,1427.8846527099608,0.2,0.9255967289209366,-1.8285562992095947,0.02646484375,3500,0.0003,187.3038787841797,-0.008332303033967037,0.0042175828
577.96,219136,-1021.81654204,22550,9,107,5299.019891166687,0.2,0.8617906123399734,-1.8451990582048894,0.006982421875,3510,0.0003,3055.79150390625,-0.004749341323622503,0.0033921266
592.69,221184,-1050.8596178900002,22758,9,108,1278.0597331523895,0.2,0.9092476665973663,-1.841031001135707,0.027880859375,3520,0.0003,1532.9085693359375,-0.010542633390286937,0.005065359
609.68,223232,-1066.27969685,22967,9,109,321.72658760547637,0.2,0.9216050207614899,-1.8292196664959193,0.065869140625,3530,0.0003,76.01046752929688,-0.014110069473099429,0.0075977463
607.41,225280,-1030.8602388099998,23179,9,110,328.7564785480499,0.2,0.8075883388519287,-1.789275773614645,0.049072265625,3540,0.0003,108.49369049072266,-0.013249388018448372,0.0054551223
584.12,227328,-1009.72829225,23392,9,111,2550.8425706386565,0.2,0.750005304813385,-1.8243207879364491,0.028271484375,3550,0.0003,1143.20361328125,-0.008219881501281634,0.003943554
586.16,229376,-992.9322379600001,23603,9,112,2472.9341972351076,0.2,0.5409874618053436,-1.7554563194513322,0.029345703125,3560,0.0003,2357.18408203125,-0.006517249732860364,0.00524633
599.9,231424,-1005.5652069700002,23812,9,113,2107.7173862457275,0.2,0.5542664229869843,-1.734029921516776,0.023095703125,3570,0.0003,333.5838623046875,-0.008850384685501922,0.004035499
596.62,233472,-976.72118244,24023,9,114,3847.350877714157,0.2,0.2752302885055542,-1.731391366943717,0.04521484375,3580,0.0003,192.61508178710938,-0.011066249496070667,0.0056362282
602.26,235520,-996.0685863799999,24232,9,115,4488.175226640701,0.2,0.4437509775161743,-1.6827815406024456,0.067041015625,3590,0.0003,409.3265380859375,-0.011213102226611227,0.0062296996
590.23,237568,-959.6726053999998,24443,9,116,358.85013258457184,0.2,0.8782285526394844,-1.786954167857766,0.06728515625,3600,0.0003,45.157012939453125,-0.017895161570049823,0.008127255
568.36,239616,-860.86578265,24661,9,117,5101.729275894165,0.2,0.36793798208236694,-1.73982490375638,0.00126953125,3610,0.0003,777.1033935546875,-0.00505610561085632,0.0013695331
576.69,241664,-898.60720917,24871,9,118,8538.929772186279,0.2,0.45219022035598755,-1.8184631817042827,0.00126953125,3620,0.0003,665.6257934570312,-0.003068454479216598,0.002072297
575.71,243712,-884.5709421000003,25080,9,119,1489.0521348953248,0.2,0.682142972946167,-1.720266305655241,0.025927734375,3630,0.0003,537.29345703125,-0.007025758430245332,0.004828856
579.23,245760,-894.4476341200002,25290,9,120,1499.8626455783844,0.2,0.753740057349205,-1.5699185594916343,0.0021484375,3640,0.0003,144.38922119140625,-0.003366357408231124,0.002137218
573.11,247808,-816.78969903,25502,9,121,1613.7728727340698,0.2,0.8440440446138382,-1.808309867233038,0.05185546875,3650,0.0003,170.65484619140625,-0.007247873482992872,0.005423175
554.63,249856,-832.04434797,25715,9,122,2744.156501960754,0.2,0.7597648054361343,-1.7721475388854742,0.019677734375,3660,0.0003,408.3486022949219,-0.006942025368334726,0.004345159
533.16,251904,-766.9566107999999,25930,9,123,1365.8552770614624,0.2,0.812567338347435,-1.8696004804223776,0.04375,3670,0.0003,269.4852600097656,-0.01052090101147769,0.007920444
533.49,253952,-773.7276238399999,26142,9,124,5070.617500877381,0.2,0.6974702477455139,-1.8702733628451824,0.005615234375,3680,0.0003,651.9456176757812,-0.00460013433767017,0.002759597
528.64,256000,-783.3592765899999,26356,9,125,4628.584483814239,0.2,0.5663080513477325,-1.7919915631413459,0.007177734375,3690,0.0003,445.7674865722656,-0.006010853583575226,0.0034858834
516.26,258048,-783.7645934000002,26570,9,126,2947.1972501754763,0.2,0.8142149150371552,-1.7524131663143634,0.01513671875,3700,0.0003,2086.795654296875,-0.007186644512694329,0.003163067
487.89,260096,-670.4980339099998,26785,9,127,7726.028213500977,0.2,0.7804552018642426,-1.918362656980753,0.0001953125,3710,0.0003,2098.90673828125,-0.002835224171576556,0.0018087572
479.33,262144,-635.53774686,26999,9,128,5870.113885498047,0.2,0.8537185490131378,-1.7984067760407925,0.007568359375,3720,0.0003,550.6218872070312,-0.004908183496445418,0.004071202
471.79,264192,-633.8144158800001,27211,9,129,5101.061374664307,0.2,0.7224852442741394,-1.851462109386921,0.002587890625,3730,0.0003,503.2571105957031,-0.004325787286506966,0.0034626639
429.85,266240,-555.0016438899999,27427,9,130,4735.693693351745,0.2,0.8662131726741791,-1.8567500576376914,0.00986328125,3740,0.0003,1877.6358642578125,-0.005284177417343017,0.0036836565
426.79,268288,-563.29571,27639,9,131,7227.1522415161135,0.2,0.8560106307268143,-1.9064818605780602,9.765625e-05,3750,0.0003,6499.87451171875,-0.0020974648592527955,0.0015607872
430.2,270336,-566.89238604,27849,9,132,2665.525638771057,0.2,0.8913924470543861,-1.9302506316453218,0.02138671875,3760,0.0003,585.6784057617188,-0.00588129656680394,0.004768596
425.67,272384,-534.4453138700001,28062,9,133,2002.4746049880982,0.2,0.7076517939567566,-1.8191980123519897,0.00302734375,3770,0.0003,245.85153198242188,-0.00556348723184783,0.0030898645
426.02,274432,-516.98939133,28274,9,134,2574.779562664032,0.2,0.8802758753299713,-1.7797147765755654,0.0021484375,3780,0.0003,195.6242218017578,-0.00396207393205259,0.002795992
408.01,276480,-475.08369270000003,28486,9,135,2874.2603492736816,0.2,0.8859395086765289,-1.872819170728326,0.016943359375,3790,0.0003,1159.97802734375,-0.006528811196039897,0.0035952143
403.7,278528,-461.20073355,28697,9,136,4579.775774002075,0.2,0.7457371056079865,-1.8067177463322879,0.0017578125,3800,0.0003,582.7346801757812,-0.0038060035367379896,0.0019953235
407.56,280576,-463.63543723000004,28910,9,137,5247.741227722168,0.2,0.7614321559667587,-1.930526538938284,0.000830078125,3810,0.0003,890.7893676757812,-0.0031437021971214563,0.0019878342
423.57,282624,-505.43986280999997,29119,9,138,4786.081896591187,0.2,0.7819899767637253,-1.8400647457689048,0.008984375,3820,0.0003,2966.071044921875,-0.003966537490487099,0.0024930749
408.29,284672,-457.22576739,29334,9,139,1179.700527572632,0.2,0.8293598592281342,-1.8345567815005779,0.040380859375,3830,0.0003,359.30499267578125,-0.01217800882004667,0.0066281124
404.6,286720,-441.78536876000004,29544,9,140,7685.756221008301,0.2,0.6549441516399384,-1.7653370026499033,0.0,3840,0.0003,1842.8243408203125,-0.002795096367481165,0.0006733143
401.92,288768,-406.94545171000004,29758,9,141,1136.3883824825286,0.2,0.9008634760975838,-1.7050513304769992,0.031787109375,3850,0.0003,236.58670043945312,-0.008900279566296377,0.0049897255
406.26,290816,-342.08471118,29970,9,142,4227.182690620422,0.2,0.8821787685155869,-1.8191371481865644,0.0,3860,0.0003,1430.9267578125,-0.0027554423024412243,0.0013404833
416.82,292864,-356.9452310499999,30182,9,143,3177.781997680664,0.2,0.8906139805912971,-1.8168508175760507,0.010546875,3870,0.0003,589.6896362304688,-0.004583312009344809,0.0030837606
418.67,294912,-381.9836864199999,30391,9,144,1701.3968385696412,0.2,0.9200873300433159,-1.697089261189103,0.070361328125,3880,0.0003,892.6753540039062,-0.012823401446803473,0.007157863
421.92,296960,-375.47431847000007,30604,9,145,662.0340080738067,0.2,0.7773716300725937,-1.8210495334118604,0.065234375,3890,0.0003,109.25568389892578,-0.011331760704342742,0.006260055
436.31,299008,-392.80195870000006,30813,9,146,2413.285531616211,0.2,0.819305881857872,-1.7892030999064445,0.023876953125,3900,0.0003,410.5481872558594,-0.006844206241657958,0.0049021086
432.57,301056,-395.59640849999994,31025,9,147,193.78688517808914,0.2,0.9166045188903809,-1.7854486029595136,0.08857421875,3910,0.0003,54.75204849243164,-0.016544521963805892,0.010257203
448.43,303104,-426.20079383999996,31237,9,148,3673.401601028442,0.2,0.6792621314525604,-1.8139970798045397,0.000439453125,3920,0.0003,1173.94921875,-0.003707259354996495,0.0025946978
464.02,305152,-474.02856650999996,31447,9,149,1030.410551929474,0.2,0.8117620795965195,-1.7430834122002126,0.036474609375,3930,0.0003,233.00949096679688,-0.010670050482440274,0.005754106
471.44,307200,-498.55424716,31657,9,150,880.3189178943634,0.2,0.8332381546497345,-1.7261879459023475,0.050341796875,3940,0.0003,95.76881408691406,-0.013178265420719981,0.0077197556
480.33,309248,-499.2018246999999,31867,9,151,933.3414017438888,0.2,0.8387893289327621,-1.7039660673588515,0.04052734375,3950,0.0003,144.53807067871094,-0.00986956136621302,0.0061148177
483.45,311296,-509.56667889,32080,9,152,558.8638148903847,0.2,0.8496100157499313,-1.5528119582682849,0.072998046875,3960,0.0003,161.01541137695312,-0.012462181827868336,0.008892546
486.66,313344,-522.55914148,32291,9,153,2165.232220172882,0.2,0.7945630252361298,-1.7588802408427,0.00234375,3970,0.0003,1556.03125,-0.005262264466728084,0.0017155156
496.9,315392,-519.25346787,32503,9,154,1993.2657801628113,0.2,0.813473641872406,-1.7182051330804824,0.0001953125,3980,0.0003,724.51904296875,-0.003403270200942643,0.0020415457
507.34,317440,-547.31299126,32714,9,155,1816.1623111724853,0.2,0.9026872590184212,-1.796642776951194,0.003271484375,3990,0.0003,356.4693603515625,-0.005226021216367371,0.003699391
476.75,319488,-519.504592,32934,9,156,1803.9224197387696,0.2,0.8751920834183693,-1.8854001905769109,0.0017578125,4000,0.0003,609.9071655273438,-0.005330486013554037,0.0037188525
469.52,321536,-516.8468120100001,33146,9,157,5303.618462181092,0.2,0.8516869843006134,-1.847924669086933,0.0052734375,4010,0.0003,5383.193359375,-0.0038655036812997425,0.0020327424
451.35,323584,-492.5819056899999,33363,9,158,4463.922499847412,0.2,0.832374095916748,-1.716371236741543,0.014306640625,4020,0.0003,321.5274658203125,-0.003769187370198779,0.0048187305
440.77,325632,-486.2073355300001,33577,9,159,3478.4734457015993,0.2,0.9102822914719582,-1.7370970956981182,0.031298828125,4030,0.0003,869.2247314453125,-0.00718784623168176,0.0052203336
436.88,327680,-464.42089984,33789,9,160,5070.237088394165,0.2,0.8651682287454605,-1.824162957817316,0.006689453125,4040,0.0003,3126.837646484375,-0.004512927489122376,0.0034436162
435.76,329728,-511.0491983099999,34003,9,161,5839.886714935303,0.2,0.6820186376571655,-1.7955504775047302,0.0,4050,0.0003,3159.773193359375,-0.002402868498757016,0.00046712972
432.65,331776,-501.64679278000006,34216,9,162,5583.833417320251,0.2,0.7631475627422333,-1.8637896910309792,0.005224609375,4060,0.0003,2202.801025390625,-0.003956793708493933,0.0027443832
432.21,333824,-519.4169582499999,34429,9,163,4966.941139221191,0.2,0.7862580716609955,-1.811087964475155,0.000830078125,4070,0.0003,1667.6190185546875,-0.0029430681679514237,0.0021898714
430.16,335872,-518.64605215,34642,9,164,2578.023092842102,0.2,0.9160792082548141,-1.5844160124659539,0.01015625,4080,0.0003,2099.552490234375,-0.00586420532054035,0.0035805528
425.49,337920,-499.30514547,34854,9,165,3247.1466265678405,0.2,0.8507955223321915,-1.6782399732619524,0.01494140625,4090,0.0003,700.7374877929688,-0.004877435638627503,0.0049140714
398.39,339968,-427.48919428,35068,9,166,1631.9331985473632,0.2,0.9223770871758461,-1.640138716250658,0.039794921875,4100,0.0003,353.02508544921875,-0.009281946517876349,0.007099317
395.65,342016,-427.6506921000001,35282,9,167,4618.314713859558,0.2,0.8865377977490425,-1.8752887066453696,0.003955078125,4110,0.0003,1016.9097900390625,-0.004363408839708427,0.0026755435
384.51,344064,-405.3296437200001,35496,9,168,6139.5617752075195,0.2,0.8566122502088547,-1.830188050493598,0.0021484375,4120,0.0003,1487.574462890625,-0.0029435597811243498,0.0030437917
357.94,346112,-341.43875245,35711,9,169,3382.9807181358337,0.2,0.866999015212059,-1.8580334570258856,0.02783203125,4130,0.0003,2119.357177734375,-0.00749050707090646,0.0048544086
362.68,348160,-352.9170397099999,35923,9,170,5472.086585998535,0.2,0.9180093333125114,-1.856267700716853,0.0001953125,4140,0.0003,1493.5308837890625,-0.0023332579934503884,0.0011236072
346.82,350208,-298.2906887500001,36137,9,171,3658.7518741607664,0.2,0.7500836551189423,-1.6189551625400782,0.0103515625,4150,0.0003,745.9459228515625,-0.004753459079074674,0.0026470507
341.74,352256,-271.13301286,36352,9,172,6436.8256719589235,0.2,0.8771630674600601,-1.8821358054876327,0.01484375,4160,0.0003,356.2785949707031,-0.005150517539004795,0.003969213
349.44,354304,-240.22028687000002,36566,9,173,4375.339886283875,0.2,0.8523677885532379,-1.6749111451208591,0.00048828125,4170,0.0003,1539.7803955078125,-0.003149633496650495,0.0018861382
348.97,356352,-210.07248154999996,36780,9,174,2843.6791650772093,0.2,0.9287139326334,-1.69818065315485,0.016455078125,4180,0.0003,1123.188232421875,-0.0064654493675334376,0.0049570883
353.42,358400,-195.67242341000005,36996,9,175,7529.781756973267,0.2,0.772847056388855,-1.7890143845230342,0.007080078125,4190,0.0003,2480.25634765625,-0.0036709233798319476,0.0022642754
356.44,360448,-217.13803397999993,37208,9,176,9901.6861328125,0.2,0.6710444986820221,-1.7568994455039502,0.001220703125,4200,0.0003,3805.6953125,-0.003505417965061497,0.002036403
327.63,362496,-181.91515813,37430,9,177,1408.1747097015382,0.2,0.8605755418539047,-1.5181706540286541,0.01259765625,4210,0.0003,465.7698059082031,-0.00624374050530605,0.0042268466
309.27,364544,-115.01405031,37650,9,178,7544.328329849243,0.2,0.8130970299243927,-1.8262893825769424,0.001953125,4220,0.0003,1216.21728515625,-0.0030970488413004206,0.0024019026
295.49,366592,-143.10175149000005,37867,9,179,6873.406076812744,0.2,0.9125071167945862,-1.8436468172818423,0.007763671875,4230,0.0003,2172.111572265625,-0.004211605031741783,0.0036555864
288.16,368640,-191.62599747000002,38084,9,180,6908.137728881836,0.2,0.7337133288383484,-1.8215536236763001,0.000244140625,4240,0.0003,1833.6458740234375,-0.004136923482292332,0.00270497
288.73,370688,-165.34729414,38298,9,181,6854.888169097901,0.2,0.8117435425519943,-1.8697479967027903,0.0,4250,0.0003,3233.731689453125,-0.0016333316176314837,0.00032683404
275.21,372736,-145.82786724000002,38517,9,182,5615.558711242676,0.2,0.8442422598600388,-1.715529315173626,0.0,4260,0.0003,1502.629638671875,-0.0027767943363869564,0.0009304936
255.73,374784,-170.78508266,38739,9,183,6037.302018356323,0.2,0.8868705481290817,-1.7508141644299031,0.001416015625,4270,0.0003,1898.710693359375,-0.0034222036818391645,0.0016033322
230.24,376832,-151.83723282999998,38959,9,184,7977.86418762207,0.2,0.8717633634805679,-1.902272568643093,0.001220703125,4280,0.0003,2721.77587890625,-0.003131400325219147,0.0023816784
236.52,378880,-174.69272564,39174,9,185,10808.496699523927,0.2,0.712143212556839,-1.8793478537350894,0.0017578125,4290,0.0003,4035.8330078125,-0.0024318905561813153,0.0015026088
217.76,380928,-185.87003499,39394,9,186,5061.204691696167,0.2,0.7502746880054474,-1.6832440111786127,0.000390625,4300,0.0003,644.637451171875,-0.00250573186785914,0.0016666192
217.17,382976,-153.53555837,39613,9,187,7537.296629714966,0.2,0.8242935538291931,-1.8371002290397882,0.0,4310,0.0003,2224.995361328125,-0.0020354558975668622,0.001837255
213.98,385024,-170.56354832,39831,9,188,8126.460001373291,0.2,0.8574151545763016,-1.8972655571997166,0.0,4320,0.0003,2202.994140625,-0.0022090550599386917,0.00078147324
220.88,387072,-195.11341760999997,40048,9,189,5374.221927642822,0.2,0.8850730732083321,-1.8414929777383804,0.00205078125,4330,0.0003,2030.423095703125,-0.0038761124931625092,0.002738182
213.74,389120,-181.10708438999998,40267,9,190,8286.196302032471,0.2,0.8448831588029861,-1.8950569242239,0.0125,4340,0.0003,5090.14892578125,-0.004459034083993174,0.004484733
206.99,391168,-138.66597879999998,40488,9,191,7222.894599151611,0.2,0.8127361983060837,-1.8221197441220283,0.003466796875,4350,0.0003,910.971435546875,-0.002686735094175674,0.0019166818
205.13,393216,-104.77178529999999,40704,9,192,5911.901164627076,0.2,0.9126871675252914,-1.8285906828939915,0.0,4360,0.0003,1589.974365234375,-0.0024344540448510087,0.0010223396
213.24,395264,-95.06105034000001,40919,9,193,5119.140664672852,0.2,0.9164560064673424,-1.9614736404269935,0.008642578125,4370,0.0003,1272.0816650390625,-0.004011742473812774,0.0034264938
223.79,397312,-104.71529433000002,41137,9,194,6186.297887039184,0.2,0.8464784622192383,-1.8252018719911576,0.0,4380,0.0003,2372.44677734375,-0.0021519497444387526,0.0005858757
209.8,399360,-35.41170424,41361,9,195,4765.188640594482,0.2,0.9139577299356461,-1.7694344844669103,0.0,4390,0.0003,2043.218994140625,-0.002270433546800632,0.0008023381
204.96,401408,14.546671610000017,41583,9,196,8331.94006729126,0.2,0.8860334753990173,-1.8902876913547515,0.000146484375,4400,0.0003,2860.26220703125,-0.0024370000784983857,0.0017198817
194.98,403456,-17.82940612999999,41809,9,197,6458.675889968872,0.2,0.8894373551011086,-1.9217961553484202,0.000244140625,4410,0.0003,2874.541259765625,-0.0027649421652313324,0.0014162678
188.83,405504,-41.32378426999999,42030,9,198,4563.599646759033,0.2,0.9342527687549591,-1.8821322176605464,0.006689453125,4420,0.0003,1380.09521484375,-0.006004698688047938,0.0039826855
179.91,407552,-67.23422645,42254,9,199,6879.3913299560545,0.2,0.8621653467416763,-1.9011523898690939,0.0,4430,0.0003,4678.7177734375,-0.0021122585865668954,0.0010223088
170.89,409600,-73.55178645999999,42476,9,200,9456.419734954834,0.2,0.8763057887554169,-1.839829808846116,0.0021484375,4440,0.0003,3800.2412109375,-0.0033055580366635694,0.0027794684
156.39,411648,-49.34754708999999,42696,9,201,9204.639477539062,0.2,0.8530592620372772,-1.8386587239801884,0.0,4450,0.0003,3918.69091796875,-0.0013663825899129733,0.0002143404
155.02,413696,-69.03513873,42919,9,202,6411.956202697754,0.2,0.9298815876245499,-1.8492241617292167,0.0052734375,4460,0.0003,1838.57080078125,-0.0037308912898879497,0.0037188886
166.26,415744,-67.05995974000001,43135,9,203,4160.034325408936,0.2,0.9382150806486607,-1.9025263965129853,0.00107421875,4470,0.0003,2742.16162109375,-0.004353052555234172,0.0017933813
160.29,417792,-119.68759916000003,43362,9,204,4205.691862106323,0.2,0.9457876719534397,-1.8637608237564565,0.002099609375,4480,0.0003,680.486572265625,-0.0054285323931253515,0.0032360037
166.34,419840,-110.21502215999999,43581,9,205,9854.951281738282,0.2,0.8864804357290268,-1.7410658463835715,0.000244140625,4490,0.0003,8035.287109375,-0.0024455380305880682,0.0014672576
169.4,421888,-83.37308050000001,43800,9,206,5954.8408279418945,0.2,0.8858074769377708,-1.862341560050845,0.0,4500,0.0003,1237.67724609375,-0.001858046546112746,0.0009877982
175.04,423936,-37.060665769999986,44019,9,207,4147.015882873535,0.2,0.8844265341758728,-1.7557117957621813,0.00849609375,4510,0.0003,1953.937255859375,-0.004109811794478446,0.0025711185
184.41,425984,4.454779300000006,44236,9,208,4604.045296478272,0.2,0.9174778386950493,-1.8297008939087391,0.002392578125,4520,0.0003,906.9716796875,-0.0028594488314411136,0.001943711
190.34,428032,-9.046641909999998,44454,9,209,5003.4747215271,0.2,0.9282597228884697,-1.8375032629817725,0.000634765625,4530,0.0003,1794.0052490234375,-0.0032156472210772336,0.0015422308
188.1,430080,-6.631010689999983,44677,9,210,6850.712913131714,0.2,0.8639070391654968,-1.7420483835041523,0.007373046875,4540,0.0003,2340.349365234375,-0.004261601847247221,0.0032256376
183.71,432128,-29.44166446999999,44902,9,211,5975.3320236206055,0.2,0.9287242293357849,-1.8624892976135015,0.0197265625,4550,0.0003,2179.98193359375,-0.0063771963395993225,0.004726072
179.5,434176,-68.55615495,45123,9,212,6464.888441467285,0.2,0.923912525177002,-1.7832163792103528,0.003369140625,4560,0.0003,1917.9239501953125,-0.003782572117052041,0.0024004593
184.67,436224,-17.27544661999999,45341,9,213,8476.242088317871,0.2,0.840111717581749,-1.8335906498134136,0.0001953125,4570,0.0003,1512.149658203125,-0.0028634743532165883,0.0020612746
189.4,438272,-47.71563504999998,45561,9,214,6224.339651489257,0.2,0.88015928119421,-1.6971268702298403,0.000390625,4580,0.0003,991.2021484375,-0.0027845994685776533,0.0011474264
188.89,440320,-54.614348800000016,45778,9,215,5379.6041446685795,0.2,0.8963970616459846,-1.7260259799659252,0.0,4590,0.0003,2646.075439453125,-0.003052121498330962,0.0009884606
182.43,442368,-33.31265332999999,46002,9,216,3938.6394704818726,0.2,0.9251323491334915,-1.8477238062769175,0.000341796875,4600,0.0003,724.1943359375,-0.0033435098914196713,0.0016929224
179.49,444416,-68.74705019999999,46221,9,217,9408.651384735107,0.2,0.89614237844944,-1.7549795258790255,0.0,4610,0.0003,4087.83447265625,-0.0016322103940183297,0.0007040402
181.2,446464,-64.47070654999999,46440,9,218,8806.382818984985,0.2,0.8927318602800369,-1.7714293587952852,0.0,4620,0.0003,2718.37890625,-0.0019459395727608353,0.0014015808
189.36,448512,-38.18619213,46656,9,219,4152.616042327881,0.2,0.9379296563565731,-1.7922624070197344,0.012744140625,4630,0.0003,1185.976318359375,-0.004719701639260165,0.004414944
191.59,450560,-41.66587383,46876,9,220,4523.320657539368,0.2,0.8777497336268425,-1.7868860065937042,0.0,4640,0.0003,1897.3453369140625,-0.0018549817759776488,0.0006623462
197.94,452608,-60.49747855,47096,9,221,9467.298329925537,0.2,0.71891188621521,-1.8519933443516492,0.01435546875,4650,0.0003,2973.725341796875,-0.004034427562146448,0.0041962224
193.97,454656,-101.95914818000003,47321,9,222,6490.462271881103,0.2,0.9047878235578537,-1.8276508387178183,0.003369140625,4660,0.0003,2312.557373046875,-0.0036488033481873574,0.0035463222
189.84,456704,-64.9851656,47541,9,223,6482.488258361816,0.2,0.8733271211385727,-1.8584044575691223,0.000927734375,4670,0.0003,2565.711181640625,-0.0026929283412755467,0.0023710052
183.66,458752,-8.281793279999988,47761,9,224,4054.285729598999,0.2,0.9197505414485931,-1.8566611558198929,0.004443359375,4680,0.0003,1224.7203369140625,-0.003760668120230548,0.0024494675
183.65,460800,-49.22107605000002,47984,9,225,5494.888472747803,0.2,0.9103003442287445,-1.8577589001506567,0.000146484375,4690,0.0003,1930.1678466796875,-0.002759925214922987,0.0008910095
179.15,462848,-42.684307529999984,48208,9,226,6480.986967468261,0.2,0.9273693338036537,-1.8387377109378575,0.0001953125,4700,0.0003,1562.85791015625,-0.003651352571614552,0.0018209247
166.51,464896,-17.856304659999996,48430,9,227,6446.223980712891,0.2,0.9210263714194298,-1.8259947206825018,0.005615234375,4710,0.0003,1993.0799560546875,-0.004827251308597624,0.003907052
165.86,466944,-1.1531244700000058,48652,9,228,5654.689513015747,0.2,0.9441729970276356,-1.7940345834940672,0.00244140625,4720,0.0003,1597.937255859375,-0.0032557204249314964,0.0022382303
156.44,468992,43.50253344999997,48879,9,229,10947.036112213134,0.2,0.8269810527563095,-1.838250907883048,0.000341796875,4730,0.0003,3975.29638671875,-0.0023240631839144044,0.0011686084
162.62,471040,63.099593829999996,49098,9,230,5990.716598892212,0.2,0.9032407104969025,-1.8283837240189313,0.0,4740,0.0003,2059.421630859375,-0.0021359783844673076,0.00062356703
159.61,473088,56.368916840000004,49320,9,231,6147.38752822876,0.2,0.910362184047699,-1.8346197072416544,0.0,4750,0.0003,1464.435791015625,-0.0021127260872162877,0.0008085918
158.15,475136,19.821580449999995,49542,9,232,3609.219143295288,0.2,0.9261990189552307,-1.8209471378475428,0.001806640625,4760,0.0003,1443.510498046875,-0.004370129085145891,0.004181482
163.73,477184,58.05475434000001,49760,9,233,8674.289804840088,0.2,0.8472781777381897,-1.831854047626257,0.001416015625,4770,0.0003,1596.52978515625,-0.003023948601912707,0.0021305173
164.87,479232,41.473550089999996,49984,9,234,8697.02724761963,0.2,0.8208869397640228,-1.6888357788324355,0.001220703125,4780,0.0003,1963.1484375,-0.003236626030411571,0.0025469507
158.8,481280,3.41362563999999,50212,9,235,10610.532349395751,0.2,0.8436645865440369,-1.7340631168335676,0.000146484375,4790,0.0003,2597.07275390625,-0.0013981912954477594,0.0011457673
156.37,483328,-7.834632890000007,50436,9,236,10123.495928955079,0.2,0.8678301125764847,-1.7373069994151593,0.0,4800,0.0003,3219.70751953125,-0.0020400297886226325,0.0008231137
146.64,485376,7.704210940000016,50666,9,237,6366.5863410949705,0.2,0.9060784354805946,-1.7171058267354966,0.0,4810,0.0003,2612.580322265625,-0.0015047027511172928,0.00034306926
146.46,487424,38.77091734999998,50888,9,238,8799.18843307495,0.2,0.8885012045502663,-1.7170739855617285,0.0,4820,0.0003,4772.64306640625,-0.0017030352959409357,0.00048700869
145.29,489472,35.43415153000001,51110,9,239,4918.397733306885,0.2,0.9064702838659286,-1.7745703969150781,0.00439453125,4830,0.0003,898.4179077148438,-0.0037091495280037632,0.0035961661
136.38,491520,-7.4155713199999935,51337,9,240,4018.2984870910645,0.2,0.9339148551225662,-1.747031731531024,0.0017578125,4840,0.0003,715.7853393554688,-0.00389352910569869,0.0037807566
138.53,493568,-16.01616898,51558,9,241,7098.617567825318,0.2,0.9068723991513252,-1.6600399434566497,0.0,4850,0.0003,1715.3455810546875,-0.002443720801966265,0.0014617187
145.72,495616,12.77553182000002,51780,9,242,7881.129001998901,0.2,0.8799254521727562,-1.6714922539889812,0.0,4860,0.0003,1702.539794921875,-0.001623062780709006,0.0006173254
143.63,497664,35.69593078,52006,9,243,4138.238811874389,0.2,0.9434457346796989,-1.661484545841813,0.000634765625,4870,0.0003,1888.1734619140625,-0.002783261578588281,0.0015469089
146.14,499712,15.456925019999995,52231,9,244,5973.093326187134,0.2,0.9243511036038399,-1.6681674875319004,0.0001953125,4880,0.0003,2904.966796875,-0.001982835860690102,0.0013014255
147.72,501760,30.39240957000001,52456,9,245,6833.377104568482,0.2,0.9034349769353867,-1.6998056888580322,0.000634765625,4890,0.0003,1349.6890869140625,-0.0021843383845407517,0.0019035112
139.7,503808,95.23164278,52682,9,246,7149.25263748169,0.2,0.9108958914875984,-1.7002310771495104,9.765625e-05,4900,0.0003,1161.7802734375,-0.0020614316628780214,0.0012981462
143.62,505856,40.47127744999999,52904,9,247,5055.558263015747,0.2,0.9261361211538315,-1.6905184615403415,0.012646484375,4910,0.0003,1140.94580078125,-0.003561992273898795,0.0047603087
144.32,507904,85.96840795,53127,9,248,4610.468615722656,0.2,0.9185328185558319,-1.6023436564952136,0.0,4920,0.0003,1360.499267578125,-0.0017894063726998865,0.0005801133
141.63,509952,51.40226285999999,53350,9,249,1969.4381411552429,0.2,0.9705249220132828,-1.6339149180799724,0.003515625,4930,0.0003,687.4642944335938,-0.004136018978897482,0.0030106695
143.82,512000,47.30564322,53575,9,250,7579.550475692749,0.2,0.8649541735649109,-1.6820163667201995,0.00087890625,4940,0.0003,1525.316162109375,-0.0026404914649901913,0.0022472783
145.84,514048,90.13323356,53797,9,251,6276.017007827759,0.2,0.9280334487557411,-1.6482122402638197,0.0,4950,0.0003,5603.27392578125,-0.002395673349383287,0.0011202623
145.7,516096,77.08876375,54022,9,252,8869.520324707031,0.2,0.8420007675886154,-1.6388522792607545,0.000537109375,4960,0.0003,3993.936279296875,-0.00235228082165122,0.0013644525
154.33,518144,97.73397012,54241,9,253,6110.882516098022,0.2,0.9212028086185455,-1.6811045229434967,0.0,4970,0.0003,2346.26806640625,-0.0018267680919962005,0.00061845983
157.03,520192,114.18243697,54464,9,254,3469.5532371520994,0.2,0.9333000332117081,-1.5453532997518777,9.765625e-05,4980,0.0003,1363.6478271484375,-0.0029456635500537233,0.0015574505
156.77,522240,82.54200105000001,54684,9,255,9132.443860626221,0.2,0.8833841904997826,-1.6878597274422646,0.011328125,4990,0.0003,3862.43017578125,-0.003994692796550225,0.0041387603
155.23,524288,142.12536588,54909,9,256,10575.337155914307,0.2,0.783712238073349,-1.6966109454631806,0.0,5000,0.0003,3446.915771484375,-0.0017045173124643042,0.0011042599
157.47,526336,140.58598589,55132,9,257,6489.373051452637,0.2,0.9024030044674873,-1.6620230667293072,9.765625e-05,5010,0.0003,1550.4088134765625,-0.0023708884938969275,0.0012911158
161.7,528384,178.94698466000003,55353,9,258,11502.417715454101,0.2,0.8287996798753738,-1.5949394147843123,0.0,5020,0.0003,2937.0322265625,-0.001899382277042605,0.0011660224
155.58,530432,224.18635402999996,55578,9,259,6294.569477462768,0.2,0.9087300524115562,-1.5796165220439433,0.0005859375,5030,0.0003,1647.0023193359375,-0.002505974991072435,0.0015404101
150.42,532480,216.22163983,55806,9,260,5219.546814727783,0.2,0.9266937896609306,-1.5733835075050593,0.0,5040,0.0003,1111.7900390625,-0.002541545222629793,0.0010242313
146.38,534528,196.77065979000002,56031,9,261,6639.617625808716,0.2,0.8893882557749748,-1.5697652388364076,0.0,5050,0.0003,3849.83544921875,-0.0012038838380249218,0.00030682926
139.75,536576,207.05269629000003,56256,9,262,4931.66552658081,0.2,0.925375834107399,-1.5765199910849332,0.00234375,5060,0.0003,1984.6348876953125,-0.0024437630985630677,0.002947297
136.17,538624,150.67952098,56483,9,263,9451.036479568482,0.2,0.8926214203238487,-1.5636305045336485,0.00029296875,5070,0.0003,4580.072265625,-0.0031818516086786985,0.002339122
138.8,540672,182.65005606000003,56705,9,264,5442.661183547973,0.2,0.9059713557362556,-1.5825566690415145,0.00361328125,5080,0.0003,2026.0609130859375,-0.002502168872160837,0.0026540305
133.48,542720,88.3297701,56932,9,265,8217.454508972169,0.2,0.8816505894064903,-1.5904857061803341,0.003515625,5090,0.0003,1627.34765625,-0.0028316137613728642,0.0025946707
139.04,544768,94.95108294000002,57151,9,266,10733.571762084961,0.2,0.8459841310977936,-1.583706432208419,0.0,5100,0.0003,3268.40478515625,-0.0016519519238499924,0.0006657517
143.7,546816,94.34649122999997,57373,9,267,6837.8189125061035,0.2,0.8372563272714615,-1.499616039916873,0.0,5110,0.0003,2788.394775390625,-0.002037658868357539,0.00068892015
143.3,548864,101.05292949000001,57600,9,268,6052.595168304443,0.2,0.9076813831925392,-1.5815401561558247,0.01650390625,5120,0.0003,1294.5523681640625,-0.0050667959221755154,0.0041583404
143.18,550912,83.34125698999998,57825,9,269,5136.599283599853,0.2,0.9116211012005806,-1.5631399039179086,0.003857421875,5130,0.0003,2144.598876953125,-0.0036825483926804735,0.0023950085
147.83,552960,103.57963582000001,58048,9,270,6585.34953918457,0.2,0.9197441563010216,-1.6056965243071317,0.000244140625,5140,0.0003,1681.9122314453125,-0.0033185702297487294,0.0024984912
144.8,555008,124.39552352000001,58273,9,271,5158.41982383728,0.2,0.926434837281704,-1.5073957666754723,0.013232421875,5150,0.0003,2399.0263671875,-0.003890091957873665,0.004048839
146.49,557056,74.50947473000001,58498,9,272,17018.368043518065,0.2,0.7643181085586548,-1.5170627541840076,0.0,5160,0.0003,9109.8916015625,-0.001428487279918045,0.0007168085
146.2,559104,-5.998240300000016,58719,9,273,7127.525583648681,0.2,0.8953539207577705,-1.516507000848651,0.00146484375,5170,0.0003,1074.5230712890625,-0.002676888633868657,0.0023840074
137.34,561152,43.38660454999999,58948,9,274,10792.46511001587,0.2,0.8372790962457657,-1.4958446595817805,0.0,5180,0.0003,2652.297119140625,-0.0026849927176954224,0.0015511339
135.12,563200,73.77995255,59175,9,275,8567.400643920899,0.2,0.8607036918401718,-1.4642731118947268,0.0,5190,0.0003,1606.7625732421875,-0.0013810103671858087,0.00080992363
136.92,565248,136.90491554,59400,9,276,7305.24365158081,0.2,0.9051824361085892,-1.5358428303152323,0.004296875,5200,0.0003,3380.067138671875,-0.0034146340825827793,0.003987128
136.0,567296,145.44003671999997,59622,9,277,6904.338244247437,0.2,0.9232119396328926,-1.514278768375516,0.0001953125,5210,0.0003,891.6456298828125,-0.0019492839361191726,0.0007932248
139.17,569344,216.44749198999997,59848,9,278,5476.086390304566,0.2,0.9267561510205269,-1.5352567616850137,4.8828125e-05,5220,0.0003,1341.717529296875,-0.0022147123992908744,0.0014553936
133.81,571392,213.39840561999998,60076,9,279,7001.706193542481,0.2,0.8907079547643661,-1.5453814774751664,0.0025390625,5230,0.0003,1700.6427001953125,-0.002733791701029986,0.002337609
137.83,573440,170.76782118,60293,9,280,5443.159423065185,0.2,0.9289869889616966,-1.6101191572844982,0.005322265625,5240,0.0003,1581.141357421875,-0.0035493596165906637,0.005581227
144.78,575488,128.71851286,60517,9,281,9678.09202041626,0.2,0.8542053997516632,-1.3789838697761296,0.012158203125,5250,0.0003,3688.6513671875,-0.004826843758928589,0.003830785
145.71,577536,99.02095575999999,60741,9,282,9911.481754302979,0.2,0.8089476376771927,-1.4723934181034566,0.0,5260,0.0003,2175.513916015625,-0.0016283182718325405,0.00062850094
149.37,579584,102.28692190999999,60963,9,283,9197.236264801026,0.2,0.865619570016861,-1.4889414008706807,0.0,5270,0.0003,6583.02001953125,-0.0011799034371506422,0.00030184866
155.98,581632,43.44599449000001,61183,9,284,8089.7025157928465,0.2,0.8765845820307732,-1.519249601662159,9.765625e-05,5280,0.0003,2317.947509765625,-0.001863802524167113,0.0019747994
153.37,583680,9.16946279,61406,9,285,6367.85327835083,0.2,0.9163664281368256,-1.501865527778864,0.0,5290,0.0003,1872.46533203125,-0.001265463533491129,0.0006714425
156.59,585728,-17.158051150000023,61632,9,286,7952.594174957276,0.2,0.8775859326124191,-1.5325279239565135,0.000390625,5300,0.0003,3047.75048828125,-0.00236168758419808,0.0014842444
156.92,587776,24.470485599999964,61857,9,287,8138.596625518799,0.2,0.8618137687444687,-1.5310096848756074,0.000341796875,5310,0.0003,2158.400390625,-0.0023457717004930602,0.0024296131
148.4,589824,-27.847342110000017,62079,9,288,4831.672230148315,0.2,0.9415712952613831,-1.4959916464984417,0.0001953125,5320,0.0003,1428.5543212890625,-0.002287429331045132,0.0009088812
148.41,591872,11.999368139999987,62304,9,289,9477.815073394775,0.2,0.8583339154720306,-1.4983388911932707,9.765625e-05,5330,0.0003,4712.2763671875,-0.0019656212360132487,0.0016181495
143.4,593920,114.63013359,62532,9,290,6225.592482757568,0.2,0.9142085388302803,-1.4170591745525598,0.000732421875,5340,0.0003,3023.318359375,-0.0028437083514290863,0.0023320117
138.89,595968,178.63957983999998,62757,9,291,4953.862617111206,0.2,0.9253112375736237,-1.4730367690324784,0.00244140625,5350,0.0003,6742.916015625,-0.0031984539360564667,0.0034098355
132.81,598016,190.00184602000002,62984,9,292,4275.606391525269,0.2,0.95540851354599,-1.4794574838131667,0.005810546875,5360,0.0003,1034.406982421875,-0.004549469340418,0.0037785063
139.01,600064,235.30119040000002,63205,9,293,6455.7771621704105,0.2,0.9198852479457855,-1.4409288607537747,0.012890625,5370,0.0003,3295.077392578125,-0.0033073190337745474,0.0042535495
