time/iterations,rollout/ep_len_mean,time/time_elapsed,time/fps,rollout/ep_rew_mean,time/total_timesteps,train/policy_gradient_loss,train/clip_range,train/loss,train/clip_fraction,train/std,train/value_loss,train/explained_variance,train/n_updates,train/learning_rate,train/approx_kl,train/entropy_loss
1,340.0,213,9,-764.6394393333334,2048,,,,,,,,,,,
2,338.6666666666667,427,9,-996.1801580000001,4096,-0.0050338475266471505,0.2,3393.61865234375,0.04189453125,0.9936119914054871,10351.164806175231,0.0004512667655944824,10,0.0003,0.0044541806,-2.830256761610508
3,389.46666666666664,637,9,-1121.4503928000001,6144,-0.005787894345121458,0.2,2643.292724609375,0.0232421875,1.0010275840759277,8096.263801193238,0.00029593706130981445,20,0.0003,0.0022120136,-2.8297274045646192
4,377.35,850,9,-1181.69853455,8192,-0.003901972112362273,0.2,1366.03369140625,0.040966796875,0.998964786529541,4007.4531591415407,-0.014946937561035156,30,0.0003,0.004432259,-2.836518149077892
5,434.04545454545456,1059,9,-1256.0532991363636,10240,-0.00545634510635864,0.2,1944.364990234375,0.02021484375,1.0041232109069824,5976.528187179565,-1.2636184692382812e-05,40,0.0003,0.0035040174,-2.8390411168336867
6,481.08,1269,9,-1391.1713452800002,12288,-0.004415313067147509,0.2,311.9481201171875,0.03916015625,1.0001707077026367,744.5167757034302,-0.00037419795989990234,50,0.0003,0.0051624235,-2.839156059920788
7,503.42857142857144,1479,9,-1358.1895331428573,14336,-0.0029811854190484157,0.2,776.056884765625,0.0294921875,1.0227261781692505,4311.180167770386,0.0001786351203918457,60,0.0003,0.004199352,-2.8592386610805987
8,491.6875,1690,9,-1276.9788978125,16384,0.002615421220252756,0.2,1094.336181640625,0.1384765625,1.0141441822052002,5524.439713096619,-1.6689300537109375e-06,70,0.0003,0.0077287145,-2.871833501011133
9,492.1666666666667,1902,9,-1266.24342625,18432,-0.004365627915831283,0.2,1750.053955078125,0.1005859375,0.9936063289642334,7680.5391746521,-3.266334533691406e-05,80,0.0003,0.008310506,-2.8443679988384245
10,505.825,2113,9,-1335.3346747250002,20480,-0.0014042395225260407,0.2,1928.945068359375,0.01240234375,0.9897158741950989,3576.939606666565,-2.2649765014648438e-06,90,0.0003,0.0029128166,-2.82028568610549
11,488.3695652173913,2327,9,-1329.643521804348,22528,-0.0022378095745807514,0.2,1969.5731201171875,0.000537109375,0.9902737736701965,2712.4197702407837,-3.6954879760742188e-06,100,0.0003,0.0012925566,-2.8176631718873977
12,471.75,2541,9,-1306.58332325,24576,-0.0012721473671263085,0.2,1155.8363037109375,0.00029296875,0.9907028079032898,6075.693494415284,-9.5367431640625e-07,110,0.0003,0.00083215156,-2.8182996109128
13,481.9259259259259,2750,9,-1277.3805214444446,26624,-0.0038576563907554372,0.2,3866.19189453125,0.011474609375,0.9946599006652832,5604.523538970947,-2.5033950805664062e-06,120,0.0003,0.0031025016,-2.8228672459721564
14,486.44827586206895,2962,9,-1288.7737705689656,28672,0.0016070923942606897,0.2,83.33901977539062,0.12294921875,0.9905843138694763,5191.964665937424,-8.344650268554688e-07,130,0.0003,0.009440794,-2.830441938340664
15,478.57142857142856,3174,9,-1295.9695050476191,30720,0.0014787446649279445,0.2,1552.8414306640625,0.112158203125,0.9890276193618774,3017.055449581146,-5.960464477539062e-07,140,0.0003,0.0031131757,-2.8169257611036302
16,478.88235294117646,3387,9,-1330.6383306764708,32768,-0.0016262148914393038,0.2,2432.157958984375,0.000341796875,0.985629677772522,4923.07425403595,-1.7881393432617188e-06,150,0.0003,0.0006289949,-2.812110112607479
17,489.2676056338028,3597,9,-1340.8128284507043,34816,-0.002008651927462779,0.2,2236.947265625,0.005517578125,0.987859845161438,4776.895108795166,-8.809566497802734e-05,160,0.0003,0.0034395135,-2.8108309216797354
18,482.36,3809,9,-1310.7366497333337,36864,-0.001990440128429327,0.2,83.20081329345703,0.00673828125,0.9900039434432983,1698.3049812316895,-3.5762786865234375e-07,170,0.0003,0.003085807,-2.814335732161999
19,485.0125,4022,9,-1312.6245135000001,38912,-0.001692485687090084,0.2,1626.4945068359375,0.101220703125,0.9658831357955933,7810.1263256073,-2.384185791015625e-07,180,0.0003,0.022464763,-2.787874224036932
20,491.3734939759036,4232,9,-1329.113124240964,40960,-0.003241332787729334,0.2,988.5547485351562,0.0900390625,0.9623842239379883,9040.945818328857,-2.384185791015625e-07,190,0.0003,0.005260107,-2.7669210001826285
21,498.51162790697674,4442,9,-1350.6859055697676,43008,-0.0036233896535122767,0.2,1295.62255859375,0.01162109375,0.9597503542900085,2236.4430261611938,5.960464477539063e-08,200,0.0003,0.004068454,-2.7583455234766006
22,504.4269662921348,4653,9,-1367.351442707865,45056,-0.004074752076121513,0.2,550.7140502929688,0.02041015625,0.9573436975479126,1864.006964969635,0.0,210,0.0003,0.004081447,-2.7536196172237397
23,504.4623655913978,4864,9,-1376.4661601397847,47104,-0.0013534650424844585,0.2,486.5492248535156,0.000439453125,0.956119179725647,2077.4103911399843,-3.5762786865234375e-07,220,0.0003,0.001712585,-2.749833134561777
24,506.8020833333333,5074,9,-1382.3698347187499,49152,-0.0037334125423512886,0.2,3219.35986328125,0.006005859375,0.9574118852615356,2949.2132999420164,-3.5762786865234375e-07,230,0.0003,0.0030699829,-2.7495806224644186
25,516.8877551020408,5283,9,-1414.5574641734693,51200,-0.0050253494322532784,0.2,1919.627685546875,0.038916015625,0.9625359773635864,2389.381799316406,-2.384185791015625e-07,240,0.0003,0.0067222347,-2.7555573672056197
26,523.19,5493,9,-1413.07294258,53248,-0.005052629881538451,0.2,294.4664611816406,0.02607421875,0.9695247411727905,515.3171257972717,-2.7418136596679688e-06,250,0.0003,0.0039764573,-2.7656975254416465
27,538.72,5703,9,-1478.2394857999998,55296,8.771603461354971e-08,0.2,569.8228759765625,0.151953125,0.9658950567245483,661.8385614156723,-2.384185791015625e-07,260,0.0003,0.008317251,-2.7753591261804105
28,551.73,5912,9,-1499.4410313499998,57344,-0.002355039796384517,0.2,254.53274536132812,0.02939453125,0.9653847813606262,1163.570596599579,-4.76837158203125e-07,270,0.0003,0.0034648902,-2.768060313910246
29,562.22,6121,9,-1527.5467309899998,59392,-0.002903956289810594,0.2,41.36277770996094,0.071826171875,0.9649125337600708,137.99014775753022,1.1920928955078125e-07,280,0.0003,0.00918607,-2.7674405753612517
30,576.2,6331,9,-1532.9561236600005,61440,-0.004296144042746164,0.2,1152.6712646484375,0.0064453125,0.9652098417282104,1298.6469764232636,-2.384185791015625e-07,290,0.0003,0.003581822,-2.7669266395270826
31,577.22,6542,9,-1498.22999285,63488,0.002321640166337602,0.2,1676.7061767578125,0.04345703125,0.9628335237503052,6671.65157507658,5.960464477539063e-08,300,0.0003,0.0045504095,-2.763369472324848
32,586.95,6753,9,-1488.45977479,65536,-0.001690094439254608,0.2,1077.4620361328125,0.050146484375,0.9582241773605347,6663.979822349548,-1.1920928955078125e-07,310,0.0003,0.005833568,-2.7559632651507853
33,599.26,6962,9,-1505.6685671299995,67584,-0.0005739446205552667,0.2,1220.2034912109375,0.0,0.9581458568572998,5570.991070246697,-0.033899545669555664,320,0.0003,0.00042142975,-2.752372096478939
34,601.65,7171,9,-1507.5343736299994,69632,-0.00048411934403702617,0.2,45.40708923339844,0.0,0.9580875635147095,144.27479022741318,0.41378724575042725,330,0.0003,0.0009967444,-2.7522161222994326
35,605.76,7381,9,-1500.1603500299998,71680,-0.000964077771641314,0.2,861.337158203125,0.0,0.9583543539047241,489.3244362413883,0.2102251648902893,340,0.0003,0.00081545964,-2.7523230351507664
36,606.2,7590,9,-1510.2944618499998,73728,-0.0030031716130906718,0.2,40.28171920776367,0.0037109375,0.9570728540420532,440.9862360537052,0.517505019903183,350,0.0003,0.0023383372,-2.7517293550074102
37,613.15,7799,9,-1512.3400090699997,75776,-0.0005754658050136641,0.2,68.22798919677734,0.0,0.955339252948761,176.41245849132537,0.6624094247817993,360,0.0003,0.0004978011,-2.748369936645031
38,622.82,8010,9,-1518.9403316200003,77824,-0.00016579023795202375,0.2,825.8812866210938,0.0,0.9550923109054565,5510.460778450966,0.041368961334228516,370,0.0003,0.0001244543,-2.7462216801941395
39,628.51,8219,9,-1550.01699909,79872,-0.0008208791201468557,0.2,125.1989974975586,0.0,0.9553506970405579,5127.437839984894,0.132329523563385,380,0.0003,0.0004579774,-2.7461917743086817
40,640.28,8429,9,-1554.5312740299996,81920,-0.0013939660173491574,0.2,69.56321716308594,4.8828125e-05,0.9556519985198975,622.4838002443314,0.39740586280822754,390,0.0003,0.0013502019,-2.746753057092428
41,647.47,8638,9,-1531.56782221,83968,-0.00011128525657113641,0.2,5665.5859375,0.0,0.9554340243339539,5174.654166126251,0.1509479284286499,400,0.0003,3.8267084e-05,-2.746875448524952
42,655.17,8847,9,-1547.3156357999999,86016,-0.0011309186316793784,0.2,20.174436569213867,0.003955078125,0.9549761414527893,72.91994943618775,0.7403053343296051,410,0.0003,0.0034951274,-2.7460135653615
43,670.09,9056,9,-1567.3241448599997,88064,-0.004328335955506191,0.2,80.87572479248047,0.031982421875,0.9586800336837769,82.17192285060882,0.8613540381193161,420,0.0003,0.005808378,-2.7487724594771863
44,686.0,9265,9,-1590.1899386500002,90112,-0.0022133898019092157,0.2,18.759971618652344,0.010107421875,0.9597740173339844,51.227591609954835,0.8725209534168243,430,0.0003,0.0021004686,-2.75441335812211
45,691.8,9475,9,-1570.5243116099998,92160,-0.001674014248419553,0.2,32.13377380371094,0.010595703125,0.9633774757385254,76.82735802531242,0.6663274168968201,440,0.0003,0.0024369904,-2.757673690468073
46,698.19,9684,9,-1580.13768125,94208,-0.002372121240478009,0.2,732.1582641601562,0.010546875,0.9635024666786194,5598.26435315609,0.032397568225860596,450,0.0003,0.0032570655,-2.7629784643650055
47,708.78,9896,9,-1602.24188362,96256,-0.0021180838302825578,0.2,16.822338104248047,0.007861328125,0.9655784368515015,913.3971909165382,0.4527457356452942,460,0.0003,0.002510188,-2.765043356269598
48,709.32,10106,9,-1595.8146493800002,98304,-0.0005854431743500754,0.2,1436.2724609375,0.0001953125,0.9652709364891052,5375.406381845474,0.16569024324417114,470,0.0003,0.0011038819,-2.767440914362669
49,708.8,10317,9,-1563.2356939,100352,-0.004254216118715704,0.2,1116.9759521484375,0.020703125,0.9666174054145813,838.6778364658355,0.3965776562690735,480,0.0003,0.004445904,-2.767556452006102
50,718.42,10528,9,-1573.12081278,102400,-0.00041818967438302936,0.2,78.36495208740234,0.00166015625,0.9669600129127502,4901.802682566643,0.29996711015701294,490,0.0003,0.0014857666,-2.7701181307435037
51,725.12,10740,9,-1559.4993812100001,104448,-0.0036789455407415517,0.2,829.1228637695312,0.01513671875,0.9687243700027466,1582.1801861286162,0.47515982389450073,500,0.0003,0.003075644,-2.771566616743803
52,723.73,10949,9,-1549.43709876,106496,-0.001458243049273733,0.2,44.270748138427734,0.01025390625,0.9735398888587952,809.9017849802971,0.5457194447517395,510,0.0003,0.0015656537,-2.7776993580162523
53,734.98,11159,9,-1559.76519947,108544,-0.009179480056627654,0.2,19.306299209594727,0.067431640625,0.9737555980682373,418.0681199133396,0.5313762724399567,520,0.0003,0.0060424297,-2.7842996828258038
54,743.2,11369,9,-1598.1941395299996,110592,-0.005309778076480143,0.2,36.96827697753906,0.0271484375,0.9724231362342834,786.3958846926689,0.48687446117401123,530,0.0003,0.0048172628,-2.782691103965044
55,739.45,11581,9,-1560.1155118899999,112640,-0.003808431426296011,0.2,214.400634765625,0.018505859375,0.9729888439178467,779.133097577095,0.6160636842250824,540,0.0003,0.004459897,-2.781911963224411
56,731.08,11793,9,-1492.7608718499998,114688,-0.0037850749009521677,0.2,90.50526428222656,0.0181640625,0.9734878540039062,8564.953015589714,0.141717791557312,550,0.0003,0.0038001444,-2.7832028925418855
57,726.75,12004,9,-1443.9683386700003,116736,-0.0003193139214999974,0.2,6630.9296875,0.0,0.97223961353302,12569.093536567689,0.1641310453414917,560,0.0003,0.00018992613,-2.7823792889714243
58,718.47,12216,9,-1384.2043463200002,118784,-0.0008590931523940526,0.2,1180.8409423828125,0.00244140625,0.9752038717269897,6970.015373921395,0.5724321901798248,570,0.0003,0.0018171071,-2.78341578990221
59,730.08,12427,9,-1368.2282132099995,120832,-0.0023630418625543827,0.2,227.08908081054688,0.003173828125,0.9750368595123291,6539.725346708297,0.25600504875183105,580,0.0003,0.0030980837,-2.7873481579124926
60,717.31,12637,9,-1321.41314789,122880,-0.005466664175037295,0.2,345.76141357421875,0.0408203125,0.9759211540222168,634.3228623390198,0.7102726697921753,590,0.0003,0.0050669354,-2.7868815757334233
61,672.55,12852,9,-1174.5819648700003,124928,-0.0022474284734926185,0.2,6548.81005859375,0.01669921875,0.9758511781692505,4854.698941421509,0.413560688495636,600,0.0003,0.0039203386,-2.7891621619462965
62,670.26,13062,9,-1151.9265596400003,126976,-0.0003821265796432272,0.2,1097.3665771484375,0.0,0.9763569831848145,18116.20454826355,0.10236072540283203,610,0.0003,0.00049279025,-2.789278354495764
63,678.29,13271,9,-1164.1433695200003,129024,-0.007992098190879916,0.2,145.59071350097656,0.0498046875,0.9736977815628052,785.7073009967804,0.7446325421333313,620,0.0003,0.005486078,-2.787288065254688
64,678.64,13482,9,-1143.3220732999998,131072,-0.0045537083991803225,0.2,59.69554901123047,0.035791015625,0.9824180603027344,232.21366715431213,0.6347012519836426,630,0.0003,0.0043320083,-2.793323774635792
65,683.62,13691,9,-1116.43215153,133120,-0.0025659815000835806,0.2,981.7771606445312,0.026123046875,0.9826920032501221,6874.611826705933,0.23568302392959595,640,0.0003,0.005550356,-2.8020467326045035
66,685.67,13901,9,-1104.49344045,135168,-0.001022617323906161,0.2,5285.53662109375,0.00947265625,0.9797015190124512,7954.128948497772,0.10284024477005005,650,0.0003,0.0037453035,-2.7989530310034754
67,684.86,14112,9,-1059.44577278,137216,-0.004461764145526103,0.2,7681.07421875,0.018310546875,0.9778788685798645,4051.562727355957,0.3351629376411438,660,0.0003,0.004281259,-2.7946802973747253
68,675.08,14322,9,-1001.9598568499999,139264,-0.004405735633918084,0.2,1006.3743896484375,0.041259765625,0.9775702953338623,3972.129364967346,0.16550183296203613,670,0.0003,0.005133259,-2.792193830013275
69,663.32,14532,9,-947.7928211899999,141312,-0.00433386210934259,0.2,3745.651611328125,0.0412109375,0.9738936424255371,6999.833057975769,0.31391263008117676,680,0.0003,0.0055611143,-2.7890598393976687
70,632.81,14746,9,-815.21907896,143360,-0.004434877133462578,0.2,485.28887939453125,0.02724609375,0.9716766476631165,8336.906080627441,0.18720990419387817,690,0.0003,0.0031885058,-2.7819803051650522
71,615.7,14959,9,-761.6134139999999,145408,-0.0008514320303220302,0.2,5279.767578125,0.000390625,0.9683618545532227,16836.53836364746,0.147111177444458,700,0.0003,0.0016707014,-2.7761127576231956
72,584.05,15172,9,-675.7496658999996,147456,-0.003948178596328944,0.2,2323.700439453125,0.025341796875,0.9657217860221863,11259.991693115235,0.2661561369895935,710,0.0003,0.005459664,-2.7710910856723787
73,555.94,15385,9,-549.6087433099999,149504,-0.005411934320000001,0.2,981.7725219726562,0.0388671875,0.9640479683876038,8457.304116058349,0.4243449568748474,720,0.0003,0.0039142566,-2.7655950263142586
74,533.39,15599,9,-450.53404706999993,151552,-0.002147025184240192,0.2,13120.578125,0.00361328125,0.9640896916389465,17519.699868774413,0.1712391972541809,730,0.0003,0.0033924817,-2.764151976257563
75,520.78,15814,9,-364.37467323000004,153600,-0.0020356897184683476,0.2,3253.023193359375,0.002001953125,0.9637177586555481,13609.745233535767,0.34793657064437866,740,0.0003,0.0014006244,-2.7646855764091014
76,497.04,16030,9,-219.53576185999998,155648,-0.002575975358195137,0.2,4212.39892578125,0.00205078125,0.9666863679885864,15339.307231140137,0.36577308177948,750,0.0003,0.0019597332,-2.7657615803182125
77,458.33,16247,9,-34.470270239999984,157696,-0.0025321082241134716,0.2,4927.7314453125,0.02451171875,0.9591901302337646,14891.85192604065,0.44784998893737793,760,0.0003,0.0059688636,-2.7629167824983596
78,439.9,16463,9,64.59812887,159744,-0.004901224104105495,0.2,6692.5029296875,0.0396484375,0.9557313919067383,19609.780966949464,0.47295457124710083,770,0.0003,0.007330139,-2.752306244522333
79,421.59,16679,9,130.90270886,161792,-0.002147015887021553,0.2,9114.1474609375,0.018798828125,0.9515385627746582,18821.77565574646,0.4771583080291748,780,0.0003,0.0063755987,-2.7424734570086002
80,394.87,16899,9,226.9899455,163840,-0.0025786223355680703,0.2,2459.958251953125,0.00927734375,0.9449394345283508,12233.223525619507,0.45817625522613525,790,0.0003,0.0031876867,-2.7309885680675507
81,337.57,17117,9,360.10744535,165888,-0.0025644469787948765,0.2,9804.3046875,0.008154296875,0.9402437210083008,21446.814657592775,0.33963680267333984,800,0.0003,0.001997079,-2.719670130312443
82,307.28,17332,9,421.93449492,167936,-0.002899291054927744,0.2,9884.7578125,0.01484375,0.9341720342636108,19511.915432739257,0.45953184366226196,810,0.0003,0.003289191,-2.707411439716816
83,270.1,17554,9,494.79513532,169984,-0.004176060327154119,0.2,5777.224609375,0.0328125,0.9342096447944641,13506.579472351073,0.4193689823150635,820,0.0003,0.005558701,-2.7017746277153494
84,257.5,17770,9,528.7515398500001,172032,-0.004559313597565051,0.2,6644.732421875,0.035693359375,0.9313924312591553,23561.395668792724,0.31083840131759644,830,0.0003,0.0062508564,-2.699309141933918
85,243.45,17987,9,516.3536155500001,174080,-0.002583870111266151,0.2,8963.7275390625,0.01376953125,0.9221391677856445,14788.264449310303,0.44799160957336426,840,0.0003,0.0044580256,-2.686968591809273
86,234.49,18206,9,526.0163247500001,176128,-0.0033447141613578424,0.2,7454.794921875,0.02490234375,0.9157013893127441,11333.537188720704,0.5986213386058807,850,0.0003,0.0031522675,-2.6685727283358576
87,221.07,18426,9,544.94432403,178176,-0.002318484615534544,0.2,17157.79296875,0.004296875,0.9176215529441833,20961.127072143554,0.4375959634780884,860,0.0003,0.0023433068,-2.663191497325897
88,210.9,18646,9,537.67583424,180224,-0.0067542213044362144,0.2,7768.41796875,0.05283203125,0.9110766053199768,20706.919225311278,0.28983455896377563,870,0.0003,0.004747403,-2.659524082392454
89,204.08,18868,9,552.2990924000001,182272,-0.003080397081794217,0.2,7286.3857421875,0.01416015625,0.9128907322883606,20487.191625976564,0.3821355104446411,880,0.0003,0.0027567549,-2.653774609416723
90,206.68,19086,9,550.2768284,184320,-0.003235566877992824,0.2,7959.564453125,0.01953125,0.917503833770752,22467.137022399904,0.4346884489059448,890,0.0003,0.0015803832,-2.659941568225622
91,196.75,19307,9,581.67816031,186368,-0.0040091041722916994,0.2,8486.5595703125,0.043701171875,0.9153821468353271,16175.64881362915,0.5595733523368835,900,0.0003,0.0047186734,-2.663362327963114
92,188.57,19532,9,575.89879768,188416,-0.004492890226538293,0.2,7153.67724609375,0.014794921875,0.9158073663711548,22997.899780273438,0.4592006206512451,910,0.0003,0.003484134,-2.6603829734027387
93,178.84,19755,9,629.83821556,190464,-0.00441266012203414,0.2,14999.263671875,0.019873046875,0.9118350744247437,28427.087954711915,0.3303980231285095,920,0.0003,0.0038935503,-2.657215029746294
94,166.69,19975,9,687.1095598699999,192512,-0.005082570912782103,0.2,16101.404296875,0.0619140625,0.901085615158081,25189.967779541017,0.27027428150177,930,0.0003,0.0083167795,-2.6414848499000074
95,167.58,20199,9,670.5190164499999,194560,-0.0033114471822045743,0.2,8928.6865234375,0.022900390625,0.8974781036376953,20995.75320739746,0.3773714303970337,940,0.0003,0.0045926035,-2.6247005879879
96,163.89,20421,9,709.3609986299999,196608,-0.005029004134121351,0.2,12376.421875,0.0453125,0.9000484347343445,22413.517193603515,0.37205928564071655,950,0.0003,0.0066556535,-2.623054790496826
97,153.65,20647,9,769.0499602299999,198656,-0.00358550333767198,0.2,8750.0283203125,0.0236328125,0.8974121809005737,23041.025640869142,0.38553524017333984,960,0.0003,0.0038458593,-2.623759186267853
98,153.06,20869,9,786.6777709999998,200704,-0.0033211999107152224,0.2,11225.548828125,0.012939453125,0.8916845321655273,26784.79378051758,0.3501059412956238,970,0.0003,0.0024476768,-2.6135334618389607
99,150.64,21093,9,796.56120701,202752,-0.006151264917571097,0.2,7674.4951171875,0.03359375,0.8883893489837646,19127.292937469483,0.4303972125053406,980,0.0003,0.0051238323,-2.605380941182375
100,149.96,21318,9,797.2596963999999,204800,-0.005349810645566322,0.2,15257.5595703125,0.0568359375,0.8793885111808777,20049.429235839845,0.3719410300254822,990,0.0003,0.007319792,-2.5918599478900433
101,141.44,21546,9,817.2118269799998,206848,-0.0034924325300380588,0.2,9380.810546875,0.0341796875,0.8751946091651917,23272.890042114257,0.39660340547561646,1000,0.0003,0.00346505,-2.5743868656456472
102,136.47,21775,9,835.89084499,208896,-0.005874023714568466,0.2,13366.7373046875,0.055615234375,0.8678296804428101,25039.56885070801,0.4401513338088989,1010,0.0003,0.0058609815,-2.559983890503645
103,136.15,21997,9,836.16388518,210944,-0.0022642489377176387,0.2,14893.3271484375,0.0287109375,0.8612070679664612,25554.373486328124,0.4358093738555908,1020,0.0003,0.0038928662,-2.545535968989134
104,128.62,22228,9,856.21535146,212992,-0.0035059327958151696,0.2,13789.849609375,0.02919921875,0.8499702215194702,19438.669569396974,0.32095766067504883,1030,0.0003,0.0043487623,-2.5237922869622706
105,122.96,22455,9,866.8369413799999,215040,-0.004025773449393455,0.2,11598.86328125,0.045166015625,0.8446707129478455,25119.79751586914,0.443409264087677,1040,0.0003,0.0062249294,-2.50307734683156
106,117.53,22687,9,887.29241684,217088,-0.003099724337516818,0.2,7125.32373046875,0.033740234375,0.8514604568481445,22868.942901611328,0.4056659936904907,1050,0.0003,0.0057273186,-2.5047041051089765
107,114.11,22918,9,892.34640466,219136,-0.002407512853096705,0.2,7775.5810546875,0.018017578125,0.8487693667411804,26341.421716308592,0.4027711749076843,1060,0.0003,0.0026995023,-2.5110337562859057
108,110.31,23150,9,895.1546124000001,221184,-0.002028194966260344,0.2,10099.63671875,0.01474609375,0.8416453003883362,25674.996850585936,0.4074302315711975,1070,0.0003,0.0029266337,-2.4987278267741204
109,103.52,23383,9,900.97606903,223232,-0.004661225201562047,0.2,8354.0673828125,0.03173828125,0.8415653109550476,25514.715336608886,0.4183979630470276,1080,0.0003,0.004586615,-2.4884708888828753
110,100.27,23616,9,885.94115817,225280,-0.0022648778889561073,0.2,14946.728515625,0.04208984375,0.8347153067588806,25327.422912597656,0.3559504747390747,1090,0.0003,0.003980417,-2.481164790689945
111,94.46,23854,9,891.7634365199999,227328,-0.004955613031052053,0.2,6102.08935546875,0.054931640625,0.8354008197784424,26639.410870361327,0.3946865200996399,1100,0.0003,0.0065345583,-2.472019299864769
112,91.58,24089,9,895.58369298,229376,-0.002323901338968426,0.2,17996.27734375,0.033984375,0.8358758687973022,28326.87518310547,0.44235849380493164,1110,0.0003,0.0050815665,-2.4732234984636308
113,91.05,24323,9,895.76835836,231424,-0.0030884711217368022,0.2,16045.7509765625,0.0396484375,0.8297214508056641,25858.930236816406,0.40257370471954346,1120,0.0003,0.0047642784,-2.466483709216118
114,92.69,24554,9,906.8745068000001,233472,-0.006187698984285816,0.2,7728.109375,0.06044921875,0.820476770401001,23904.554997253417,0.40920329093933105,1130,0.0003,0.007055413,-2.450529968738556
115,90.04,24793,9,910.11111033,235520,-0.0028786751470761375,0.2,12429.080078125,0.03125,0.8208925127983093,21352.979864501955,0.44148755073547363,1140,0.0003,0.0026750288,-2.4376048550009726
116,90.08,25030,9,909.0166462899999,237568,-0.004694953144644387,0.2,10650.9404296875,0.031689453125,0.8192105293273926,25133.02507019043,0.48388248682022095,1150,0.0003,0.0032919399,-2.4368949599564074
117,86.16,25269,9,912.50751264,239616,-0.005153421853901818,0.2,6283.73828125,0.06611328125,0.8172364234924316,24056.991268920898,0.46057015657424927,1160,0.0003,0.006249998,-2.429774497449398
118,81.54,25508,9,919.0650845700002,241664,-0.0014857770438538864,0.2,10928.4482421875,0.013232421875,0.8118194341659546,25057.773443603517,0.501508891582489,1170,0.0003,0.0036716608,-2.420241782069206
119,83.52,25742,9,915.09980796,243712,-0.0030204756127204745,0.2,13220.6787109375,0.033740234375,0.8028882741928101,23894.042543029784,0.43447554111480713,1180,0.0003,0.0075605614,-2.4001770287752153
120,83.65,25978,9,915.1250873800001,245760,-0.0038702821300830694,0.2,6957.75830078125,0.02646484375,0.79044508934021,20703.52303619385,0.48658645153045654,1190,0.0003,0.0034499844,-2.3742118775844574
121,85.69,26216,9,912.0568236999998,247808,-0.004622619136353023,0.2,14298.2373046875,0.04267578125,0.7877137064933777,21181.275184631348,0.47410500049591064,1200,0.0003,0.0049023996,-2.352691303193569
122,85.16,26455,9,910.9213922199998,249856,-0.004429457226069644,0.2,8904.2666015625,0.041796875,0.7847987413406372,22231.30803527832,0.5121972262859344,1210,0.0003,0.0049438216,-2.344502830505371
123,81.89,26694,9,915.64279265,251904,-0.004424469548393972,0.2,6733.041015625,0.052099609375,0.7791765928268433,22063.759434509277,0.5493656396865845,1220,0.0003,0.0046596923,-2.3357984125614166
124,79.11,26932,9,917.0179852799998,253952,-0.002159244503127411,0.2,6511.259765625,0.03486328125,0.7748824954032898,22012.64298248291,0.5105294585227966,1230,0.0003,0.003998895,-2.3219440072774886
125,79.61,27170,9,915.78601568,256000,-0.005792136811942327,0.2,5383.08837890625,0.061328125,0.7672771215438843,20216.47953338623,0.5589208006858826,1240,0.0003,0.00726817,-2.3068526104092597
126,81.25,27409,9,913.53317303,258048,-0.003930875286459923,0.2,9752.7900390625,0.054345703125,0.767687976360321,20064.11866760254,0.48681700229644775,1250,0.0003,0.005159652,-2.2958367876708508
127,80.4,27649,9,913.6844844599998,260096,-0.005332121520768851,0.2,6253.34619140625,0.049853515625,0.7665282487869263,19083.712774658205,0.5781945586204529,1260,0.0003,0.006483856,-2.2920283608138563
128,84.08,27883,9,909.3840357499998,262144,-0.0020509787878836504,0.2,15618.8818359375,0.054150390625,0.7612860202789307,19263.608375549316,0.5587183833122253,1270,0.0003,0.0045460043,-2.286079557240009
129,83.89,28122,9,908.8321663599999,264192,-0.004212824250862468,0.2,4232.880859375,0.06103515625,0.751977801322937,15472.091748046874,0.5841517746448517,1280,0.0003,0.0048589054,-2.266948705166578
130,83.72,28358,9,909.8335750099999,266240,-0.0013672596192918717,0.2,11621.41015625,0.044091796875,0.748449981212616,18244.113874816896,0.5740924775600433,1290,0.0003,0.004920532,-2.249638517946005
131,84.07,28597,9,910.2776924099999,268288,-0.004003706769435666,0.2,13048.283203125,0.051220703125,0.7389228343963623,16689.81912384033,0.6083282828330994,1300,0.0003,0.00726732,-2.234019208699465
132,80.5,28836,9,915.35160144,270336,-0.0036855949816526844,0.2,7744.36669921875,0.036083984375,0.7357265949249268,16941.66489562988,0.6002760529518127,1310,0.0003,0.00410714,-2.2143119648098946
133,80.21,29078,9,915.1192262600001,272384,-0.004821964254369959,0.2,9793.0205078125,0.077880859375,0.7323102951049805,16212.93511505127,0.6581633388996124,1320,0.0003,0.0035500224,-2.2035000629723074
134,76.48,29319,9,919.3669062699998,274432,-0.0016430545510957018,0.2,9643.73828125,0.025537109375,0.7263447046279907,17886.225299072266,0.6324527561664581,1330,0.0003,0.0028648449,-2.1903462283313275
135,76.02,29558,9,918.5940476399999,276480,-0.0014998298313003034,0.2,10258.0888671875,0.040673828125,0.7198095321655273,16413.703291320802,0.6676977574825287,1340,0.0003,0.005672426,-2.1747774101793764
136,77.09,29797,9,902.2361170400001,278528,-0.0038337955746101217,0.2,8654.5400390625,0.060791015625,0.7118633985519409,15690.005001831054,0.6430213451385498,1350,0.0003,0.0060886,-2.1533681251108647
137,76.37,30038,9,903.9128310899999,280576,-0.005405710337799974,0.2,7005.06982421875,0.08525390625,0.7069889307022095,16461.700094604494,0.5012739896774292,1360,0.0003,0.007828103,-2.136214562505484
138,76.79,30279,9,904.04019665,282624,-0.0024969328194856645,0.2,9882.1015625,0.040625,0.7013687491416931,15218.655874633789,0.6160218417644501,1370,0.0003,0.003889016,-2.1235015638172627
139,74.31,30522,9,921.5955032699999,284672,-0.0077280138910282405,0.2,3526.44921875,0.114892578125,0.6934723258018494,14628.759466552734,0.6368337869644165,1380,0.0003,0.011493396,-2.1034337490797044
140,74.22,30764,9,920.3331397199998,286720,-0.0032521429820917547,0.2,8467.7548828125,0.050146484375,0.6858799457550049,15321.502647399902,0.6402918100357056,1390,0.0003,0.006506834,-2.0793201863765716
141,72.54,31007,9,923.3906637499999,288768,-0.0025001600006362423,0.2,4077.447265625,0.056201171875,0.686414361000061,14224.462850952148,0.6844027042388916,1400,0.0003,0.0076810583,-2.06620826870203
142,72.61,31250,9,923.7030735499998,290816,-0.0019687247171532364,0.2,7092.37255859375,0.04150390625,0.6827903985977173,14299.634256744384,0.641344428062439,1410,0.0003,0.003640037,-2.0622363165020943
143,74.34,31488,9,921.1397422499999,292864,-0.004167084698565304,0.2,3350.532470703125,0.065966796875,0.6848528385162354,13530.898993682862,0.6687012612819672,1420,0.0003,0.0048891315,-2.0604101225733755
144,74.66,31730,9,905.77909258,294912,-0.008403965944307857,0.2,8401.7734375,0.10791015625,0.6787988543510437,11717.861280822754,0.7082165777683258,1430,0.0003,0.011732403,-2.0565572798252107
145,73.21,31974,9,908.0994976199999,296960,-0.0025594963197363542,0.2,7110.412109375,0.06884765625,0.6748374104499817,12983.788246917724,0.602525532245636,1440,0.0003,0.0049954443,-2.0395611308515074
146,73.21,32218,9,893.68427843,299008,-0.003372741414932534,0.2,6648.63134765625,0.06484375,0.6725732088088989,12667.296342468262,0.6676143705844879,1450,0.0003,0.0067400597,-2.031035007536411
147,70.91,32461,9,912.2743607900001,301056,-0.0014143902022624387,0.2,6031.16015625,0.0640625,0.6682919263839722,12646.237801361083,0.6388304829597473,1460,0.0003,0.0058657937,-2.02138322070241
148,71.78,32703,9,908.58756255,303104,-0.001093715406022966,0.2,8108.72119140625,0.068994140625,0.6715335845947266,11842.10567855835,0.6905415952205658,1470,0.0003,0.0052028736,-2.01963174790144
149,72.14,32945,9,922.76570815,305152,-0.00529728906112723,0.2,3359.34033203125,0.086474609375,0.6729831695556641,10610.950532913208,0.750582680106163,1480,0.0003,0.005330236,-2.0278718121349812
150,71.66,33189,9,922.1692885799999,307200,-0.0037866306127398277,0.2,7617.61328125,0.052294921875,0.6708683967590332,10108.289541625976,0.7563942819833755,1490,0.0003,0.0058104163,-2.0283242598176003
151,73.64,33430,9,917.74424244,309248,-0.0017429431405616923,0.2,5586.32470703125,0.05517578125,0.6649584770202637,10812.148517608643,0.7634865939617157,1500,0.0003,0.004919019,-2.018933875858784
152,72.09,33672,9,920.00323225,311296,-0.0015082260826602579,0.2,4037.925048828125,0.0701171875,0.6597316265106201,9501.880235290528,0.7569813281297684,1510,0.0003,0.009117025,-2.000560449063778
153,73.5,33916,9,917.9968125500002,313344,-0.0032862536143511535,0.2,3912.5986328125,0.065478515625,0.6591132283210754,9404.769451904296,0.7580038756132126,1520,0.0003,0.0056035593,-1.992247598990798
154,71.01,34161,9,924.01658602,315392,-0.0025879968976369127,0.2,5305.544921875,0.0703125,0.6578454971313477,9406.63288421631,0.7781730741262436,1530,0.0003,0.008001716,-1.985840543732047
155,70.58,34403,9,926.0665988799999,317440,-0.0023017103434540332,0.2,6574.962890625,0.048583984375,0.6506068706512451,9541.407195281983,0.7545911818742752,1540,0.0003,0.00442408,-1.9730376560240983
156,71.05,34645,9,924.41467881,319488,-0.0020825328159844504,0.2,3698.460205078125,0.073876953125,0.6473948359489441,8566.260926055907,0.7776112407445908,1550,0.0003,0.0060260263,-1.9554553497582674
157,72.12,34887,9,922.05398852,321536,-0.0006120480597019195,0.2,3043.381103515625,0.090771484375,0.6451033353805542,8081.910540771484,0.8049328923225403,1560,0.0003,0.004514477,-1.9459402970969677
158,72.08,35130,9,922.0029163600001,323584,-0.0055843612091848625,0.2,2839.374267578125,0.074658203125,0.6349148750305176,7883.073787689209,0.7932959645986557,1570,0.0003,0.006646922,-1.9254498854279518
159,73.41,35371,9,918.6658364799998,325632,-0.0013255646073957906,0.2,4750.4169921875,0.07138671875,0.6252356767654419,7888.750783538819,0.7992640137672424,1580,0.0003,0.0051053385,-1.8927552085369825
160,71.36,35617,9,921.2976483100001,327680,-0.003945169676444493,0.2,3247.53857421875,0.06171875,0.6197822093963623,6941.332833862305,0.8337268978357315,1590,0.0003,0.0048036547,-1.8673300847411156
161,70.39,35861,9,922.4280856000001,329728,0.0014372666395502166,0.2,4830.3447265625,0.085791015625,0.6147387623786926,7725.9304145812985,0.7955771833658218,1600,0.0003,0.0064232154,-1.8518546726554632
162,70.15,36103,9,922.7643266500002,331776,-0.001991362901753746,0.2,5021.22802734375,0.08876953125,0.6129748821258545,6831.1134593963625,0.8189594149589539,1610,0.0003,0.007674149,-1.840103466436267
163,70.89,36346,9,922.2708820399998,333824,-0.0011401041032513604,0.2,4366.45947265625,0.11533203125,0.6033735871315002,6377.6546245574955,0.8327193409204483,1620,0.0003,0.013079077,-1.8229701213538647
164,72.09,36587,9,921.0754359300001,335872,-0.0031509224441833793,0.2,2941.04736328125,0.096044921875,0.6063594818115234,6214.982347869873,0.8350434750318527,1630,0.0003,0.0085229175,-1.8104970768094062
165,72.59,36829,9,920.9857256,337920,-0.005811998860735912,0.2,2160.65234375,0.077490234375,0.6048457026481628,5931.869058227539,0.8179471641778946,1640,0.0003,0.0066334596,-1.8129007264971733
166,73.95,37070,9,919.6572225599999,339968,-0.004852186047355644,0.2,2871.5263671875,0.09755859375,0.5997186303138733,5571.20975151062,0.8495579808950424,1650,0.0003,0.007344427,-1.8025050815194845
167,73.14,37315,9,920.84447795,342016,-0.0064639598393114285,0.2,2509.49755859375,0.09033203125,0.5912266969680786,5462.414459228516,0.8329665064811707,1660,0.0003,0.016056228,-1.7813500784337521
168,72.36,37557,9,921.59984136,344064,-0.006005757171078585,0.2,1564.239501953125,0.073291015625,0.5876023173332214,5502.010317993164,0.8376239538192749,1670,0.0003,0.0051953443,-1.7618846487253905
169,70.14,37803,9,925.7599525299999,346112,0.0004288003110559657,0.2,2276.4443359375,0.116064453125,0.5875694751739502,4919.442613983154,0.8612869679927826,1680,0.0003,0.0064782705,-1.7603040788322688
170,68.54,38049,9,926.1220833599999,348160,-0.0026479493302758784,0.2,2460.133544921875,0.10458984375,0.5864899754524231,5155.060773849487,0.8506747186183929,1690,0.0003,0.008514269,-1.7575192261487245
171,67.01,38293,9,929.07916637,350208,-0.0010003356263041496,0.2,2614.79345703125,0.08935546875,0.5859194397926331,4861.0733444213865,0.8772267252206802,1700,0.0003,0.011273689,-1.7550221003592015
172,68.39,38537,9,925.06309372,352256,0.00036298058112151923,0.2,1462.66259765625,0.120068359375,0.5877082347869873,4349.004075431823,0.8777733892202377,1710,0.0003,0.019760864,-1.7584675967693328
173,69.39,38781,9,923.15843722,354304,-0.0019447531085461378,0.2,1481.402099609375,0.081494140625,0.5930202007293701,4141.596927261353,0.8924025967717171,1720,0.0003,0.0054208282,-1.7694209918379784
174,69.27,39026,9,924.6643886099998,356352,-0.0016599404654698447,0.2,1465.2783203125,0.066357421875,0.5839539766311646,4041.473488807678,0.8924895450472832,1730,0.0003,0.0049112407,-1.7641374986618756
175,69.19,39270,9,924.6000405000002,358400,0.0006441508594434708,0.2,2513.2724609375,0.087451171875,0.5806175470352173,3827.8278396606447,0.8845547214150429,1740,0.0003,0.008781565,-1.7410527657717467
176,70.99,39510,9,922.58345388,360448,-0.002823907363926992,0.2,2069.780517578125,0.1228515625,0.5768147706985474,3621.509864425659,0.890718050301075,1750,0.0003,0.00986355,-1.7281514089554548
177,71.42,39754,9,922.1526974000001,362496,-0.0022696410858770834,0.2,1717.63671875,0.083056640625,0.5725971460342407,3277.0890460968017,0.8982378169894218,1760,0.0003,0.0069156047,-1.7129952464252711
178,70.3,39998,9,924.1358900500001,364544,0.0009240031067747623,0.2,1316.96533203125,0.10712890625,0.5795989036560059,3335.7055727005004,0.8954655528068542,1770,0.0003,0.006123768,-1.7162578415125609
179,72.04,40241,9,906.0808686800001,366592,-0.0024967970530269668,0.2,1342.29736328125,0.09248046875,0.5785883069038391,3086.5318534851076,0.9058361873030663,1780,0.0003,0.013372065,-1.7281144324690103
180,72.45,40482,9,906.2567916800002,368640,-0.005239493535191287,0.2,1966.242919921875,0.048876953125,0.5778123140335083,6640.092734050751,0.7539021223783493,1790,0.0003,0.0062308237,-1.7228008430451154
181,73.47,40722,9,903.98626386,370688,-0.0030242933891713617,0.2,2126.75244140625,0.057470703125,0.5738263726234436,3235.4544504642486,0.8874811753630638,1800,0.0003,0.0043566963,-1.715220206603408
182,72.65,40967,9,922.3107288700002,372736,-0.0023747947823721917,0.2,1079.3255615234375,0.084765625,0.5711185932159424,2569.871673965454,0.9330736696720123,1810,0.0003,0.005822419,-1.70346576012671
183,71.99,41209,9,923.50960771,374784,-0.000471851447946392,0.2,1519.913818359375,0.110009765625,0.5710490942001343,2639.9145612716675,0.9192631021142006,1820,0.0003,0.006441611,-1.7001132369041443
184,73.64,41449,9,922.0319330100001,376832,0.0007642360855243169,0.2,1132.2410888671875,0.108154296875,0.5704673528671265,2378.91738986969,0.9276164472103119,1830,0.0003,0.006300061,-1.700080993399024
185,73.16,41692,9,924.1185681599999,378880,-0.0029733200688497165,0.2,745.9996948242188,0.0478515625,0.5714024901390076,2388.7525378227233,0.9099501818418503,1840,0.0003,0.003267848,-1.702968779951334
186,75.62,41932,9,920.2008569000001,380928,-0.007168829342117533,0.2,1699.759765625,0.108935546875,0.5671505928039551,2541.825449371338,0.9168836548924446,1850,0.0003,0.008238109,-1.6967483185231687
187,76.01,42170,9,920.60173419,382976,-0.002163079788442701,0.2,1037.658447265625,0.048974609375,0.56620192527771,2097.80009765625,0.9320274218916893,1860,0.0003,0.004996749,-1.6867736097425223
188,74.08,42417,9,924.38052414,385024,-0.0013272859127027915,0.2,585.0307006835938,0.06650390625,0.5670565366744995,2299.1359680175783,0.9179775044322014,1870,0.0003,0.0081904335,-1.6864196222275496
189,73.48,42658,9,924.836552,387072,-0.0007275805255630985,0.2,1154.2254638671875,0.079296875,0.5635768175125122,2043.3741293907165,0.942745391279459,1880,0.0003,0.01602542,-1.6812186483293772
190,72.22,42902,9,927.01715996,389120,-0.0018533893366111443,0.2,841.6676635742188,0.08046875,0.5640859603881836,1980.0059734344482,0.9323042631149292,1890,0.0003,0.009176691,-1.6729525066912174
191,72.77,43141,9,911.12605742,391168,-0.0063804206671193246,0.2,870.882568359375,0.08046875,0.5673983097076416,2009.9360549926757,0.9391069561243057,1900,0.0003,0.0066850367,-1.6802882697433232
192,74.3,43383,9,908.8177359699998,393216,-0.004947780277871061,0.2,1248.0899658203125,0.058544921875,0.5656095743179321,4624.069396591187,0.733281672000885,1910,0.0003,0.006439312,-1.6828679610043764
193,75.15,43623,9,906.9121915299999,395264,-0.004208095750072971,0.2,1342.48388671875,0.05576171875,0.5649195909500122,2066.180370140076,0.9302888810634613,1920,0.0003,0.0022850581,-1.6790866099298
194,76.62,43863,9,921.0549705899998,397312,-0.0059917856007814406,0.2,1084.51025390625,0.104736328125,0.5647676587104797,2255.0261808395385,0.9049434289336205,1930,0.0003,0.013753381,-1.6763857692480086
195,76.23,44104,9,921.1680400900003,399360,-0.0034908252710010856,0.2,652.5530395507812,0.078662109375,0.5630651116371155,2494.0571315765383,0.8978785201907158,1940,0.0003,0.0032907394,-1.6728321515023707
196,77.36,44343,9,903.91936388,401408,-0.0033945755829336123,0.2,716.6410522460938,0.046142578125,0.5612227320671082,1897.8288053512574,0.9150182083249092,1950,0.0003,0.0039754706,-1.6660431526601314
197,80.87,44578,9,887.4124663399998,403456,-0.004182665591361001,0.2,1704.1168212890625,0.102490234375,0.5615515112876892,2821.6323133468627,0.7803541272878647,1960,0.0003,0.01179983,-1.66406110227108
198,80.71,44817,9,886.7895743899999,405504,-0.005008632614044472,0.2,771.1636962890625,0.06005859375,0.5649364590644836,2761.006203174591,0.8252437263727188,1970,0.0003,0.0049022003,-1.6708619602024555
199,80.86,45059,9,886.48006173,407552,-0.005043396790279075,0.2,1214.5350341796875,0.071923828125,0.5643625259399414,3151.2482827186586,0.82318314909935,1980,0.0003,0.0044360314,-1.6785768572241069
200,77.3,45304,9,905.4919547000001,409600,-0.0061725484760245305,0.2,661.1448364257812,0.089111328125,0.5681851506233215,1566.2698574066162,0.9470851682126522,1990,0.0003,0.007046529,-1.685081136226654
201,74.28,45545,9,922.5164522199999,411648,-0.0028639263473451138,0.2,628.970458984375,0.120263671875,0.5677061080932617,1274.835760307312,0.9625486992299557,2000,0.0003,0.012583676,-1.689536664634943
202,69.38,45792,9,928.7504567,413696,-0.003992302641563583,0.2,565.5111083984375,0.097216796875,0.5636453628540039,1371.7804405212403,0.9537146985530853,2010,0.0003,0.0066140764,-1.6834706768393517
203,69.25,46037,9,927.9644818499997,415744,-0.0013959008123492823,0.2,218.4154510498047,0.13017578125,0.5561295747756958,1076.2088106155395,0.9648982845246792,2020,0.0003,0.008728047,-1.6662700094282628
204,67.43,46283,9,929.4393815999999,417792,-0.001795962562027853,0.2,614.3359375,0.0970703125,0.5550212860107422,844.2464724063873,0.9763815831393003,2030,0.0003,0.012211742,-1.6472921919077634
205,67.38,46527,9,928.2509359900001,419840,0.00336168723879382,0.2,392.0929870605469,0.132958984375,0.5559369325637817,812.3796904087067,0.9750388544052839,2040,0.0003,0.0087299775,-1.646884758397937
206,68.06,46771,9,927.0596167799998,421888,-0.0014121506101218984,0.2,222.0369110107422,0.107958984375,0.5542912483215332,666.6173826694488,0.9787847921252251,2050,0.0003,0.008023196,-1.6458381485193967
207,67.36,47017,9,927.1299118000002,423936,-0.001397294101479929,0.2,191.93777465820312,0.074462890625,0.5514024496078491,602.6409093379974,0.9766442757099867,2060,0.0003,0.008482789,-1.63455604724586
208,69.14,47259,9,923.65955586,425984,-0.0026275750831700863,0.2,280.3287048339844,0.0939453125,0.5499724745750427,572.3993032217026,0.9825089666992426,2070,0.0003,0.0084771905,-1.6300241649150848
209,70.42,47501,9,921.30093536,428032,-0.003874833052395843,0.2,354.7868957519531,0.12802734375,0.549125611782074,508.41094732284546,0.9814438782632351,2080,0.0003,0.019416861,-1.6249857671558856
210,69.55,47749,9,923.74026639,430080,-0.00408130778814666,0.2,237.39451599121094,0.095263671875,0.5465350151062012,423.4756911993027,0.9860065029934049,2090,0.0003,0.009679506,-1.6196123108267784
211,68.45,47994,9,925.7256239799999,432128,-0.0031812054716283456,0.2,287.29351806640625,0.113818359375,0.5394483804702759,443.54954226016997,0.9849793324247003,2100,0.0003,0.010216063,-1.6016688503324985
212,66.76,48240,9,929.79492454,434176,-0.0028568353183800353,0.2,271.63092041015625,0.096142578125,0.5364940762519836,360.8644408226013,0.9855281636118889,2110,0.0003,0.009084927,-1.5798923581838609
213,66.77,48486,8,929.96891602,436224,-0.005161797793698497,0.2,197.57025146484375,0.07314453125,0.5342890620231628,430.7539524555206,0.9706443697214127,2120,0.0003,0.0058829575,-1.573128006979823
214,66.92,48731,8,929.6506003700001,438272,-0.0008527300233254209,0.2,265.3134460449219,0.112841796875,0.5349625945091248,349.5948659420013,0.9856169447302818,2130,0.0003,0.010380151,-1.5717371053993703
215,68.82,48973,8,926.1928927700001,440320,-0.0002820114372298121,0.2,50.8859977722168,0.105322265625,0.5369221568107605,308.83035786151885,0.9863520888611674,2140,0.0003,0.008505571,-1.575705571472645
216,68.68,49219,8,926.5094703500002,442368,-0.002476604806724936,0.2,132.88467407226562,0.1013671875,0.5321258306503296,457.46084105968475,0.9786009564995766,2150,0.0003,0.009832498,-1.5721057750284673
217,68.45,49464,8,926.29835249,444416,-0.001429729172377847,0.2,103.94798278808594,0.1373046875,0.5307813882827759,270.35397543907163,0.9888429269194603,2160,0.0003,0.006650192,-1.5580348324030637
218,66.66,49709,8,929.72748516,446464,-0.0018534994276706129,0.2,100.61493682861328,0.091357421875,0.5313315987586975,298.2302963256836,0.9854799685999751,2170,0.0003,0.008652341,-1.557946839183569
219,68.53,49952,8,896.8785785400001,448512,-0.000873067820793949,0.2,86.4091567993164,0.09453125,0.5240797996520996,208.64058833122255,0.990935055539012,2180,0.0003,0.005393669,-1.5459542192518712
220,68.42,50197,8,895.8452244800001,450560,-0.004499610970378853,0.2,207.0016632080078,0.04609375,0.524014949798584,4083.9787326812743,0.613609105348587,2190,0.0003,0.002747311,-1.5333178948611021
221,68.05,50444,8,880.21249218,452608,-0.0031263279175618663,0.2,144.20199584960938,0.0578125,0.5245343446731567,371.0210647821426,0.978802677243948,2200,0.0003,0.0045120865,-1.5359680399298667
222,68.26,50688,8,894.8284032400001,454656,-0.003370839596027508,0.2,47.13108444213867,0.157275390625,0.5238716006278992,1042.2902277469634,0.965528316795826,2210,0.0003,0.007920676,-1.535051990300417
223,69.74,50931,8,906.8386537399998,456704,-0.004414728097617626,0.2,139.24295043945312,0.100927734375,0.5231212377548218,813.9251255989075,0.8940767720341682,2220,0.0003,0.010467827,-1.5309506703168154
224,70.68,51176,8,920.88235732,458752,-0.0016276344103971496,0.2,90.5822982788086,0.10654296875,0.5201653242111206,375.1379956245422,0.9601614959537983,2230,0.0003,0.01230527,-1.524468334019184
225,70.16,51422,8,920.29486918,460800,-0.001928891206625849,0.2,70.09322357177734,0.10625,0.5128710865974426,181.0001111984253,0.9900543428957462,2240,0.0003,0.0069237417,-1.5032558489590884
226,70.11,51665,8,921.1210923199999,462848,0.0009438853754545562,0.2,39.72897720336914,0.133837890625,0.504200279712677,141.0846616744995,0.9934457764029503,2250,0.0003,0.013460744,-1.4749205589294434
227,69.74,51909,8,921.61179348,464896,-4.6461803140118715e-05,0.2,104.04454803466797,0.092333984375,0.5048156976699829,138.8682583808899,0.9941949411295354,2260,0.0003,0.0066568055,-1.4596295330673457
228,70.29,52153,8,906.0567569899999,466944,0.0009961189382011071,0.2,20.321781158447266,0.16650390625,0.502956748008728,121.2755735039711,0.994930119253695,2270,0.0003,0.011199437,-1.4547208935022353
229,68.91,52399,8,909.5704180900002,468992,-0.0008166009007254616,0.2,142.04161071777344,0.05927734375,0.5014206171035767,1109.2367646455764,0.8273132592439651,2280,0.0003,0.0065518403,-1.4488529212772847
230,67.6,52645,8,898.1627611799998,471040,0.0007481356587959453,0.2,50.6467399597168,0.10322265625,0.500639021396637,157.45825765132903,0.9884566916152835,2290,0.0003,0.005472469,-1.4450870163738727
231,66.29,52890,8,913.8550430400002,473088,-0.0006269570061704144,0.2,108.57103729248047,0.071044921875,0.4986329674720764,1055.951520371437,0.8578185737133026,2300,0.0003,0.0060920827,-1.4396599881350993
232,68.42,53134,8,910.3571574299998,475136,-0.0026968527759891003,0.2,116.56637573242188,0.070068359375,0.4970310628414154,251.25103982686997,0.9698084890842438,2310,0.0003,0.0059838775,-1.4335464645177125
233,68.21,53379,8,926.2823671499999,477184,-0.0018872472690418362,0.2,41.48828887939453,0.121923828125,0.4997491240501404,149.9425130009651,0.9907538443803787,2320,0.0003,0.014673507,-1.4366978332400322
234,69.02,53624,8,926.5669082200001,479232,-0.0006377713580150157,0.2,44.75217056274414,0.174365234375,0.497855544090271,102.62244534492493,0.994028506334871,2330,0.0003,0.017027553,-1.4383437421172858
235,67.34,53872,8,928.2256169300001,481280,-4.902754444628954e-05,0.2,15.691889762878418,0.115283203125,0.4958237409591675,85.50255908370018,0.9957058192230761,2340,0.0003,0.018856915,-1.4286924868822097
236,67.67,54117,8,927.3618224100001,483328,0.0017713655804982408,0.2,23.98473358154297,0.1751953125,0.4889504313468933,103.81980292797088,0.9954655482433736,2350,0.0003,0.015094865,-1.4108803737908602
237,67.71,54361,8,926.43074207,485376,-0.002479058974131476,0.2,31.3931884765625,0.08623046875,0.48614537715911865,117.04904671907425,0.9946709820069373,2360,0.0003,0.007441032,-1.3924097541719676
238,68.66,54608,8,925.38694953,487424,-0.000682457530638203,0.2,23.970848083496094,0.125341796875,0.4870796203613281,97.7392763376236,0.9960723179392517,2370,0.0003,0.007573593,-1.3877309817820787
239,65.84,54855,8,930.5896646799999,489472,-0.005540268468030263,0.2,33.60720443725586,0.109716796875,0.4868044853210449,120.97262260913848,0.9913940858095884,2380,0.0003,0.0071601723,-1.3896827716380358
240,65.72,55102,8,931.1993754299999,491520,0.0025921251479303466,0.2,48.85015869140625,0.157763671875,0.47926828265190125,95.27479605674743,0.9953863546252251,2390,0.0003,0.037148133,-1.3724034994840622
241,65.59,55348,8,929.86676896,493568,0.0027243981545325368,0.2,38.518280029296875,0.12099609375,0.4791465997695923,81.94322940111161,0.9958698814734817,2400,0.0003,0.0071256906,-1.357527920603752
242,67.23,55590,8,926.84532818,495616,0.00035943959665019065,0.2,40.392784118652344,0.110546875,0.47855615615844727,83.49138023257255,0.9965280352625996,2410,0.0003,0.006700515,-1.3601705677807332
243,69.34,55834,8,921.17350173,497664,-0.0006047094822861255,0.2,34.613346099853516,0.13046875,0.47207027673721313,71.9988723397255,0.9969825574662536,2420,0.0003,0.00770416,-1.3430678505450486
244,71.09,56078,8,918.6906494499999,499712,-0.002757772174663842,0.2,21.02777099609375,0.1185546875,0.46919649839401245,72.34686015844345,0.9971095104701817,2430,0.0003,0.009448027,-1.3242238264530897
245,69.28,56324,8,922.7846764000001,501760,-0.001457529643084854,0.2,22.195466995239258,0.123974609375,0.47084784507751465,69.33943575024605,0.9966986025683582,2440,0.0003,0.0073068077,-1.3213330440223217
