time/iterations,rollout/ep_len_mean,rollout/ep_rew_mean,time/fps,time/time_elapsed,time/total_timesteps,train/approx_kl,train/value_loss,train/learning_rate,train/entropy_loss,train/clip_fraction,train/policy_gradient_loss,train/clip_range,train/explained_variance,train/loss,train/n_updates
1,176.0909090909091,-1059.331196181818,9,219,2048,,,,,,,,,,
2,180.36363636363637,-1095.0434773636364,9,438,4096,0.009404166,15754.394499206543,0.0003,-2.7025601930916308,0.050390625,-0.014134598601958714,0.2,-0.00012934207916259766,6443.24658203125,10
3,192.83870967741936,-1135.1547407419355,9,656,6144,0.007993232,15871.011967468261,0.0003,-2.691920717060566,0.030224609375,-0.010374719370156526,0.2,-6.80685043334961e-05,6164.1123046875,20
4,212.28947368421052,-1139.5414021052632,9,871,8192,0.0071583493,12729.849312591552,0.0003,-2.676267421245575,0.037939453125,-0.011237859682296403,0.2,-3.707408905029297e-05,4093.3603515625,30
5,236.04651162790697,-1220.9487488372092,9,1084,10240,0.009603789,7854.369873428344,0.0003,-2.6555916994810103,0.06796875,-0.016577322996454313,0.2,-3.3020973205566406e-05,7016.6396484375,40
6,249.77083333333334,-1291.3564159999999,9,1297,12288,0.010382581,7097.3641906738285,0.0003,-2.6282856799662113,0.091015625,-0.015147440455621108,0.2,-2.86102294921875e-06,2622.278076171875,50
7,256.07272727272726,-1274.5599577454543,9,1512,14336,0.007485618,8414.066265106201,0.0003,-2.6109957709908485,0.029638671875,-0.010832043256959878,0.2,3.814697265625e-06,1549.697021484375,60
8,268.37704918032784,-1312.317953491803,9,1725,16384,0.009577213,7891.544284057617,0.0003,-2.593096786737442,0.046044921875,-0.015267182639217936,0.2,-2.2649765014648438e-06,4679.95068359375,70
9,283.5230769230769,-1339.3167391538461,9,1937,18432,0.008761797,6588.926956939697,0.0003,-2.573209623992443,0.0353515625,-0.011778945042169652,0.2,-5.841255187988281e-06,3799.587646484375,80
10,287.8550724637681,-1335.9774147971016,9,2148,20480,0.009969109,4956.7497295379635,0.0003,-2.5591205306351186,0.085595703125,-0.01791832298913505,0.2,4.76837158203125e-07,2770.268310546875,90
11,309.77777777777777,-1458.2180161527779,9,2358,22528,0.008170482,5754.345083618164,0.0003,-2.532894903421402,0.038623046875,-0.011248430711566471,0.2,-1.1920928955078125e-07,1274.347900390625,100
12,310.6363636363636,-1439.7781091818183,9,2571,24576,0.0069040987,4852.487442016602,0.0003,-2.535317700356245,0.02529296875,-0.010045545900356955,0.2,-2.2649765014648438e-06,3263.64697265625,110
13,321.4390243902439,-1448.0317923048779,9,2784,26624,0.006621346,4581.475082969666,0.0003,-2.511283066123724,0.056396484375,-0.015552937491156627,0.2,4.172325134277344e-07,2195.1123046875,120
14,325.0919540229885,-1461.427959321839,9,2996,28672,0.0077902386,4539.7165439605715,0.0003,-2.500547042489052,0.050537109375,-0.014674243767512963,0.2,3.5762786865234375e-07,3729.911865234375,130
15,337.9,-1476.433894,9,3206,30720,0.010649793,4809.85424118042,0.0003,-2.5168779462575914,0.0728515625,-0.014464724503341131,0.2,-1.430511474609375e-06,811.6076049804688,140
16,347.39784946236557,-1515.4684897096772,9,3417,32768,0.007935118,2011.9355020523071,0.0003,-2.4826380841434004,0.069482421875,-0.01916776038997341,0.2,-4.76837158203125e-07,632.85107421875,150
17,356.22680412371136,-1552.2868057525773,9,3628,34816,0.009890248,3793.9107418060303,0.0003,-2.4986775167286397,0.055908203125,-0.013199297372193542,0.2,1.1920928955078125e-07,1054.8170166015625,160
18,368.6060606060606,-1610.7266958484845,9,3837,36864,0.0063481564,4735.733997344971,0.0003,-2.497584519535303,0.0294921875,-0.01253471056552371,0.2,-8.344650268554688e-07,1776.9705810546875,170
19,380.48,-1641.3404513999997,9,4047,38912,0.0069593005,2693.012202835083,0.0003,-2.501980824023485,0.03173828125,-0.01468176128109917,0.2,1.5497207641601562e-06,1395.7177734375,180
20,391.3,-1683.2979782699997,9,4256,40960,0.008714026,2482.6590501785277,0.0003,-2.4715732514858244,0.064697265625,-0.015025295727537014,0.2,-1.6689300537109375e-06,667.1323852539062,190
21,415.24,-1737.9816582199999,9,4468,43008,0.009179717,1432.81629447937,0.0003,-2.462971227616072,0.059912109375,-0.021958808894851245,0.2,1.1920928955078125e-07,573.9418334960938,200
22,428.94,-1770.9780866499998,9,4677,45056,0.0086476635,3547.427013015747,0.0003,-2.460406169295311,0.07509765625,-0.018329310542321765,0.2,1.1920928955078125e-07,612.9824829101562,210
23,446.87,-1851.1051743699998,9,4887,47104,0.0060055004,2121.314874267578,0.0003,-2.4508110731840134,0.031982421875,-0.015554071354563348,0.2,6.556510925292969e-07,651.2515258789062,220
24,455.77,-1882.97635277,9,5096,49152,0.008342284,3679.2196006774902,0.0003,-2.46113755851984,0.033740234375,-0.012559214333305136,0.2,-2.384185791015625e-07,1266.49169921875,230
25,477.53,-1944.8528349500002,9,5306,51200,0.007839585,1648.0477791786193,0.0003,-2.450622161477804,0.083837890625,-0.019610999946598894,0.2,0.0,1112.0020751953125,240
26,492.53,-1967.08921783,9,5518,53248,0.009406423,2003.5303058624268,0.0003,-2.4513044007122518,0.097607421875,-0.02035639446694404,0.2,-1.1920928955078125e-07,1646.4169921875,250
27,501.53,-2001.0170414,9,5728,55296,0.010398969,2498.942313671112,0.0003,-2.425870102643967,0.110595703125,-0.024027907877461986,0.2,0.0,734.4168090820312,260
28,510.44,-2012.52669924,9,5941,57344,0.0076580127,2486.8013999938967,0.0003,-2.428291787207127,0.051513671875,-0.016765740550181363,0.2,0.0,475.47119140625,270
29,519.77,-2051.68862407,9,6155,59392,0.009119241,2533.7387793540956,0.0003,-2.460410763323307,0.0740234375,-0.021138117188820617,0.2,1.1920928955078125e-07,571.090576171875,280
30,524.51,-2084.6371527600004,9,6365,61440,0.0089989845,3356.0828903198244,0.0003,-2.4720524922013283,0.10107421875,-0.02163531527330633,0.2,-1.1920928955078125e-07,1954.4298095703125,290
31,531.56,-2070.7918928100003,9,6576,63488,0.008834455,1893.9811333656312,0.0003,-2.448006974160671,0.060009765625,-0.019760367181152105,0.2,1.1920928955078125e-07,314.05218505859375,300
32,537.7,-2080.4351088700005,9,6788,65536,0.0176473,1277.4838897228242,0.0003,-2.470214205235243,0.229931640625,-0.01631641814019531,0.2,0.0,575.2166748046875,310
33,543.03,-2090.9369478900003,9,6997,67584,0.002586222,2090.79336605072,0.0003,-2.4623877085745334,0.000537109375,-0.005421817771275528,0.2,0.0,569.5859375,320
34,555.13,-2081.01157239,9,7208,69632,0.013534104,902.787641620636,0.0003,-2.42604214027524,0.26435546875,-0.02120360238768626,0.2,1.1920928955078125e-07,304.175537109375,330
35,565.9,-2084.25136792,9,7419,71680,0.0101127345,8128.6907596588135,0.0003,-2.4553407698869707,0.112890625,-0.011700029514031485,0.2,0.0,18406.603515625,340
36,573.87,-2106.28817138,9,7629,73728,0.0122268945,958.7356809616089,0.0003,-2.4505197517573833,0.133447265625,-0.01840886579884682,0.2,5.960464477539063e-08,348.0057678222656,350
37,580.56,-2154.2390710100003,9,7840,75776,0.00039969824,1327.38954372406,0.0003,-2.4459814704954623,0.0,-0.0019581279630074278,0.2,2.384185791015625e-07,413.57098388671875,360
38,591.2,-2176.6654283000003,9,8049,77824,0.00072987215,2027.7282732009887,0.0003,-2.4288877464830874,0.0,-0.0024688619247172027,0.2,5.960464477539063e-08,262.2885437011719,370
39,589.27,-2144.3729559,9,8262,79872,0.01108571,603.0654412269593,0.0003,-2.4013287983834743,0.0890625,-0.010715487555717117,0.2,2.384185791015625e-07,245.57456970214844,380
40,588.49,-2140.16465491,9,8471,81920,0.008407927,1682.1765510559082,0.0003,-2.3268476761877537,0.09619140625,-0.005172883617342449,0.2,-1.1920928955078125e-07,1580.642333984375,390
41,597.29,-2145.88076935,9,8681,83968,0.0022229676,1310.4216891288756,0.0003,-2.3328960493206976,0.0,-0.00405202558322344,0.2,2.384185791015625e-07,443.2079772949219,400
42,602.82,-2153.0337694400005,9,8893,86016,0.0046054106,795.7567738771438,0.0003,-2.3252691753208636,0.0259765625,-0.01154874358762754,0.2,0.0,406.4330139160156,410
43,611.21,-2157.6985407200004,9,9102,88064,0.008987665,1377.5394973754883,0.0003,-2.2820973463356493,0.13935546875,-0.016002223927353044,0.2,8.940696716308594e-07,686.9166259765625,420
44,623.27,-2179.4621330600003,9,9312,90112,0.0033871792,705.1606338381768,0.0003,-2.310563215613365,0.00263671875,-0.003183981872280128,0.2,0.011678755283355713,72.907470703125,430
45,635.08,-2187.00612669,9,9522,92160,0.0036800469,492.64608458280566,0.0003,-2.2388916604220865,0.00146484375,-0.004326176509493962,0.2,0.0974045991897583,54.88520431518555,440
46,637.66,-2219.948649,9,9733,94208,0.0012451344,746.2277696490288,0.0003,-2.2570366971194744,0.0,-0.0037185122724622487,0.2,0.050564467906951904,50.649879455566406,450
47,636.36,-2191.9546006399996,9,9942,96256,0.0044980515,1487.7780668258667,0.0003,-2.211041457951069,0.006396484375,-0.0046873656945535915,0.2,0.4384578466415405,974.3084716796875,460
48,641.7,-2220.2725769800004,9,10151,98304,0.0011252104,686.2025308132172,0.0003,-2.2926527358591557,0.0,-0.004268147956463508,0.2,0.4218428134918213,592.5807495117188,470
49,646.77,-2169.0503763500005,9,10362,100352,0.0050995564,925.9669184684753,0.0003,-2.246091766655445,0.010546875,-0.007027674079290591,0.2,0.39509445428848267,228.5142822265625,480
50,652.85,-2155.08039576,9,10571,102400,0.0027361969,897.4973700761795,0.0003,-2.2730855859816073,0.000927734375,-0.005278218828607351,0.2,0.4359557032585144,471.3520202636719,490
51,652.58,-2151.5892048700002,9,10781,104448,0.006299182,81.08432478010654,0.0003,-2.2500636294484138,0.0294921875,-0.009668903253623285,0.2,0.34161871671676636,9.3291015625,500
52,642.97,-2133.7323598300004,9,10991,106496,0.0026925243,1381.8156120300293,0.0003,-2.288256433606148,0.00146484375,-0.004521753898006864,0.2,0.5601800978183746,417.0050964355469,510
53,643.27,-2125.7653618800005,9,11202,108544,0.004574951,1302.1931213378907,0.0003,-2.273063953220844,0.008251953125,-0.005689724777766969,0.2,0.690277099609375,448.5533447265625,520
54,634.14,-2063.3702072600004,9,11413,110592,0.008584571,600.2997577190399,0.0003,-2.305151482671499,0.069384765625,-0.01355320994334761,0.2,0.864683523774147,107.34855651855469,530
55,634.29,-2041.48912288,9,11622,112640,0.0016580743,1306.7916772842407,0.0003,-2.353463317453861,0.0,-0.0036861717060673984,0.2,0.6461087465286255,216.4485321044922,540
56,631.19,-2044.27780006,9,11832,114688,0.0042350474,638.778609752655,0.0003,-2.3224165618419645,0.002587890625,-0.00755895534530282,0.2,-0.049155235290527344,26.820035934448242,550
57,630.59,-2064.51794392,9,12044,116736,0.0066074347,953.7540195465087,0.0003,-2.366643097996712,0.02568359375,-0.012946647481294348,0.2,0.6931846439838409,216.0363006591797,560
58,637.84,-2086.2423499500005,9,12253,118784,0.006679383,1157.2068302154541,0.0003,-2.366873220354319,0.032177734375,-0.010633370374853257,0.2,0.23501205444335938,288.8547668457031,570
59,640.73,-2080.78243321,9,12465,120832,0.007716691,328.1768768787384,0.0003,-2.3550812415778637,0.0529296875,-0.014668673306005076,0.2,0.8760931193828583,373.590087890625,580
60,652.14,-2116.74045403,9,12674,122880,0.005541279,1218.8555626392365,0.0003,-2.3066554978489875,0.013671875,-0.008773046676651575,0.2,0.04411029815673828,762.115966796875,590
61,667.26,-2148.01407201,9,12883,124928,0.008639939,419.3962490081787,0.0003,-2.3394787974655626,0.075830078125,-0.0206534417666262,0.2,0.8211428076028824,97.03995513916016,600
62,669.41,-2153.42098077,9,13095,126976,0.009065246,397.0920388698578,0.0003,-2.3345372967422007,0.0669921875,-0.014293520590581466,0.2,0.5881612300872803,35.53762435913086,610
63,656.3,-2102.36876149,9,13308,129024,0.007027612,1136.5700839042663,0.0003,-2.3428509712219237,0.049462890625,-0.012299270246876404,0.2,0.6341865062713623,465.7672424316406,620
64,672.13,-2148.2585502700003,9,13516,131072,0.0049322015,1530.0356182575226,0.0003,-2.344972654432058,0.010009765625,-0.010263221393688581,0.2,0.506598025560379,1643.7083740234375,630
65,682.99,-2158.73483263,9,13725,133120,0.009134239,306.7758932590485,0.0003,-2.3843163937330245,0.063134765625,-0.018082523439079522,0.2,0.30454349517822266,61.82209396362305,640
66,675.12,-2187.91735913,9,13937,135168,0.008189189,645.8330903053284,0.0003,-2.374338311702013,0.0521484375,-0.016491164872422814,0.2,0.6798225045204163,133.84793090820312,650
67,682.37,-2259.2885426599996,9,14146,137216,0.0072240345,794.7743574619293,0.0003,-2.3566313318908216,0.068115234375,-0.01720143807178829,0.2,0.4648042917251587,368.9605712890625,660
68,669.72,-2243.87730108,9,14359,139264,0.010796221,483.46735672950746,0.0003,-2.376574873179197,0.102685546875,-0.021567910906742326,0.2,0.4431506395339966,87.86499786376953,670
69,661.4,-2221.85170988,9,14570,141312,0.005580482,1095.57004404068,0.0003,-2.33069853708148,0.03251953125,-0.011642322440457065,0.2,0.6639984846115112,177.8450469970703,680
70,666.2,-2219.64268378,9,14779,143360,0.008304384,892.0702692985535,0.0003,-2.334925016760826,0.07587890625,-0.02006911307689734,0.2,0.8589927554130554,56.48675537109375,690
71,667.24,-2224.80657383,9,14989,145408,0.00748412,903.4241387367249,0.0003,-2.2697986483573915,0.048876953125,-0.014437898618052714,0.2,0.8440845459699631,664.1473999023438,700
72,670.52,-2231.29774372,9,15199,147456,0.010186871,377.2673300981522,0.0003,-2.3350030563771726,0.105810546875,-0.02050623941759113,0.2,0.7727443426847458,25.105043411254883,710
73,677.07,-2221.95685161,9,15410,149504,0.0063118013,764.4452102184296,0.0003,-2.2581811882555485,0.01162109375,-0.008492478758853395,0.2,0.2249196171760559,95.37682342529297,720
74,667.86,-2254.26800977,9,15621,151552,0.008122247,500.9747407674789,0.0003,-2.285975553840399,0.055712890625,-0.01615280769619858,0.2,0.8126582652330399,301.59625244140625,730
75,669.19,-2291.35829197,9,15833,153600,0.007007965,756.3826818704605,0.0003,-2.2950204730033876,0.0359375,-0.010917435577721336,0.2,0.5699191689491272,197.11770629882812,740
76,661.12,-2277.07533943,9,16043,155648,0.008678852,668.1326209068299,0.0003,-2.3226192630827427,0.077978515625,-0.023992420412832872,0.2,0.8433414399623871,87.19993591308594,750
77,671.06,-2276.40995261,9,16252,157696,0.013650552,228.12248549461364,0.0003,-2.3135278038680553,0.180126953125,-0.03557245106785558,0.2,0.845647931098938,206.29986572265625,760
78,671.62,-2246.8955232800004,9,16461,159744,0.008634694,139.36075996160508,0.0003,-2.2850354336202146,0.1017578125,-0.024513828224735336,0.2,0.004046738147735596,101.26146697998047,770
79,666.33,-2217.1073089100005,9,16672,161792,0.003250496,5719.505355215073,0.0003,-2.339682160317898,0.002392578125,-0.004391877914895303,0.2,0.20483291149139404,15170.4306640625,780
80,666.25,-2226.74378349,9,16881,163840,0.005322261,1162.081736946106,0.0003,-2.2881512120366096,0.016650390625,-0.0075977278145728635,0.2,0.5386234521865845,892.2584228515625,790
81,661.72,-2189.0252727800003,9,17093,165888,0.0068396325,348.3889151215553,0.0003,-2.226419223099947,0.046630859375,-0.01563847678771708,0.2,0.10164934396743774,65.43243408203125,800
82,660.71,-2211.0804032900005,9,17302,167936,0.0045165606,5370.683195352554,0.0003,-2.2127870745956897,0.025,-0.004602944024372846,0.2,0.4504808783531189,538.8247680664062,810
83,658.72,-2210.7191469199997,9,17512,169984,0.0063899583,819.7016938209533,0.0003,-2.2175208032131195,0.055712890625,-0.014851677228580228,0.2,0.8793627247214317,156.2727508544922,820
84,667.06,-2199.45187574,9,17721,172032,0.0059883352,268.24478857517244,0.0003,-2.191394377499819,0.02958984375,-0.014285089468467049,0.2,0.9560511931777,63.73478698730469,830
85,668.24,-2233.5473858299997,9,17931,174080,0.007683588,533.9828856348992,0.0003,-2.201815813779831,0.039208984375,-0.013081422439427115,0.2,0.8522612899541855,108.28660583496094,840
86,671.8,-2225.1375514399997,9,18141,176128,0.0048364867,607.7841596841812,0.0003,-2.2268788151443006,0.005908203125,-0.009269923983083572,0.2,0.8599109649658203,457.35394287109375,850
87,677.67,-2225.25921929,9,18350,178176,0.0051511223,624.8343086242676,0.0003,-2.141442232578993,0.021826171875,-0.0125906391243916,0.2,0.5215391516685486,39.30417251586914,860
88,682.72,-2245.43733828,9,18560,180224,0.007875376,385.9265212774277,0.0003,-2.168348379433155,0.054833984375,-0.014326916926074773,0.2,0.9157031774520874,267.85467529296875,870
89,684.51,-2250.17386105,9,18769,182272,0.007465968,402.9541122198105,0.0003,-2.1226668749004602,0.05625,-0.015644630839233287,0.2,0.6840293705463409,64.24600219726562,880
90,689.91,-2249.93134679,9,18978,184320,0.005961929,388.4904811501503,0.0003,-2.1511587888002395,0.037939453125,-0.012133553969033529,0.2,0.8669300079345703,63.56468200683594,890
91,698.98,-2267.98893595,9,19188,186368,0.0081838695,220.20729830265046,0.0003,-2.1609905257821085,0.0623046875,-0.017428200316498988,0.2,0.9103346690535545,145.08824157714844,900
92,699.86,-2253.7744703,9,19397,188416,0.0068699038,593.6676753759384,0.0003,-2.1534720733761787,0.046484375,-0.01570919462101301,0.2,0.8726271837949753,621.7664184570312,910
93,707.1,-2255.42911286,9,19608,190464,0.00838941,150.12515312433243,0.0003,-2.111070691794157,0.073974609375,-0.0191978254559217,0.2,0.9025424420833588,28.85604476928711,920
94,704.27,-2208.9586471400007,9,19818,192512,0.007234848,661.305203962326,0.0003,-2.120955144613981,0.074560546875,-0.019987153008696624,0.2,0.7574884742498398,131.52223205566406,930
95,703.14,-2229.81921349,9,20027,194560,0.0053588515,5389.351030111313,0.0003,-2.1470837377011778,0.03017578125,-0.008153944250079804,0.2,0.5949190855026245,7422.974609375,940
96,699.87,-2199.5844457000003,9,20238,196608,0.008015983,636.4331353664398,0.0003,-2.097869034856558,0.05107421875,-0.013987460364296567,0.2,0.8538668155670166,175.8501739501953,950
97,705.41,-2218.7230685699997,9,20449,198656,0.003428054,3923.1889733314515,0.0003,-2.053516426682472,0.008349609375,-0.00601520318450639,0.2,0.6617415547370911,378.85931396484375,960
98,715.78,-2256.12554633,9,20659,200704,0.005860135,611.4685103654862,0.0003,-2.097069012746215,0.020703125,-0.011207880679285154,0.2,0.864971712231636,362.2062072753906,970
99,715.78,-2265.9466006499997,9,20868,202752,0.0042984067,4948.090049171447,0.0003,-2.1239068277180193,0.0080078125,-0.0064444136820384305,0.2,0.39710021018981934,367.9637756347656,980
100,705.99,-2222.0431535599996,9,21079,204800,0.0076608164,475.17313826084137,0.0003,-2.1188502203673125,0.048388671875,-0.014813913201214746,0.2,0.8428265303373337,67.04911804199219,990
101,708.29,-2225.44114257,9,21288,206848,0.0075485683,994.8538173675537,0.0003,-2.133134904503822,0.04150390625,-0.012179895394365304,0.2,0.8423650711774826,573.827392578125,1000
102,705.72,-2103.34940229,9,21501,208896,0.004898728,957.2247395515442,0.0003,-2.099478343129158,0.036767578125,-0.010395273909671232,0.2,0.7755117565393448,101.83235168457031,1010
103,720.91,-2157.57959442,9,21710,210944,0.004183087,10163.675671005249,0.0003,-2.0261004872620108,0.02109375,-0.005057522325660102,0.2,0.23079335689544678,4182.40869140625,1020
104,719.49,-2122.5444243399998,9,21920,212992,0.007874346,226.1653701543808,0.0003,-2.004214571043849,0.0517578125,-0.01863592031004373,0.2,0.9139263704419136,86.93025207519531,1030
105,724.11,-2131.9340911100003,9,22130,215040,0.007316244,2868.270025682449,0.0003,-1.99333918094635,0.0623046875,-0.008342195497243665,0.2,0.6618146598339081,241.6044921875,1040
106,721.99,-2083.3811443300006,9,22340,217088,0.00820413,482.140624165535,0.0003,-2.004099916666746,0.062646484375,-0.013950900915369857,0.2,0.6591478586196899,157.00877380371094,1050
107,728.38,-2089.8231032800004,9,22549,219136,0.00395343,4581.244825601578,0.0003,-2.0883693527430296,0.02275390625,-0.0072982926823897286,0.2,0.7006730139255524,117.13570404052734,1060
108,733.44,-2090.8138271299995,9,22758,221184,0.009106336,259.4508442640305,0.0003,-2.11975811123848,0.077734375,-0.018609199035563507,0.2,0.8065179288387299,106.63390350341797,1070
109,735.37,-2078.3426894,9,22969,223232,0.012767285,71.45275658369064,0.0003,-1.9767373971641065,0.121875,-0.02360687926702667,0.2,-0.09662699699401855,13.677369117736816,1080
110,740.64,-2036.7308223199998,9,23178,225280,0.004052336,5390.892017316818,0.0003,-1.943187429383397,0.017333984375,-0.004539603387820534,0.2,0.6104423701763153,504.07403564453125,1090
111,747.23,-2020.05953698,9,23388,227328,0.0043197544,4268.36528058052,0.0003,-1.9739213209599256,0.0111328125,-0.0059041626751422886,0.2,0.5362820029258728,392.7190856933594,1100
112,756.0,-2024.5254629199997,9,23597,229376,0.0046380498,570.362984418869,0.0003,-2.043418199196458,0.01884765625,-0.010147000938013661,0.2,0.6785025298595428,73.75987243652344,1110
113,756.0,-2032.2287443100001,9,23806,231424,0.0074212523,113.94434521198272,0.0003,-1.9638396829366684,0.0587890625,-0.015357887250138447,0.2,0.9293069764971733,32.179203033447266,1120
114,765.01,-2043.1745275500004,9,24015,233472,0.010337441,58.61894801259041,0.0003,-1.9729731667786836,0.1033203125,-0.0247452574869385,0.2,0.8612881600856781,12.088963508605957,1130
115,751.85,-2053.26607131,9,24226,235520,0.011450249,45.90933385193348,0.0003,-1.948686994612217,0.107861328125,-0.024260333992424422,0.2,0.9115870073437691,19.61859703063965,1140
116,746.97,-2044.18179876,9,24438,237568,0.005757155,602.3084803581238,0.0003,-1.9585144493728877,0.035546875,-0.0121392002212815,0.2,0.8909718841314316,200.934814453125,1150
117,744.34,-2083.0784475900005,9,24648,239616,0.00638485,455.3308677315712,0.0003,-1.9436265878379344,0.0544921875,-0.011232942754577379,0.2,0.9486332572996616,52.18628692626953,1160
118,757.19,-2102.0132417300006,9,24857,241664,0.01108155,654.3425036191941,0.0003,-1.9662488628178836,0.08251953125,-0.019490137245156802,0.2,0.7217917442321777,33.97416305541992,1170
119,729.63,-2014.61781977,9,25070,243712,0.013509486,120.46631288528442,0.0003,-2.0298251029103995,0.109130859375,-0.02407051459013019,0.2,-0.09116363525390625,21.983631134033203,1180
120,728.39,-2020.7691880300001,9,25279,245760,0.0051181596,830.9688293933868,0.0003,-1.8248495265841485,0.01943359375,-0.007803329822490923,0.2,0.762184202671051,287.64715576171875,1190
121,736.56,-2024.1517719399997,9,25488,247808,0.0060330792,403.0991533041,0.0003,-1.879636610299349,0.052392578125,-0.011707830842351542,0.2,0.8002288937568665,42.70267105102539,1200
122,738.92,-2023.0304567699998,9,25699,249856,0.008748168,107.44125410318375,0.0003,-1.8440563470125197,0.08447265625,-0.019937388802645728,0.2,0.8879829570651054,28.551538467407227,1210
123,724.4,-1984.17531288,9,25909,251904,0.0039970865,5324.927581214904,0.0003,-1.8675148334354161,0.020263671875,-0.007452174695208669,0.2,0.42322009801864624,5397.86474609375,1220
124,731.89,-2000.9371290999998,9,26118,253952,0.00718541,375.7015158414841,0.0003,-1.9782463777810335,0.058251953125,-0.014773482939926908,0.2,0.8761125728487968,92.4913558959961,1230
125,729.68,-1993.89961665,9,26328,256000,0.009896577,121.69900512695312,0.0003,-1.994946314021945,0.07724609375,-0.019896531863196287,0.2,0.9692819695919752,30.45791244506836,1240
126,729.68,-1965.2006894600001,9,26537,258048,0.0042984504,250.77718110084533,0.0003,-1.713497157767415,0.01982421875,-0.008385852845094632,0.2,0.6861168146133423,77.0114974975586,1250
127,731.67,-1946.69257113,9,26746,260096,0.0070647183,150.62827998399734,0.0003,-1.8389194689691066,0.055029296875,-0.014417823473922908,0.2,0.9543606005609035,49.31034851074219,1260
128,731.67,-1961.54723459,9,26955,262144,0.004787639,3424.48741338253,0.0003,-1.830951415002346,0.03525390625,-0.0068300976243335755,0.2,0.6642984747886658,214.5702667236328,1270
129,725.79,-1959.3385907600002,9,27166,264192,0.0067364294,329.67446343898774,0.0003,-1.7954703044146298,0.041259765625,-0.011540303786750883,0.2,0.8797493800520897,146.31887817382812,1280
130,721.66,-1962.21343812,9,27378,266240,0.005489107,973.3637683868408,0.0003,-1.6712954223155976,0.0427734375,-0.010651589900953695,0.2,0.8634300976991653,359.36773681640625,1290
131,716.08,-1933.0863556800002,9,27588,268288,0.004513817,874.5618582487107,0.0003,-1.7638889964669944,0.03154296875,-0.010366332641569897,0.2,0.6415210962295532,139.98092651367188,1300
132,721.06,-1943.47879051,9,27799,270336,0.006668184,4783.7824511528015,0.0003,-1.8693961251527071,0.04814453125,-0.009711337587214075,0.2,0.5883529186248779,883.117431640625,1310
133,727.11,-1951.5050274299997,9,28008,272384,0.005163516,4835.604926109314,0.0003,-1.6891653042286634,0.0083984375,-0.006549385403923224,0.2,0.7606092542409897,790.4813842773438,1320
134,727.11,-1944.8774676999997,9,28217,274432,0.0071384357,144.5855869412422,0.0003,-1.6821429077535868,0.0560546875,-0.01550584527431056,0.2,0.855967566370964,43.275875091552734,1330
135,727.11,-1917.33726738,9,28426,276480,0.0069203265,187.9383274793625,0.0003,-1.6916934244334698,0.0431640625,-0.013392302618012764,0.2,0.9568540267646313,113.99773406982422,1340
136,738.25,-1911.0862194299998,9,28637,278528,0.006902219,189.25888453722,0.0003,-1.7481412649154664,0.047509765625,-0.01500910145987291,0.2,0.914677120745182,126.98321533203125,1350
137,729.51,-1904.6641253300002,9,28848,280576,0.004437672,3393.483084154129,0.0003,-1.7956886108964683,0.030029296875,-0.006974491183063947,0.2,0.176780104637146,534.4544677734375,1360
138,734.86,-1953.7109414300003,9,29057,282624,0.004122779,1182.4168385982514,0.0003,-1.7800612721592188,0.014697265625,-0.007960023927444127,0.2,0.5333046317100525,852.1835327148438,1370
139,738.21,-1944.96196983,9,29266,284672,0.009005874,171.12032665014266,0.0003,-1.701635592803359,0.08603515625,-0.019421343356953003,0.2,0.7672941833734512,40.7558479309082,1380
140,740.03,-1936.9199561699998,9,29476,286720,0.0046208585,3722.2591844558715,0.0003,-1.7818449459969998,0.023291015625,-0.00791880391916493,0.2,0.6995221078395844,140.96493530273438,1390
141,746.98,-1962.95657014,9,29685,288768,0.0020556496,3334.019514369965,0.0003,-1.7117631066590548,0.00341796875,-0.0030090450862189757,0.2,0.7758776396512985,163.2180938720703,1400
142,754.41,-1965.03430742,9,29894,290816,0.005069823,724.0932250022888,0.0003,-1.626890604197979,0.03349609375,-0.009753527834254783,0.2,0.8825191184878349,216.19839477539062,1410
143,758.08,-2010.32512334,9,30104,292864,0.007533638,264.52208976745607,0.0003,-1.7062452215701343,0.0830078125,-0.016718490672064944,0.2,0.951723862439394,47.65983963012695,1420
144,749.52,-2031.4806001700001,9,30314,294912,0.003736278,3216.581455230713,0.0003,-1.747343397513032,0.023193359375,-0.005701609647076111,0.2,0.699177622795105,245.48838806152344,1430
145,755.51,-2051.9394971799998,9,30523,296960,0.0056147594,932.9291192293167,0.0003,-1.7137600302696228,0.035888671875,-0.008740983474126551,0.2,0.820324495434761,74.52117919921875,1440
146,757.3,-2028.5892593199999,9,30732,299008,0.004832584,1115.7931936264038,0.0003,-1.720918106287718,0.019189453125,-0.010207790462300182,0.2,0.3494032025337219,344.9543762207031,1450
147,760.88,-2077.45749775,9,30941,301056,0.008000709,302.5917744874954,0.0003,-1.7138295989483594,0.054443359375,-0.013830579453497194,0.2,0.8721916377544403,73.22118377685547,1460
148,747.03,-2044.57039067,9,31153,303104,0.012753811,171.685049533844,0.0003,-1.7754953127354383,0.110107421875,-0.020042887292220257,0.2,0.9730695188045502,19.612735748291016,1470
149,747.03,-2043.3109535599997,9,31362,305152,0.0039242553,5433.756812381745,0.0003,-1.5247786514461041,0.02109375,-0.007264227353152819,0.2,0.7111457586288452,725.0327758789062,1480
150,747.03,-2033.9589568,9,31571,307200,0.006367561,338.48218474388125,0.0003,-1.637905703485012,0.06396484375,-0.01598388399288524,0.2,0.9133861139416695,80.61841583251953,1490
151,736.42,-1987.4111007,9,31781,309248,0.008249023,162.28167967796327,0.0003,-1.6438831888139247,0.068017578125,-0.016744128050049767,0.2,0.9343040660023689,35.477848052978516,1500
152,751.29,-2015.49136711,9,31991,311296,0.001518162,3261.354868936539,0.0003,-1.525377992540598,0.00244140625,-0.003989960842591245,0.2,0.7480206787586212,80.33753967285156,1510
153,751.74,-1987.2655361899995,9,32202,313344,0.0061417143,931.545910692215,0.0003,-1.6415458884090186,0.03466796875,-0.008460842925705947,0.2,0.4421394467353821,195.77392578125,1520
154,751.1,-1996.9718203500001,9,32413,315392,0.0057354304,1123.312452173233,0.0003,-1.6134039733558894,0.042919921875,-0.011798183791688644,0.2,0.7303037643432617,324.0252380371094,1530
155,750.58,-2003.58064841,9,32622,317440,0.0068383706,307.019513297081,0.0003,-1.584775633364916,0.06416015625,-0.013757188862655312,0.2,0.948830422013998,92.56282043457031,1540
156,767.85,-2064.79550026,9,32831,319488,0.0071272375,350.1133728146553,0.0003,-1.5766804698854684,0.077685546875,-0.01357930658850819,0.2,0.9192448928952217,38.397281646728516,1550
157,777.73,-2055.4734985000005,9,33041,321536,0.0075642606,270.86407961845396,0.0003,-1.631441603600979,0.05087890625,-0.012837679586664309,0.2,0.9528189040720463,99.4863052368164,1560
158,778.97,-2073.1558686500007,9,33250,323584,0.0032723446,2637.5671124219893,0.0003,-1.5803654953837394,0.007373046875,-0.004730612739513163,0.2,0.7793850302696228,55.80354309082031,1570
159,778.97,-2083.81335631,9,33459,325632,0.0073953206,151.1970111489296,0.0003,-1.6305792164057493,0.06708984375,-0.016236326537909917,0.2,0.9484363757073879,36.596214294433594,1580
160,785.69,-2084.5171917400007,9,33668,327680,0.008039347,124.56577739715576,0.0003,-1.6122285522520543,0.07138671875,-0.013659268990159035,0.2,0.8118924498558044,31.322954177856445,1590
161,793.69,-2117.02522137,9,33877,329728,0.01019465,164.36353821754454,0.0003,-1.6556700430810452,0.08134765625,-0.01796988235146273,0.2,0.8563619703054428,64.61756896972656,1600
162,797.33,-2097.13347113,9,34086,331776,0.01041915,50.70627296566963,0.0003,-1.5088556215167046,0.117236328125,-0.02061781716911355,0.2,0.9361080229282379,33.41756820678711,1610
163,785.09,-2044.3899086900003,9,34297,333824,0.003676854,3127.9686918020248,0.0003,-1.4880413964390755,0.0244140625,-0.004175017823581584,0.2,0.459140419960022,215.47518920898438,1620
164,785.09,-2041.1949903100003,9,34506,335872,0.004217664,577.6674564361572,0.0003,-1.4722951896488667,0.0173828125,-0.00847056717320811,0.2,0.8818896636366844,148.28359985351562,1630
165,783.57,-2069.50634458,9,34716,337920,0.010005394,169.85834292173385,0.0003,-1.8031758718192576,0.096435546875,-0.01863172453304287,0.2,0.8778541088104248,40.124603271484375,1640
166,775.0,-2020.6714722799998,9,34926,339968,0.0070531787,167.3097483754158,0.0003,-1.6269024964421988,0.0609375,-0.015598071069689468,0.2,0.9352310597896576,51.74449157714844,1650
167,777.46,-2002.8619345000002,9,35136,342016,0.0051258337,701.2302942514419,0.0003,-1.5910679139196873,0.043359375,-0.008247628889512271,0.2,0.46479564905166626,837.9340209960938,1660
168,788.88,-2027.4942948800003,9,35346,344064,0.006191819,3256.110023331642,0.0003,-1.5905993930995463,0.055322265625,-0.009625962519203312,0.2,0.797758474946022,618.4226684570312,1670
169,795.16,-2046.0802319600002,9,35555,346112,0.007432879,306.9171568393707,0.0003,-1.641594722867012,0.056396484375,-0.011883167631458491,0.2,0.8782233893871307,37.40233612060547,1680
170,802.67,-2041.3625763400005,9,35764,348160,0.0054410608,491.0669051527977,0.0003,-1.6273300044238568,0.043798828125,-0.013487178459763527,0.2,0.7250579595565796,102.1451187133789,1690
171,797.95,-2057.78644694,9,35975,350208,0.009025354,103.59057952165604,0.0003,-1.733596619963646,0.093017578125,-0.0218866424751468,0.2,0.9723709970712662,28.20526885986328,1700
172,800.26,-2098.90621389,9,36185,352256,0.0031483225,2594.1847084522246,0.0003,-1.5823697324842214,0.01455078125,-0.004852581911836751,0.2,0.6854455471038818,88.48839569091797,1710
173,800.26,-2098.92933328,9,36394,354304,0.005790119,657.4268222093582,0.0003,-1.5665365919470786,0.034326171875,-0.011557488101243508,0.2,0.8487218916416168,91.86627197265625,1720
174,800.26,-2095.9977728900003,9,36603,356352,0.007916635,173.14397579431534,0.0003,-1.7175118580460549,0.07724609375,-0.019087454373948275,0.2,0.9100249633193016,17.803789138793945,1730
175,788.53,-2098.97688955,9,36815,358400,0.008344373,162.80858254432678,0.0003,-1.745547067373991,0.094384765625,-0.015460479882312939,0.2,0.7572391033172607,40.49790573120117,1740
176,799.86,-2101.07190515,9,37025,360448,0.008362139,535.9728021621704,0.0003,-1.662935994565487,0.051171875,-0.010439173690974713,0.2,0.8793057128787041,102.33177185058594,1750
177,794.84,-2088.8072062799997,9,37234,362496,0.003137263,3818.1766279697417,0.0003,-1.7253766294568778,0.00400390625,-0.006002102376078256,0.2,0.5274057984352112,921.6654052734375,1760
178,790.44,-2106.6716297699995,9,37444,364544,0.0047382675,742.1052186965942,0.0003,-1.8381849251687528,0.019921875,-0.010885968423099256,0.2,0.728350430727005,111.9646987915039,1770
179,794.92,-2137.8425346,9,37653,366592,0.0064034066,833.7499156951905,0.0003,-1.6298104126006365,0.034912109375,-0.007669742904545274,0.2,0.6870021820068359,75.29170989990234,1780
180,794.92,-2123.6932960799995,9,37862,368640,0.0077915573,296.8544543862343,0.0003,-1.6815979618579149,0.06630859375,-0.014720060396939516,0.2,0.8674189150333405,99.67030334472656,1790
181,786.96,-2097.60465338,9,38072,370688,0.008822664,174.09110403060913,0.0003,-1.7702892433851958,0.089892578125,-0.016492242668755354,0.2,0.9221248850226402,44.13925552368164,1800
182,784.41,-2078.47522244,9,38282,372736,0.0031980453,2081.5616193056107,0.0003,-1.746578721702099,0.04541015625,-0.006277888300246559,0.2,0.6594050824642181,2657.930908203125,1810
183,780.82,-2070.87387921,9,38492,374784,0.0061478764,392.74832446575164,0.0003,-1.7047526977956295,0.049462890625,-0.010602096986258403,0.2,0.6404402852058411,31.560213088989258,1820
184,780.82,-2086.4481857600003,9,38701,376832,0.0063374946,715.1984949588775,0.0003,-1.7374953638762236,0.04609375,-0.011418590185348876,0.2,0.8722370266914368,577.4268188476562,1830
185,778.86,-2073.13077136,9,38912,378880,0.0060501844,316.4066689491272,0.0003,-1.7399005021899938,0.027978515625,-0.01214133166067768,0.2,0.7363025546073914,241.1914825439453,1840
186,786.05,-2079.28784471,9,39120,380928,0.008124294,590.1962107419968,0.0003,-1.893597860261798,0.051513671875,-0.012786056371987797,0.2,0.838184654712677,142.38125610351562,1850
187,796.85,-2157.77895298,9,39330,382976,0.009770032,116.67300601005554,0.0003,-1.787691219523549,0.097021484375,-0.017689733803854323,0.2,0.9438729025423527,25.271625518798828,1860
188,796.85,-2164.46312513,9,39538,385024,0.007275219,391.0426903486252,0.0003,-1.7824153557419777,0.085791015625,-0.013127314960001968,0.2,0.7622220516204834,123.54296875,1870
189,794.74,-2209.77393772,9,39749,387072,0.009079731,106.2773963689804,0.0003,-1.808150927349925,0.08544921875,-0.018572477846464607,0.2,0.943824477493763,73.50170135498047,1880
190,800.17,-2256.1450916399995,9,39958,389120,0.006726861,289.7545635938644,0.0003,-1.7454078324139117,0.04912109375,-0.012816709579783491,0.2,0.9531539417803288,50.55227279663086,1890
191,804.59,-2269.5547558999997,9,40168,391168,0.006483364,384.95804835557936,0.0003,-1.7929925959557296,0.0501953125,-0.012101066077593713,0.2,0.8100315928459167,240.8794708251953,1900
192,808.21,-2261.8400752599996,9,40377,393216,0.0058256392,415.62022449970243,0.0003,-1.8504428043961525,0.0375,-0.013467447392758913,0.2,0.7976593524217606,44.835689544677734,1910
193,812.7,-2302.68101897,9,40587,395264,0.0103695225,119.04958699941635,0.0003,-1.7388427507132291,0.102587890625,-0.020541058690287172,0.2,0.530107170343399,24.3396053314209,1920
194,807.47,-2258.57677242,9,40798,397312,0.006237696,446.2235400080681,0.0003,-1.777137952297926,0.048876953125,-0.013964094159018715,0.2,0.7787757366895676,58.19184875488281,1930
195,798.95,-2205.1223393699997,9,41008,399360,0.004641836,4622.731881022453,0.0003,-1.645572866126895,0.015185546875,-0.00624898606329225,0.2,0.21846187114715576,144.65745544433594,1940
196,806.3,-2258.16724477,9,41217,401408,0.0053866436,630.1310764312744,0.0003,-1.8159865133464337,0.02216796875,-0.009196932190388907,0.2,0.8096631169319153,121.49730682373047,1950
197,804.71,-2226.92177981,9,41426,403456,0.008022044,239.77792685031892,0.0003,-1.6320642903447151,0.087451171875,-0.016338371331221423,0.2,0.8028277307748795,135.40196228027344,1960
198,796.66,-2191.57052538,9,41636,405504,0.0085645,287.8466520130634,0.0003,-1.7867845434695482,0.077734375,-0.01694354693754576,0.2,0.8475325107574463,35.49919891357422,1970
199,793.61,-2202.66342928,9,41845,407552,0.0033900342,2663.0754507541656,0.0003,-1.751191822439432,0.005029296875,-0.003892324853222817,0.2,0.4971856474876404,462.933837890625,1980
200,793.61,-2219.0357421100002,9,42054,409600,0.0073516006,283.6263780117035,0.0003,-1.7981324411928654,0.06865234375,-0.0174893593750312,0.2,0.8439638763666153,36.39771270751953,1990
201,798.54,-2253.6983000300006,9,42263,411648,0.0067262026,385.0710318565369,0.0003,-1.789560917019844,0.055126953125,-0.01212342157814419,0.2,0.8959423676133156,80.54435729980469,2000
202,811.38,-2251.61933842,9,42473,413696,0.0070665516,328.95076098442075,0.0003,-1.7490531496703625,0.049072265625,-0.014743950247066095,0.2,0.9552223831415176,91.26185607910156,2010
203,796.98,-2224.9620604600004,9,42683,415744,0.0047890577,3107.4438391923904,0.0003,-1.7219212286174297,0.032470703125,-0.00522471489966847,0.2,0.4703764319419861,119.16903686523438,2020
204,796.98,-2221.5837330900004,9,42892,417792,0.0061710007,603.9806055545807,0.0003,-1.7328846137970686,0.039013671875,-0.010095927660586312,0.2,0.9335519373416901,129.37339782714844,2030
205,809.78,-2265.0468631500007,9,43102,419840,0.00940209,107.96213949918747,0.0003,-1.8183538161218167,0.08671875,-0.01845486238016747,0.2,0.9298393800854683,29.242082595825195,2040
206,804.89,-2237.60034245,9,43313,421888,0.0075788237,917.7896475791931,0.0003,-1.8066952988505363,0.046435546875,-0.010699337725236546,0.2,0.9027682095766068,1159.5252685546875,2050
207,800.07,-2232.8860730100005,9,43523,423936,0.003653605,3151.2836206912993,0.0003,-1.7621467720717192,0.008349609375,-0.004520173209311906,0.2,0.7125233709812164,437.4097900390625,2060
208,794.09,-2211.8921461,9,43732,425984,0.006571497,468.32240121364595,0.0003,-1.885901553183794,0.052099609375,-0.011149320752883796,0.2,0.7169800698757172,56.93143081665039,2070
209,798.47,-2234.22305971,9,43942,428032,0.0055240304,1552.8806289196013,0.0003,-1.8517944872379304,0.029248046875,-0.006462280850973912,0.2,0.6236607432365417,33.39865493774414,2080
210,806.14,-2247.95640973,9,44152,430080,0.008992394,252.9246239066124,0.0003,-1.8567486871033907,0.0873046875,-0.01660232941212598,0.2,0.9484045803546906,28.14475440979004,2090
211,809.79,-2248.7073359,9,44361,432128,0.0031218198,3243.010668182373,0.0003,-1.9960278652608394,0.011181640625,-0.0031656740844482555,0.2,0.6235085129737854,690.1837768554688,2100
212,809.79,-2236.19307971,9,44570,434176,0.005401982,426.73704676628114,0.0003,-1.799090439081192,0.022021484375,-0.009969808463938534,0.2,0.8176540434360504,181.87001037597656,2110
213,800.94,-2219.56373446,9,44780,436224,0.0063952385,485.3151675462723,0.0003,-1.9398959543555976,0.042236328125,-0.012996416847454385,0.2,0.9304958134889603,103.94052124023438,2120
214,809.95,-2244.8843184,9,44989,438272,0.00702234,434.04909574985504,0.0003,-1.8483157947659492,0.054296875,-0.014105270680738613,0.2,0.862989753484726,121.8143081665039,2130
215,818.52,-2270.4014389000004,9,45198,440320,0.011021617,166.34997919797897,0.0003,-1.8536463990807532,0.081640625,-0.019953299046028404,0.2,0.9455167837440968,63.84113693237305,2140
216,815.0,-2276.1819695100003,9,45409,442368,0.008906582,231.81328538656234,0.0003,-1.8378835793584585,0.08828125,-0.017044973629526793,0.2,0.9623046368360519,21.426700592041016,2150
217,817.85,-2290.9766188300005,9,45618,444416,0.0029248286,3117.6578835010528,0.0003,-1.9157909147441388,0.0060546875,-0.005809278057131451,0.2,0.7191925346851349,420.73089599609375,2160
218,818.69,-2283.3080585000002,9,45827,446464,0.008351404,213.59312589168547,0.0003,-1.8233531843870878,0.0666015625,-0.01777975530421827,0.2,0.8476853668689728,67.937255859375,2170
219,827.76,-2297.3910473,9,46037,448512,0.01038457,188.8590368628502,0.0003,-1.8153773680329324,0.08369140625,-0.016845317913976032,0.2,0.9195015653967857,43.14886474609375,2180
220,813.4,-2238.28607906,9,46247,450560,0.007246543,161.69697813987733,0.0003,-1.754058089852333,0.07109375,-0.017813950378331354,0.2,0.7988569289445877,63.456298828125,2190
221,805.67,-2209.41581348,9,46458,452608,0.0061722966,4545.6819728374485,0.0003,-1.8709447640925645,0.063134765625,-0.00931900342402514,0.2,0.4791133403778076,385.7552490234375,2200
222,814.67,-2224.22144769,9,46667,454656,0.0042559537,2638.800834321976,0.0003,-1.8364081118255853,0.007275390625,-0.005966444390651304,0.2,0.6246732473373413,1893.8189697265625,2210
223,817.93,-2237.1200763800002,9,46878,456704,0.0070425766,690.9673352241516,0.0003,-1.9896137829869986,0.04697265625,-0.009104313311399891,0.2,0.7249852120876312,457.0844421386719,2220
224,817.93,-2264.2536658699996,9,47087,458752,0.009549493,251.32076734304428,0.0003,-1.7574473600834608,0.094091796875,-0.01755652012070641,0.2,0.8477700799703598,37.6515998840332,2230
225,819.89,-2270.67456775,9,47296,460800,0.009311652,237.89994953870774,0.0003,-1.7321576535701753,0.077099609375,-0.0167610177770257,0.2,0.8624807894229889,97.39468383789062,2240
226,811.33,-2229.88518191,9,47506,462848,0.0069946614,189.74620732069016,0.0003,-1.8733311958611012,0.064111328125,-0.012699105977662838,0.2,0.9170299917459488,36.398399353027344,2250
227,810.39,-2216.4751521400003,9,47715,464896,0.007013489,169.09009981155396,0.0003,-1.861301965638995,0.050341796875,-0.018520720687229188,0.2,0.9620812200009823,32.16029357910156,2260
228,810.39,-2204.66785569,9,47924,466944,0.0065444196,1897.1316295742988,0.0003,-1.8398357458412646,0.050390625,-0.00859506056876853,0.2,0.5698994100093842,59.36799621582031,2270
229,812.5,-2175.5889381199995,9,48133,468992,0.003567921,1114.099103164673,0.0003,-1.772707248479128,0.018115234375,-0.005976765381637961,0.2,0.7999924868345261,190.23043823242188,2280
230,813.08,-2147.16326798,9,48343,471040,0.008873738,106.82491409778595,0.0003,-1.875084152445197,0.06689453125,-0.017316761787515133,0.2,0.9700641483068466,22.883699417114258,2290
231,814.7,-2160.068517540001,9,48552,473088,0.006163505,3590.2969645500184,0.0003,-1.7172865744680166,0.045166015625,-0.00861639811482746,0.2,0.6994519233703613,8662.708984375,2300
232,813.55,-2178.6954360500004,9,48761,475136,0.0068662334,483.25434716939924,0.0003,-1.8128324571996928,0.0578125,-0.013502237881766632,0.2,0.8108443766832352,76.44861602783203,2310
233,818.9,-2157.01918997,9,48971,477184,0.009328179,329.6559775114059,0.0003,-1.9385055847465993,0.0755859375,-0.018558777330326848,0.2,0.8330802768468857,280.60418701171875,2320
234,832.9,-2187.15919696,9,49180,479232,0.007514222,229.7807010293007,0.0003,-1.9485105857253076,0.058349609375,-0.014793660241411998,0.2,0.9143476858735085,132.9327392578125,2330
235,783.11,-2083.2270834,9,49396,481280,0.010383166,104.87574810981751,0.0003,-1.7318692341446877,0.10361328125,-0.019456065318081528,0.2,0.9393898509442806,30.80733299255371,2340
236,783.11,-2076.1149278899993,9,49605,483328,0.0050800703,1777.0936235427857,0.0003,-1.651835586503148,0.0255859375,-0.005752708986983634,0.2,0.6947124302387238,442.1042175292969,2350
237,788.55,-2090.4269649,9,49814,485376,0.0072109224,223.33759291172026,0.0003,-1.7966395433992148,0.07578125,-0.017040976267890074,0.2,0.921146921813488,37.0981330871582,2360
238,791.6,-2098.47568776,9,50023,487424,0.0022230425,2680.9779391288757,0.0003,-1.7874582156538963,0.016015625,-0.004397229875030462,0.2,0.6742849051952362,82.39414978027344,2370
239,785.99,-2079.82154076,9,50233,489472,0.0091273375,178.68253677487374,0.0003,-1.824413975328207,0.09951171875,-0.019870113625074737,0.2,0.8308168202638626,216.7891082763672,2380
240,779.05,-2091.5885200599996,9,50444,491520,0.0031806834,1914.4170229673387,0.0003,-1.7883020121604205,0.01279296875,-0.005863461192348041,0.2,0.8431064933538437,142.25656127929688,2390
241,793.45,-2126.4672384299997,9,50653,493568,0.0033305786,1766.3158107757567,0.0003,-1.7380527533590793,0.00966796875,-0.006063886222545989,0.2,0.6774073839187622,508.6004638671875,2400
242,769.64,-2070.9291380399995,9,50864,495616,0.0071243187,350.241629755497,0.0003,-1.8453670270740985,0.056640625,-0.014109181199455634,0.2,0.937588769942522,92.09835815429688,2410
243,773.07,-2078.92412688,9,51073,497664,0.0035463513,972.5846433639526,0.0003,-1.7838682413101197,0.01064453125,-0.010344691941281781,0.2,0.6471742689609528,281.7858581542969,2420
244,779.57,-2123.8194292000003,9,51282,499712,0.010682324,201.23667184114456,0.0003,-1.722608718276024,0.11904296875,-0.02140942789555993,0.2,0.9644301943480968,120.82429504394531,2430
245,768.32,-2063.64216675,9,51495,501760,0.009269871,97.50810469985008,0.0003,-1.8219705112278461,0.0728515625,-0.016285289624647703,0.2,0.9718303363770247,30.92469596862793,2440
