train/critic_loss,time/total_timesteps,time/fps,time/time_elapsed,rollout/ep_rew_mean,train/actor_loss,train/ent_coef,train/learning_rate,time/episodes,rollout/ep_len_mean,train/ent_coef_loss,train/n_updates
33.36487579345703,1651,9,170,-1584.73387875,15.671477317810059,0.6362332105636597,0.0003,4,412.75,-1.3578145503997803,1550
26.92498779296875,2951,9,305,-1392.015382875,30.46422576904297,0.43974965810775757,0.0003,8,368.875,-2.3325579166412354,2850
60.94184494018555,6080,9,624,-1415.6539715833333,50.491851806640625,0.1946319043636322,0.0003,12,506.6666666666667,-1.9355871677398682,5979
30.9494571685791,10084,9,1029,-1638.6060284999999,78.48394012451172,0.07917533814907074,0.0003,16,630.25,-1.3054951429367065,9983
25.275188446044922,13377,9,1364,-1480.01978045,100.69424438476562,0.06708794087171555,0.0003,20,668.85,1.083880066871643,13276
20.393741607666016,16274,9,1659,-1355.6388541666665,104.65235137939453,0.07622317224740982,0.0003,24,678.0833333333334,0.704891562461853,16173
108.2641372680664,20278,9,2065,-1362.4290039999998,114.05995178222656,0.07747878134250641,0.0003,28,724.2142857142857,-0.33070629835128784,20177
29.075504302978516,23634,9,2406,-1294.2072270625,122.2177734375,0.07224275916814804,0.0003,32,738.5625,-0.2880654036998749,23533
55.019527435302734,26839,9,2731,-1191.7027537222223,123.50677490234375,0.0745876282453537,0.0003,36,745.5277777777778,-0.36501380801200867,26738
4123.40673828125,29034,9,2956,-1052.8700844,126.577392578125,0.07157230377197266,0.0003,40,725.85,-0.6012436151504517,28933
46.19000244140625,29859,9,3044,-931.3933108181817,125.21824645996094,0.07315974682569504,0.0003,44,678.6136363636364,-0.39307907223701477,29758
53.91059112548828,32830,9,3346,-984.6955006041666,125.12713623046875,0.08216937631368637,0.0003,48,683.9583333333334,-0.7486340403556824,32729
66.29130554199219,34778,9,3546,-962.578995923077,125.27056884765625,0.08465766906738281,0.0003,52,668.8076923076923,-0.3906802535057068,34677
81.18648529052734,38003,9,3874,-950.7484487857143,117.42190551757812,0.0929064229130745,0.0003,56,678.625,0.47085416316986084,37902
115.4329605102539,42007,9,4280,-977.33190815,116.79121398925781,0.10539944469928741,0.0003,60,700.1166666666667,-0.39244818687438965,41906
72.54891967773438,44473,9,4531,-962.1598086406249,122.3603744506836,0.10492952167987823,0.0003,64,694.890625,0.04952465742826462,44372
64.51420593261719,47818,9,4871,-973.6789346617646,116.20573425292969,0.11841357499361038,0.0003,68,703.2058823529412,-0.6333664059638977,47717
115.19013977050781,51822,9,5277,-1011.8865038055555,126.17459869384766,0.13442204892635345,0.0003,72,719.75,-0.16032880544662476,51721
70.66780853271484,53086,9,5409,-941.9318433157894,123.38092041015625,0.14234307408332825,0.0003,76,698.5,-0.5990417003631592,52985
105.95536804199219,54585,9,5564,-857.1776517374999,117.15638732910156,0.1465863138437271,0.0003,80,682.3125,0.3357650935649872,54484
101.54385375976562,55573,9,5668,-795.3788067857141,108.97740936279297,0.15664756298065186,0.0003,84,661.5833333333334,0.5593041181564331,55472
131.395751953125,56274,9,5743,-724.1916285909091,106.29186248779297,0.1569293886423111,0.0003,88,639.4772727272727,-0.011483438313007355,56173
128.38388061523438,56906,9,5811,-655.7442725434782,94.13839721679688,0.16779012978076935,0.0003,92,618.5434782608696,-0.587138831615448,56805
79.66551208496094,57525,9,5878,-592.5244355,100.34596252441406,0.17556270956993103,0.0003,96,599.21875,-0.12084825336933136,57424
81.44518280029297,58228,9,5954,-534.40873104,85.08179473876953,0.1676776260137558,0.0003,100,582.28,-0.028266286477446556,58127
105.46707153320312,58777,9,6014,-435.89742699000004,89.68412780761719,0.1706600934267044,0.0003,104,571.26,0.3057379126548767,58676
124.9758529663086,59428,9,6084,-354.10570469999993,71.20762634277344,0.1737005114555359,0.0003,108,564.77,0.3840509057044983,59327
88.39468383789062,60003,9,6147,-261.62954964999994,73.43768310546875,0.17222698032855988,0.0003,112,539.23,-0.14017312228679657,59902
136.83103942871094,60556,9,6207,-134.90063905,78.19396209716797,0.1724788248538971,0.0003,116,504.72,-0.012252923101186752,60455
119.40843200683594,61502,9,6307,-71.26340561000004,69.72358703613281,0.18275560438632965,0.0003,120,481.25,0.07023602724075317,61401
142.09910583496094,61900,9,6352,-5.088888970000008,55.526947021484375,0.1824513077735901,0.0003,124,456.26,-0.3239688277244568,61799
144.75823974609375,62310,9,6398,87.00594338,53.187164306640625,0.17511992156505585,0.0003,128,420.32,-0.2720543146133423,62209
246.14117431640625,63284,9,6501,150.89597425999997,38.94685363769531,0.18735133111476898,0.0003,132,396.5,-0.0946899801492691,63183
104.94982147216797,63867,9,6564,201.13529481999996,45.455352783203125,0.18905410170555115,0.0003,136,370.28,0.2597516179084778,63766
1308.803466796875,64520,9,6635,227.31330698000002,25.559715270996094,0.1893349140882492,0.0003,140,354.86,-0.38257700204849243,64419
132.59603881835938,65178,9,6705,250.98493481000003,33.76950454711914,0.20101165771484375,0.0003,144,353.19,-0.05671899393200874,65077
310.45843505859375,65987,9,6791,343.13325144000004,35.28413391113281,0.20214951038360596,0.0003,148,331.57,0.02133466675877571,65886
1579.2337646484375,66724,9,6870,405.20697073,-1.6785778999328613,0.21035760641098022,0.0003,152,319.46,0.034757256507873535,66623
1562.837158203125,67503,9,6953,469.28033187,19.414051055908203,0.21269184350967407,0.0003,156,295.0,0.16506549715995789,67402
205.04861450195312,67985,9,7007,558.8058186,5.52882194519043,0.2150574028491974,0.0003,160,259.78,0.029040828347206116,67884
2354.929931640625,68746,9,7088,618.2120955,8.469311714172363,0.22574566304683685,0.0003,164,242.73,0.01422467827796936,68645
332.350341796875,69164,9,7135,699.51417494,-4.480015754699707,0.2283029556274414,0.0003,168,213.46,-0.3917945623397827,69063
228.48370361328125,69533,9,7177,802.1080643600003,-4.853241920471191,0.22396795451641083,0.0003,172,177.11,0.17607304453849792,69432
2400.845703125,69922,9,7222,824.8960720599998,-18.304794311523438,0.22748586535453796,0.0003,176,168.36,-0.2511119246482849,69821
874.366943359375,70281,9,7263,830.9991127099998,-12.349530220031738,0.23756274580955505,0.0003,180,156.96,0.20970959961414337,70180
213.32211303710938,70718,9,7311,848.14730227,-34.26594161987305,0.2394961565732956,0.0003,184,151.45,-0.5857962369918823,70617
196.9752197265625,71184,9,7363,851.4942333900002,-1.6611342430114746,0.23799937963485718,0.0003,188,149.1,0.10848142206668854,71083
197.4584503173828,71629,9,7413,852.35726121,-38.96504211425781,0.24892380833625793,0.0003,192,147.23,0.4597475230693817,71528
185.37469482421875,72114,9,7467,853.02408109,-16.154863357543945,0.27068740129470825,0.0003,196,145.89,0.2066589593887329,72013
1164.1470947265625,72425,9,7503,855.50512936,-41.9074821472168,0.2811250686645508,0.0003,200,141.97,0.3708764314651489,72324
1599.3154296875,72802,9,7546,856.62719069,-60.22047424316406,0.29333510994911194,0.0003,204,140.25,0.23637422919273376,72701
2106.977294921875,73255,9,7596,857.0757290800002,-54.050880432128906,0.29936522245407104,0.0003,208,138.27,-0.10900899022817612,73154
222.67250061035156,73535,9,7630,860.8141290200001,-48.6500244140625,0.3071385324001312,0.0003,212,135.32,-0.04256650060415268,73434
253.72451782226562,73893,9,7671,847.91721245,-56.746826171875,0.3070310056209564,0.0003,216,133.37,0.18305200338363647,73792
839.9067993164062,74332,9,7720,853.0456502300002,-57.80040740966797,0.309314489364624,0.0003,220,128.3,-0.23594284057617188,74231
931.2181396484375,74684,9,7760,852.8904084500002,-65.45604705810547,0.3119049370288849,0.0003,224,127.84,-0.001812037080526352,74583
264.34344482421875,75069,9,7804,852.88921276,-75.59138488769531,0.3235056400299072,0.0003,228,127.59,-0.04086662083864212,74968
2182.96142578125,75387,9,7841,858.79361679,-104.83088684082031,0.31970715522766113,0.0003,232,121.03,-0.14517076313495636,75286
772.3104248046875,76026,9,7910,859.2535085099998,-117.94381713867188,0.3161287307739258,0.0003,236,121.59,-0.034524787217378616,75925
1165.538818359375,76386,9,7951,861.68878032,-100.3045425415039,0.31449246406555176,0.0003,240,118.66,-0.16907528042793274,76285
963.1612548828125,76730,9,7990,862.71725985,-134.44384765625,0.31099772453308105,0.0003,244,115.52,0.2859926223754883,76629
1518.1998291015625,77122,9,8035,869.0308005999999,-99.11534118652344,0.3078495264053345,0.0003,248,111.35,0.17083875834941864,77021
926.4449462890625,77551,9,8083,854.7495273799999,-106.346435546875,0.30832716822624207,0.0003,252,108.27,-0.280622273683548,77450
229.26092529296875,77984,9,8131,857.46017038,-104.8777847290039,0.30782073736190796,0.0003,256,104.81,-0.152223601937294,77883
688.0804443359375,78377,9,8176,856.8246419900001,-124.59780883789062,0.3076672852039337,0.0003,260,103.92,-0.0009108111262321472,78276
343.4443054199219,78788,9,8222,862.2554439999999,-134.46176147460938,0.30540844798088074,0.0003,264,100.42,-0.2623916566371918,78687
216.874267578125,79205,9,8269,862.2566183100002,-98.68659973144531,0.3045382797718048,0.0003,268,100.41,-0.14237534999847412,79104
520.0028076171875,79513,9,8305,863.1194492100002,-143.37362670898438,0.30050528049468994,0.0003,272,99.8,0.15712884068489075,79412
1031.715576171875,79970,9,8356,861.1925510699999,-152.97044372558594,0.304112046957016,0.0003,276,100.48,0.16023097932338715,79869
368.2919006347656,80343,9,8398,860.07595082,-123.8243179321289,0.3107549548149109,0.0003,280,100.62,0.07071445137262344,80242
639.4923706054688,80644,9,8433,862.5785775600001,-108.09739685058594,0.312481552362442,0.0003,284,99.26,0.13720381259918213,80543
429.511474609375,81099,9,8484,862.31992923,-129.84967041015625,0.3134840130805969,0.0003,288,99.15,0.03748049587011337,80998
378.5762939453125,81452,9,8524,863.43629143,-163.32012939453125,0.31824198365211487,0.0003,292,98.23,-0.0033628419041633606,81351
279.90301513671875,81799,9,8564,864.6706739000001,-150.9814910888672,0.31091776490211487,0.0003,296,96.85,-0.10526467859745026,81698
484.99212646484375,82114,9,8601,864.7539691499999,-150.49014282226562,0.3117513656616211,0.0003,300,96.89,-0.1781155914068222,82013
343.12567138671875,82463,9,8641,864.6730803500001,-169.7572479248047,0.3142277002334595,0.0003,304,96.61,0.16836290061473846,82362
328.658935546875,82832,9,8683,866.0513271300001,-138.53176879882812,0.31376367807388306,0.0003,308,95.77,-0.20307908952236176,82731
303.8763427734375,83190,9,8724,864.4228364300001,-158.43560791015625,0.31715306639671326,0.0003,312,96.55,0.2711169123649597,83089
454.02764892578125,83588,9,8769,877.72233299,-180.8134765625,0.32118165493011475,0.0003,316,96.95,0.1540701687335968,83487
280.977294921875,83882,9,8803,879.7099089899999,-160.49098205566406,0.3267754316329956,0.0003,320,95.5,-0.19102174043655396,83781
262.5484313964844,84284,9,8849,878.26479067,-168.90695190429688,0.3246055543422699,0.0003,324,96.0,-0.0554991289973259,84183
266.43994140625,84628,9,8888,878.3326446400001,-176.3018035888672,0.33388039469718933,0.0003,328,95.59,0.22263950109481812,84527
352.5442810058594,84945,9,8925,878.18731629,-213.01861572265625,0.3351553678512573,0.0003,332,95.58,0.014850694686174393,84844
279.40228271484375,85297,9,8966,878.3906031299999,-166.51409912109375,0.3378862738609314,0.0003,336,92.71,0.04747627303004265,85196
317.14874267578125,85577,9,8999,879.5049198199998,-192.91043090820312,0.3363233506679535,0.0003,340,91.91,0.18445147573947906,85476
274.37725830078125,85893,9,9035,880.0603854500001,-182.1956329345703,0.33918675780296326,0.0003,344,91.63,-0.14638382196426392,85792
245.25611877441406,86238,9,9075,880.5852304400001,-157.94287109375,0.3400905728340149,0.0003,348,91.16,0.0006408225744962692,86137
478.74609375,86606,9,9117,896.53114471,-188.5155029296875,0.3382066786289215,0.0003,352,90.55,-0.3662634491920471,86505
387.11993408203125,86977,9,9159,897.3171910599999,-188.33099365234375,0.33878064155578613,0.0003,356,89.93,0.06085686758160591,86876
337.372314453125,87301,9,9197,899.40355975,-191.99549865722656,0.3394615650177002,0.0003,360,89.24,0.031225359067320824,87200
439.97821044921875,87606,9,9233,901.1274837100002,-205.7814178466797,0.3451824188232422,0.0003,364,88.18,-0.1967490017414093,87505
830.6337280273438,87995,9,9277,901.78992826,-209.88882446289062,0.3424813449382782,0.0003,368,87.9,0.10102035105228424,87894
310.92578125,88387,9,9321,900.1229461199999,-210.08106994628906,0.3479570746421814,0.0003,372,88.74,-0.160963237285614,88286
553.22412109375,88789,9,9367,902.09431458,-195.56747436523438,0.34470033645629883,0.0003,376,88.19,0.2455005943775177,88688
394.38885498046875,89076,9,9400,904.3685846899998,-220.5435791015625,0.34720271825790405,0.0003,380,87.33,-0.0840207040309906,88975
349.8783264160156,89419,9,9440,902.9272960399999,-200.48553466796875,0.3485312759876251,0.0003,384,87.75,-0.0047635603696107864,89318
476.69146728515625,89679,9,9471,906.5333563099998,-249.83453369140625,0.3511141538619995,0.0003,388,85.8,0.16773873567581177,89578
510.579345703125,90019,9,9510,907.1166833999999,-237.86175537109375,0.3469725251197815,0.0003,392,85.67,0.24902144074440002,89918
359.5956726074219,90362,9,9550,906.5466536600001,-241.262939453125,0.34421050548553467,0.0003,396,85.63,0.30835607647895813,90261
335.70379638671875,90709,9,9590,905.82508226,-226.45579528808594,0.34632807970046997,0.0003,400,85.95,-0.021622449159622192,90608
767.6822509765625,91019,9,9626,906.5317255699999,-263.1068420410156,0.35018593072891235,0.0003,404,85.56,0.2334481179714203,90918
208.82431030273438,91341,9,9663,907.6889025300001,-238.12356567382812,0.3489595949649811,0.0003,408,85.09,-0.07719828188419342,91240
292.02923583984375,91678,9,9702,908.2419822499999,-211.25930786132812,0.3441617488861084,0.0003,412,84.88,-0.19935134053230286,91577
1066.7960205078125,92069,9,9746,909.28085049,-241.68527221679688,0.34556177258491516,0.0003,416,84.81,0.15600067377090454,91968
345.0200500488281,92343,9,9779,910.04941452,-263.1768798828125,0.3504401445388794,0.0003,420,84.61,-0.09176638722419739,92242
215.10137939453125,92706,9,9820,910.29943852,-262.79229736328125,0.35082387924194336,0.0003,424,84.22,-0.0005864351987838745,92605
920.755859375,93158,9,9871,909.5138500300001,-239.72499084472656,0.35148340463638306,0.0003,428,85.3,-0.12328965216875076,93057
500.2218017578125,93452,9,9905,910.30645303,-231.63917541503906,0.35572561621665955,0.0003,432,85.07,0.19575044512748718,93351
603.3829345703125,93815,9,9947,910.7389816199998,-287.37103271484375,0.35903796553611755,0.0003,436,85.18,-0.019078388810157776,93714
299.6920166015625,94204,9,9991,908.5871322799999,-291.26593017578125,0.3520624339580536,0.0003,440,86.27,-0.15249548852443695,94103
298.41845703125,94550,9,10031,908.26342651,-267.7540588378906,0.34604501724243164,0.0003,444,86.57,0.05287273973226547,94449
247.35885620117188,94849,9,10066,909.08132091,-283.23370361328125,0.3498251438140869,0.0003,448,86.11,0.15732039511203766,94748
264.69378662109375,95214,9,10107,909.0947861899999,-275.16571044921875,0.3574697971343994,0.0003,452,86.08,-0.04677627235651016,95113
379.77581787109375,95539,9,10145,910.06817484,-266.23333740234375,0.3596656024456024,0.0003,456,85.62,-0.1642839014530182,95438
200.55044555664062,95882,9,10184,909.14903335,-255.7610626220703,0.35759779810905457,0.0003,460,85.81,0.10656891763210297,95781
269.574951171875,96232,9,10225,908.26040219,-320.09613037109375,0.36337810754776,0.0003,464,86.26,0.025158222764730453,96131
224.52114868164062,96508,9,10258,909.8461067600001,-267.8892517089844,0.3676943778991699,0.0003,468,85.13,0.21087601780891418,96407
381.5365295410156,96791,9,10291,912.1316988899999,-278.0576171875,0.3682425916194916,0.0003,472,84.04,0.035694669932127,96690
266.26153564453125,97110,9,10328,913.5192911899999,-306.70782470703125,0.3646031320095062,0.0003,476,83.21,-0.06627841293811798,97009
263.2471923828125,97439,9,10366,913.0344082700001,-332.96173095703125,0.3669617772102356,0.0003,480,83.63,0.1528618484735489,97338
158.24624633789062,97760,9,10404,914.21858636,-315.53607177734375,0.36900198459625244,0.0003,484,83.41,0.3725636601448059,97659
269.12078857421875,98162,9,10449,912.2332040800002,-305.50897216796875,0.37109994888305664,0.0003,488,84.83,0.04056988283991814,98061
581.15234375,98482,9,10486,912.3480838899999,-324.3513488769531,0.3752169907093048,0.0003,492,84.63,-0.23123052716255188,98381
347.86590576171875,98882,9,10531,911.6716913799999,-304.6759338378906,0.3672526478767395,0.0003,496,85.2,0.024650195613503456,98781
353.84393310546875,99246,9,10573,911.50458325,-286.1058349609375,0.3690163493156433,0.0003,500,85.37,-0.22100558876991272,99145
423.811279296875,99555,9,10609,911.8886327599998,-301.7158508300781,0.37021350860595703,0.0003,504,85.36,0.4008764624595642,99454
364.9972229003906,99982,9,10657,910.8200298799998,-337.283935546875,0.3667788803577423,0.0003,508,86.41,0.020516473799943924,99881
2581.3115234375,100325,9,10697,910.5274049699999,-274.10015869140625,0.36448872089385986,0.0003,512,86.47,-0.050930943340063095,100224
493.70733642578125,100628,9,10732,911.7701263,-298.27130126953125,0.36702343821525574,0.0003,516,85.59,-0.04961831867694855,100527
1442.046142578125,100891,9,10764,911.74119541,-311.38104248046875,0.36622506380081177,0.0003,520,85.48,-0.18689315021038055,100790
322.2076721191406,101255,9,10805,912.18988948,-357.42572021484375,0.36465996503829956,0.0003,524,85.49,0.25420159101486206,101154
231.41213989257812,101676,9,10853,911.98737505,-313.4509582519531,0.3707566559314728,0.0003,528,85.18,0.12263529002666473,101575
397.4356689453125,102027,9,10893,910.2803849699999,-345.29840087890625,0.36450329422950745,0.0003,532,85.75,0.02315245196223259,101926
780.8822021484375,102316,9,10927,911.0116063700001,-323.66668701171875,0.36574894189834595,0.0003,536,85.01,0.0990263819694519,102215
262.042236328125,102680,9,10969,911.29361382,-334.28948974609375,0.37543168663978577,0.0003,540,84.76,-0.13499793410301208,102579
321.3240966796875,103062,9,11012,910.3235227800001,-321.017578125,0.3825497329235077,0.0003,544,85.12,0.28907954692840576,102961
363.72430419921875,103367,9,11048,910.26935502,-337.7631530761719,0.3825964331626892,0.0003,548,85.18,0.0815114974975586,103266
364.20111083984375,103700,9,11087,910.8772510999999,-352.32061767578125,0.37987011671066284,0.0003,552,84.86,0.10164754092693329,103599
289.0140686035156,103979,9,11120,911.9102928899998,-310.05828857421875,0.3706374168395996,0.0003,556,84.4,-0.10453152656555176,103878
301.650146484375,104232,9,11150,913.5539314599998,-366.97894287109375,0.3685988485813141,0.0003,560,83.5,-0.13648352026939392,104131
286.721923828125,104655,9,11198,911.96097955,-338.3259582519531,0.3733943700790405,0.0003,564,84.23,0.11397397518157959,104554
333.6329345703125,104910,9,11228,912.4464547899998,-316.1600341796875,0.37400251626968384,0.0003,568,84.02,-0.10614212602376938,104809
248.5235595703125,105328,9,11275,909.42538916,-329.3034973144531,0.36510711908340454,0.0003,572,85.37,0.15474626421928406,105227
283.3504638671875,105659,9,11314,908.8522949799999,-354.0859680175781,0.36694443225860596,0.0003,576,85.49,0.25977975130081177,105558
331.4849853515625,106029,9,11356,907.5768292599998,-365.3564453125,0.3676380515098572,0.0003,580,85.9,-0.133261039853096,105928
527.779541015625,106318,9,11390,908.21782106,-403.9292907714844,0.36488375067710876,0.0003,584,85.58,0.22711902856826782,106217
348.6012268066406,106643,9,11427,908.58994527,-353.5788269042969,0.36286211013793945,0.0003,588,84.81,-0.08642718940973282,106542
269.0038146972656,106897,9,11458,909.79229111,-338.8775634765625,0.3592287003993988,0.0003,592,84.15,-0.2577681541442871,106796
192.28326416015625,107224,9,11496,910.9793201100001,-312.3365783691406,0.35709327459335327,0.0003,596,83.42,-0.19257625937461853,107123
254.0002899169922,107544,9,11533,911.4187384500002,-359.1495361328125,0.3578763008117676,0.0003,600,82.98,-0.4480615258216858,107443
262.8831787109375,107880,9,11572,910.4900174600001,-348.44598388671875,0.359563410282135,0.0003,604,83.25,-0.13402792811393738,107779
538.64111328125,108258,9,11615,910.3041155199999,-351.52752685546875,0.35864099860191345,0.0003,608,82.76,0.24960309267044067,108157
454.8060302734375,108581,9,11652,910.4408069099998,-359.19091796875,0.3597482144832611,0.0003,612,82.56,0.014542046934366226,108480
278.91839599609375,108891,9,11689,909.8908199199999,-351.1719665527344,0.36031630635261536,0.0003,616,82.63,0.01389317587018013,108790
1358.8125,109186,9,11723,909.4563525900002,-346.2808837890625,0.35536327958106995,0.0003,620,82.95,0.15610352158546448,109085
226.05953979492188,109509,9,11761,910.2429009400001,-314.57623291015625,0.35570138692855835,0.0003,624,82.54,-0.023674726486206055,109408
244.34793090820312,109811,9,11796,911.98976306,-344.79718017578125,0.35344454646110535,0.0003,628,81.35,-0.15024539828300476,109710
293.595458984375,110165,9,11837,911.7817850799998,-396.90106201171875,0.3548051118850708,0.0003,632,81.38,0.09043263643980026,110064
247.62001037597656,110507,9,11876,910.5707653999999,-405.4681701660156,0.3509295880794525,0.0003,636,81.91,0.1805403232574463,110406
213.04263305664062,110787,9,11910,912.236217,-356.277099609375,0.3560926914215088,0.0003,640,81.07,0.2204275131225586,110686
316.04058837890625,111139,9,11950,912.7769690199999,-364.7482604980469,0.3588602840900421,0.0003,644,80.77,-0.007794391363859177,111038
264.2679138183594,111461,9,11987,912.5934198000001,-365.80694580078125,0.363372266292572,0.0003,648,80.94,0.02768518403172493,111360
419.1849365234375,111769,9,12023,913.1606174199999,-341.0599670410156,0.3622207045555115,0.0003,652,80.69,0.21151207387447357,111668
203.1671142578125,112100,9,12062,911.6874325399999,-363.60430908203125,0.3707989454269409,0.0003,656,81.21,0.058394089341163635,111999
468.8185729980469,112417,9,12098,910.5702658700002,-352.7243347167969,0.3638840317726135,0.0003,660,81.85,0.044716089963912964,112316
257.8212890625,112704,9,12132,912.96970936,-408.6528015136719,0.35911405086517334,0.0003,664,80.49,0.27927926182746887,112603
219.14999389648438,113048,9,12172,911.5923838400001,-403.57977294921875,0.3604471683502197,0.0003,668,81.38,-0.005523521453142166,112947
227.38906860351562,113336,9,12206,914.29916513,-368.1209716796875,0.3602149784564972,0.0003,672,80.08,0.03678029030561447,113235
265.68841552734375,113643,9,12241,915.0873344199999,-402.6431579589844,0.36245399713516235,0.0003,676,79.84,0.2170802652835846,113542
245.67018127441406,113972,9,12279,916.28304801,-361.6007080078125,0.3630528151988983,0.0003,680,79.43,-0.23060084879398346,113871
274.43548583984375,114265,9,12314,915.87849329,-371.5057067871094,0.3591204285621643,0.0003,684,79.47,0.15782326459884644,114164
196.75506591796875,114594,9,12352,916.1588518999998,-392.6202392578125,0.36522436141967773,0.0003,688,79.51,0.06612488627433777,114493
343.96746826171875,114914,9,12389,914.81104595,-366.6047668457031,0.36294761300086975,0.0003,692,80.17,0.21328987181186676,114813
226.6548614501953,115261,9,12429,914.75704059,-374.1861877441406,0.3597572445869446,0.0003,696,80.37,0.006258629262447357,115160
257.228271484375,115610,9,12469,914.13930987,-337.6202697753906,0.3609446585178375,0.0003,700,80.66,-0.1613810956478119,115509
324.1460266113281,115915,9,12505,914.1990860999999,-386.01251220703125,0.35793715715408325,0.0003,704,80.35,-0.21540877223014832,115814
207.74298095703125,116275,9,12546,914.6072171299999,-391.6441650390625,0.35479772090911865,0.0003,708,80.17,-0.01103879138827324,116174
479.205322265625,116606,9,12585,914.8811628500001,-403.84454345703125,0.3630993366241455,0.0003,712,80.25,-0.08530136942863464,116505
188.95254516601562,116909,9,12620,915.1724521600001,-356.20458984375,0.35995545983314514,0.0003,716,80.18,-0.2983197271823883,116808
308.46429443359375,117211,9,12656,915.03530056,-389.4244079589844,0.3572988212108612,0.0003,720,80.25,-0.19759736955165863,117110
208.58160400390625,117514,9,12691,915.5466032999998,-392.62078857421875,0.3515539765357971,0.0003,724,80.05,-0.022291548550128937,117413
314.2490234375,117849,9,12730,914.93260131,-396.66619873046875,0.3501895070075989,0.0003,728,80.38,-0.11280938237905502,117748
201.67002868652344,118136,9,12763,916.1498236000002,-375.92156982421875,0.3551788926124573,0.0003,732,79.71,0.1907852441072464,118035
225.9642791748047,118470,9,12802,916.93173118,-397.979248046875,0.35712116956710815,0.0003,736,79.63,-0.07297686487436295,118369
196.93450927734375,118832,9,12843,915.4993303499999,-378.74822998046875,0.3472459316253662,0.0003,740,80.45,-0.07556528598070145,118731
285.87890625,119143,9,12880,916.7729282499998,-390.74371337890625,0.3524238169193268,0.0003,744,80.04,0.15904951095581055,119042
1234.864990234375,119396,9,12910,918.1884583799998,-419.38250732421875,0.35243523120880127,0.0003,748,79.35,0.01859443262219429,119295
339.3670959472656,119756,9,12951,916.7260703899999,-387.28253173828125,0.3533555865287781,0.0003,752,79.87,0.016071543097496033,119655
219.75247192382812,120104,9,12991,916.59554887,-415.12255859375,0.35728898644447327,0.0003,756,80.04,-0.10862461477518082,120003
167.89837646484375,120452,9,13031,916.0770454000001,-401.1927795410156,0.3534352481365204,0.0003,760,80.35,-0.2838543951511383,120351
175.76449584960938,120849,9,13076,913.6904412799998,-378.6865539550781,0.3577432930469513,0.0003,764,81.45,0.04765535891056061,120748
253.97483825683594,121187,9,13115,913.5013142699999,-398.80987548828125,0.35415297746658325,0.0003,768,81.39,0.2108311653137207,121086
319.0510559082031,121457,9,13147,913.82539609,-422.021240234375,0.35597220063209534,0.0003,772,81.21,-0.08230409771203995,121356
183.6322021484375,121831,9,13190,912.1165150100002,-396.24755859375,0.3532107174396515,0.0003,776,81.88,-0.005181118845939636,121730
250.2388458251953,122143,9,13226,912.3332520099998,-382.13836669921875,0.3493165075778961,0.0003,780,81.71,-0.007034871727228165,122042
838.636962890625,122447,9,13262,911.63109445,-420.4791564941406,0.341948002576828,0.0003,784,81.82,-0.03015672042965889,122346
240.75950622558594,122758,9,13298,912.49738614,-417.6175537109375,0.3483591079711914,0.0003,788,81.64,0.0185253843665123,122657
234.3995361328125,123033,9,13330,913.4148878100001,-412.2752380371094,0.3507870137691498,0.0003,792,81.19,0.4397090673446655,122932
195.87721252441406,123369,9,13369,913.0432281499999,-429.2995910644531,0.35793036222457886,0.0003,796,81.08,-0.1877155303955078,123268
191.62680053710938,123693,9,13406,914.0097403899999,-387.0648193359375,0.3553222715854645,0.0003,800,80.83,0.07120515406131744,123592
196.61212158203125,124048,9,13447,913.6726701100001,-405.51263427734375,0.3491274118423462,0.0003,804,81.33,0.06448616087436676,123947
245.9619903564453,124386,9,13486,913.5491530600001,-431.571533203125,0.35077548027038574,0.0003,808,81.11,-0.05668921396136284,124285
344.93670654296875,124650,9,13518,914.7926955199999,-409.28656005859375,0.3535826504230499,0.0003,812,80.44,-0.15390132367610931,124549
399.24609375,125007,9,13559,913.4718602,-386.21258544921875,0.34773868322372437,0.0003,816,80.98,-0.09020400792360306,124906
214.48199462890625,125328,9,13596,912.8396333700002,-408.089111328125,0.3407118320465088,0.0003,820,81.17,0.05672242492437363,125227
198.48587036132812,125633,9,13632,912.75795184,-421.42034912109375,0.3360544443130493,0.0003,824,81.19,-0.020924679934978485,125532
1965.01220703125,125963,9,13670,912.94722665,-417.0634765625,0.3399979770183563,0.0003,828,81.14,-0.0071908943355083466,125862
156.63665771484375,126288,9,13708,912.67014753,-405.591064453125,0.34370577335357666,0.0003,832,81.52,-0.24256117641925812,126187
197.08834838867188,126599,9,13744,912.46551878,-393.7874755859375,0.34171050786972046,0.0003,836,81.29,-0.15807102620601654,126498
202.98590087890625,126950,9,13784,912.4032636000001,-398.857421875,0.34020376205444336,0.0003,840,81.18,-0.024512365460395813,126849
232.73959350585938,127299,9,13825,911.6310627099998,-420.2115173339844,0.33996492624282837,0.0003,844,81.56,-0.32008495926856995,127198
181.62913513183594,127616,9,13862,909.7728947800001,-426.8606262207031,0.3406856954097748,0.0003,848,82.2,0.31787291169166565,127515
1479.6829833984375,127953,9,13900,910.3704632500002,-418.41949462890625,0.34738609194755554,0.0003,852,81.97,-0.05704086273908615,127852
191.41738891601562,128234,9,13934,911.77761002,-407.5492248535156,0.3428928554058075,0.0003,856,81.3,0.006342310458421707,128133
167.44537353515625,128547,9,13970,911.8521324999998,-428.93310546875,0.34761250019073486,0.0003,860,80.95,0.18520532548427582,128446
1858.3720703125,128825,9,14003,914.66288722,-405.5810852050781,0.34704893827438354,0.0003,864,79.76,-0.20397813618183136,128724
206.90420532226562,129141,9,14040,915.05299397,-415.89459228515625,0.34359046816825867,0.0003,868,79.54,-0.0886727124452591,129040
144.50682067871094,129479,9,14079,913.84557715,-406.90570068359375,0.3372874855995178,0.0003,872,80.22,-0.05236350744962692,129378
203.373046875,129753,9,14112,915.86336634,-390.7301940917969,0.34045007824897766,0.0003,876,79.22,-0.01243160106241703,129652
188.48187255859375,130055,9,14147,915.9313150699999,-399.74102783203125,0.33894097805023193,0.0003,880,79.12,0.12842276692390442,129954
234.40084838867188,130375,9,14184,915.2699008400002,-450.9779052734375,0.3370305299758911,0.0003,884,79.28,-0.058257970958948135,130274
405.0382080078125,130740,9,14226,913.3677955499999,-447.314453125,0.3398214876651764,0.0003,888,79.82,-0.3348730504512787,130639
184.8447265625,130999,9,14257,913.7556442,-411.00146484375,0.3419795632362366,0.0003,892,79.66,-0.04999447613954544,130898
231.9723358154297,131329,9,14295,914.4835195699999,-404.030517578125,0.33934280276298523,0.0003,896,79.6,-0.009670350700616837,131228
256.7611083984375,131644,9,14332,914.1145083499999,-431.3175048828125,0.3366538882255554,0.0003,900,79.51,0.0724140852689743,131543
284.15924072265625,131964,9,14369,915.1167549999998,-420.17303466796875,0.33113619685173035,0.0003,904,79.16,0.13925287127494812,131863
174.1470489501953,132238,9,14401,916.71932014,-415.52685546875,0.3309424817562103,0.0003,908,78.52,-0.05230480432510376,132137
170.54100036621094,132558,9,14439,915.1562431499999,-406.3539733886719,0.3307974338531494,0.0003,912,79.08,-0.06666085869073868,132457
202.22128295898438,132930,9,14481,914.8033069699999,-413.14324951171875,0.33383139967918396,0.0003,916,79.23,0.011098559945821762,132829
278.44317626953125,133257,9,14519,914.8792235999998,-423.5050354003906,0.333869069814682,0.0003,920,79.29,0.27002501487731934,133156
190.13018798828125,133569,9,14555,914.7361328400001,-413.5679931640625,0.332459032535553,0.0003,924,79.36,0.11335808038711548,133468
170.1572265625,133814,9,14585,916.3606381800001,-448.2136535644531,0.33198079466819763,0.0003,928,78.51,0.40670040249824524,133713
184.97967529296875,134014,9,14610,918.14009552,-444.7982177734375,0.3285638988018036,0.0003,932,77.26,-0.17460310459136963,133913
2968.14794921875,134361,9,14650,917.6313657400001,-423.758544921875,0.3359799385070801,0.0003,936,77.62,0.14006634056568146,134260
201.2595672607422,134649,9,14684,919.2060410200003,-404.04644775390625,0.32883021235466003,0.0003,940,76.99,-0.09523063898086548,134548
206.08807373046875,134979,9,14722,919.1602505,-439.8101806640625,0.3270275592803955,0.0003,944,76.8,0.10693817585706711,134878
173.99853515625,135233,9,14753,920.0455294900001,-413.237548828125,0.31911128759384155,0.0003,948,76.17,0.2750392556190491,135132
239.91305541992188,135587,9,14794,919.96933736,-419.96624755859375,0.3241204023361206,0.0003,952,76.34,-0.07072533667087555,135486
1000.96923828125,135899,9,14830,919.12133061,-439.0013732910156,0.32159215211868286,0.0003,956,76.65,0.054012857377529144,135798
182.29373168945312,136239,9,14869,919.1843765400001,-388.18133544921875,0.31701335310935974,0.0003,960,76.92,-0.08915773034095764,136138
130.46624755859375,136563,9,14907,917.98432433,-437.2222900390625,0.32389986515045166,0.0003,964,77.38,0.07383033633232117,136462
257.706298828125,136895,9,14945,917.6556698800002,-405.31085205078125,0.3310556709766388,0.0003,968,77.54,0.3510516881942749,136794
173.76904296875,137168,9,14978,918.8342812500002,-413.34454345703125,0.3280468285083771,0.0003,972,76.89,-0.32966774702072144,137067
214.41452026367188,137480,9,15014,918.32381155,-408.4049987792969,0.32562166452407837,0.0003,976,77.27,-0.13253425061702728,137379
233.4713897705078,137696,9,15041,919.3531066499999,-441.97027587890625,0.3267800211906433,0.0003,980,76.41,-0.005810081958770752,137595
184.4078369140625,137980,9,15075,920.4677483399998,-419.61248779296875,0.3259894847869873,0.0003,984,76.05,0.22452601790428162,137879
195.3660888671875,138294,9,15111,922.16306152,-434.1379699707031,0.3288826644420624,0.0003,988,75.54,-0.06343494355678558,138193
223.94537353515625,138598,9,15147,920.9883912099999,-428.4999084472656,0.3244841992855072,0.0003,992,75.99,0.0019265078008174896,138497
157.17007446289062,138876,9,15180,921.4270582800001,-449.76837158203125,0.32643070816993713,0.0003,996,75.47,-0.20553644001483917,138775
169.10023498535156,139175,9,15215,921.95600218,-452.7369689941406,0.3274710774421692,0.0003,1000,75.31,0.13002490997314453,139074
141.7594451904297,139473,9,15250,921.8450228400003,-427.1617126464844,0.32257080078125,0.0003,1004,75.09,-0.15644872188568115,139372
193.21945190429688,139772,9,15285,921.3336390700001,-427.8938293457031,0.31860604882240295,0.0003,1008,75.34,0.2522132694721222,139671
182.39450073242188,140087,9,15322,921.30235678,-435.5451965332031,0.3173302412033081,0.0003,1012,75.29,0.12055797874927521,139986
252.9906005859375,140385,9,15357,923.3540502400002,-438.23248291015625,0.32362130284309387,0.0003,1016,74.55,-0.1798291802406311,140284
185.00662231445312,140710,9,15394,923.2704723700001,-417.79144287109375,0.32618001103401184,0.0003,1020,74.53,-0.1819729208946228,140609
169.58494567871094,141049,9,15433,922.3896920400002,-430.57867431640625,0.3184303939342499,0.0003,1024,74.8,0.13886913657188416,140948
320.7192687988281,141383,9,15472,920.49315873,-436.0154724121094,0.31478920578956604,0.0003,1028,75.69,0.4048023521900177,141282
177.5469512939453,141726,9,15511,917.9539105399999,-439.0992431640625,0.3096252679824829,0.0003,1032,77.12,-0.06166856363415718,141625
202.6278533935547,141993,9,15543,919.5771109800002,-471.18450927734375,0.3102850317955017,0.0003,1036,76.32,-0.14354074001312256,141892
203.97035217285156,142274,9,15577,919.03229596,-448.94732666015625,0.3157598376274109,0.0003,1040,76.25,0.1343630850315094,142173
226.8802490234375,142580,9,15612,919.1586951899999,-435.04058837890625,0.3175694942474365,0.0003,1044,76.01,0.048265114426612854,142479
786.3238525390625,142883,9,15648,918.9052438300002,-456.52154541015625,0.31453636288642883,0.0003,1048,76.5,-0.07200842350721359,142782
185.18275451660156,143273,9,15692,917.2217843,-444.419189453125,0.3167954981327057,0.0003,1052,76.86,-0.13155005872249603,143172
145.64614868164062,143576,9,15727,917.6377175100001,-421.04058837890625,0.3152558505535126,0.0003,1056,76.77,0.08861111849546432,143475
309.61187744140625,143921,9,15767,917.1501284,-455.0286865234375,0.320995956659317,0.0003,1060,76.82,-0.17373476922512054,143820
201.84120178222656,144301,9,15810,915.79929789,-438.14117431640625,0.32561081647872925,0.0003,1064,77.38,-0.05648210644721985,144200
213.30252075195312,144659,9,15851,915.3806485399998,-464.32501220703125,0.32009467482566833,0.0003,1068,77.64,-0.25698012113571167,144558
376.9450988769531,144967,9,15887,914.60832463,-461.41912841796875,0.31893622875213623,0.0003,1072,77.99,-0.10070223361253738,144866
237.53347778320312,145279,9,15924,914.47741431,-436.7193603515625,0.3189716637134552,0.0003,1076,77.99,0.17034372687339783,145178
249.19869995117188,145586,9,15960,913.3622766399999,-413.63873291015625,0.32097217440605164,0.0003,1080,78.9,0.22702758014202118,145485
173.0352020263672,145891,9,15995,912.69535727,-456.028564453125,0.3170655369758606,0.0003,1084,79.11,-0.06412743777036667,145790
153.8594512939453,146201,9,16032,912.4913991500001,-436.80670166015625,0.31861668825149536,0.0003,1088,79.07,-0.21231336891651154,146100
272.80242919921875,146451,9,16062,913.6322874800001,-474.63897705078125,0.31674614548683167,0.0003,1092,78.53,0.2417212426662445,146350
197.348876953125,146799,9,16102,912.7960577900001,-494.92071533203125,0.3213745653629303,0.0003,1096,79.23,0.23275695741176605,146698
164.98191833496094,147145,9,16141,911.7585119299998,-439.8865966796875,0.3250913918018341,0.0003,1100,79.7,0.08601095527410507,147044
201.29119873046875,147428,9,16175,912.1476104500001,-464.9905090332031,0.3301795423030853,0.0003,1104,79.55,-0.06770411133766174,147327
246.06185913085938,147767,9,16214,911.2682708899999,-432.9142761230469,0.321058452129364,0.0003,1108,79.95,-0.022236697375774384,147666
176.25970458984375,148050,9,16248,912.19277035,-448.14569091796875,0.32095879316329956,0.0003,1112,79.63,0.10358156263828278,147949
167.99317932128906,148382,9,16286,910.9720620999999,-451.6933898925781,0.3224884867668152,0.0003,1116,79.97,0.013366136699914932,148281
180.66957092285156,148690,9,16322,911.1746723699999,-436.41827392578125,0.3294998109340668,0.0003,1120,79.8,-0.37513047456741333,148589
174.79518127441406,149049,9,16363,910.40176433,-451.031494140625,0.3167892396450043,0.0003,1124,80.0,-0.2663835883140564,148948
168.05242919921875,149435,9,16407,909.7100992500001,-458.5806884765625,0.31548628211021423,0.0003,1128,80.52,0.40570250153541565,149334
209.75970458984375,149729,9,16441,910.76403502,-448.99945068359375,0.31786495447158813,0.0003,1132,80.03,-0.1150876134634018,149628
223.18960571289062,150061,9,16480,909.24252585,-415.2239074707031,0.3165687322616577,0.0003,1136,80.68,0.1024715006351471,149960
198.53515625,150457,9,16524,907.2330472699998,-444.74407958984375,0.30961519479751587,0.0003,1140,81.83,0.15372668206691742,150356
225.39356994628906,150780,9,16562,907.3934496800002,-435.1134033203125,0.3123251795768738,0.0003,1144,82.0,0.10426874458789825,150679
146.93138122558594,151037,9,16593,908.1956614500002,-454.1185302734375,0.31349045038223267,0.0003,1148,81.54,-0.13652768731117249,150936
214.02444458007812,151310,9,16625,911.2661221800001,-433.774658203125,0.31519991159439087,0.0003,1152,80.37,-0.043098047375679016,151209
186.9282684326172,151607,9,16660,911.12158438,-421.206787109375,0.31277191638946533,0.0003,1156,80.31,-0.23299211263656616,151506
186.33128356933594,151891,9,16693,912.61704957,-444.1551513671875,0.31973356008529663,0.0003,1160,79.7,0.0049017369747161865,151790
181.5930938720703,152199,9,16730,914.4001296000001,-460.581298828125,0.3223332464694977,0.0003,1164,78.98,0.12605410814285278,152098
234.2912139892578,152525,9,16767,914.58564187,-472.17608642578125,0.3184899091720581,0.0003,1168,78.66,0.15544341504573822,152424
157.65182495117188,152716,9,16791,916.3637023399999,-450.29083251953125,0.31345564126968384,0.0003,1172,77.49,-0.0895100086927414,152615
155.00091552734375,152992,9,16824,916.6580956900001,-429.07354736328125,0.314100056886673,0.0003,1176,77.13,-0.2170078158378601,152891
125.77672576904297,153275,9,16858,917.13688815,-459.8097229003906,0.32009318470954895,0.0003,1180,76.89,-0.44672754406929016,153174
164.290283203125,153616,9,16897,917.05032787,-458.5942077636719,0.3272351920604706,0.0003,1184,77.25,0.04348878562450409,153515
160.06517028808594,153919,9,16932,917.30797194,-467.04180908203125,0.320796400308609,0.0003,1188,77.18,-0.3701440691947937,153818
182.24862670898438,154243,9,16970,915.67329549,-494.65478515625,0.3182711899280548,0.0003,1192,77.92,-0.05861629918217659,154142
157.6259765625,154542,9,17005,916.1721762,-441.52490234375,0.3190067708492279,0.0003,1196,77.43,-0.3019973337650299,154441
194.06283569335938,154848,9,17041,917.0927996999999,-458.63690185546875,0.3245401382446289,0.0003,1200,77.03,0.01634073816239834,154747
230.09274291992188,155164,9,17078,916.5196853100001,-489.358154296875,0.32142290472984314,0.0003,1204,77.36,0.20360881090164185,155063
124.32608795166016,155445,9,17111,917.6541342700001,-458.2550354003906,0.3174379765987396,0.0003,1208,76.78,0.0936744213104248,155344
203.45689392089844,155757,9,17147,917.2349326899999,-458.8846435546875,0.3250337839126587,0.0003,1212,77.07,-0.28014856576919556,155656
204.35777282714844,156057,9,17183,917.97847952,-499.2611083984375,0.3238484859466553,0.0003,1216,76.75,-0.03832537308335304,155956
174.3293914794922,156360,9,17218,918.1689053799997,-462.4500732421875,0.3233868181705475,0.0003,1220,76.7,-0.08279456943273544,156259
223.57333374023438,156667,9,17254,919.4611627599999,-426.2384033203125,0.3205149471759796,0.0003,1224,76.18,0.1460593342781067,156566
175.3763885498047,157042,9,17297,919.3659313100001,-452.3599853515625,0.313723087310791,0.0003,1228,76.07,0.0377010852098465,156941
152.69886779785156,157396,9,17337,918.35122079,-469.07928466796875,0.32106462121009827,0.0003,1232,76.67,0.2510215640068054,157295
203.32952880859375,157721,9,17375,918.7728895500001,-445.82330322265625,0.31225913763046265,0.0003,1236,76.6,0.04924623668193817,157620
163.75396728515625,158041,9,17412,920.5128836800001,-465.5998840332031,0.3074257969856262,0.0003,1240,75.84,0.08856384456157684,157940
159.74203491210938,158386,9,17452,920.43848954,-455.07025146484375,0.3157068192958832,0.0003,1244,76.06,-0.19744417071342468,158285
135.51026916503906,158726,9,17491,918.8837050500001,-435.3074951171875,0.314541220664978,0.0003,1248,76.89,-0.11788398772478104,158625
173.52529907226562,159075,9,17531,917.2683090600002,-495.1364440917969,0.3130123019218445,0.0003,1252,77.65,-0.3682621121406555,158974
193.0138397216797,159449,9,17574,915.5019487000001,-448.18682861328125,0.3139181137084961,0.0003,1256,78.42,-0.14870145916938782,159348
1092.46240234375,159744,9,17609,915.2958704000001,-466.81439208984375,0.31057968735694885,0.0003,1260,78.53,-0.23251669108867645,159643
156.747314453125,160112,9,17651,913.9674427599998,-446.59222412109375,0.3019237220287323,0.0003,1264,79.13,-0.13407891988754272,160011
135.25953674316406,160454,9,17690,914.44670258,-462.38092041015625,0.3020184338092804,0.0003,1268,79.29,-0.08215588331222534,160353
154.91622924804688,160767,9,17726,912.60726138,-472.0384521484375,0.3137924373149872,0.0003,1272,80.51,0.33724868297576904,160666
168.87039184570312,161102,9,17765,911.9881255299998,-446.5966796875,0.3086127042770386,0.0003,1276,81.1,-0.4486202001571655,161001
169.36181640625,161441,9,17804,910.7737192700001,-473.774169921875,0.307084321975708,0.0003,1280,81.66,0.1547468602657318,161340
197.33126831054688,161734,9,17839,911.6412688699999,-427.641845703125,0.3142577111721039,0.0003,1284,81.18,0.0283292718231678,161633
194.7955780029297,161940,9,17865,912.9774788,-464.544677734375,0.3098156154155731,0.0003,1288,80.21,0.2421586811542511,161839
144.52191162109375,162295,9,17905,912.4529945600001,-494.5362548828125,0.3151509761810303,0.0003,1292,80.52,0.17725598812103271,162194
171.90635681152344,162674,9,17948,910.9757469600003,-458.43585205078125,0.31150051951408386,0.0003,1296,81.32,0.21390600502490997,162573
161.65579223632812,163028,9,17989,909.8259487800001,-487.7962951660156,0.3137577772140503,0.0003,1300,81.8,0.22337082028388977,162927
183.90090942382812,163383,9,18030,908.8586173999997,-449.47430419921875,0.3077833950519562,0.0003,1304,82.19,0.12499774992465973,163282
149.48374938964844,163721,9,18069,908.140556,-446.48895263671875,0.3051671087741852,0.0003,1308,82.76,0.07508793473243713,163620
299.10821533203125,163949,9,18097,909.4188608100001,-463.8564453125,0.3050575852394104,0.0003,1312,81.92,-0.12316998094320297,163848
413.78448486328125,164220,9,18129,909.9719181800001,-474.996337890625,0.30587300658226013,0.0003,1316,81.63,-0.08828528225421906,164119
174.92105102539062,164580,9,18170,908.9192634000001,-459.231201171875,0.3017127513885498,0.0003,1320,82.2,-0.16097533702850342,164479
220.74850463867188,164882,9,18205,909.4725915700001,-484.6679992675781,0.3158434331417084,0.0003,1324,82.15,0.27438390254974365,164781
186.20269775390625,165136,9,18236,911.9660724600002,-463.35845947265625,0.3185098469257355,0.0003,1328,80.94,0.1783035844564438,165035
164.17874145507812,165441,9,18272,912.8138227999999,-481.0879821777344,0.3137355148792267,0.0003,1332,80.45,-0.06133539602160454,165340
182.6038818359375,165794,9,18312,911.86955493,-456.33551025390625,0.3019126057624817,0.0003,1336,80.73,0.1815078854560852,165693
158.05435180664062,166126,9,18351,911.4997952800003,-442.75030517578125,0.3048741817474365,0.0003,1340,80.85,0.2818673849105835,166025
186.6233673095703,166381,9,18381,912.6865944599999,-477.1051330566406,0.3033898174762726,0.0003,1344,79.95,0.08135087043046951,166280
214.0948028564453,166663,9,18415,913.67024726,-463.3149719238281,0.3108241558074951,0.0003,1348,79.37,0.09122882783412933,166562
225.3190155029297,166961,9,18450,915.4848944999999,-503.0675048828125,0.3042578399181366,0.0003,1352,78.86,-0.17810964584350586,166860
137.97836303710938,167190,9,18478,918.3396284199999,-486.93182373046875,0.29866036772727966,0.0003,1356,77.41,-0.19864684343338013,167089
133.99664306640625,167532,9,18517,917.5231112399998,-456.15716552734375,0.3009205162525177,0.0003,1360,77.88,-0.0747443363070488,167431
234.68948364257812,167778,9,18547,919.9188448900001,-479.35015869140625,0.30592474341392517,0.0003,1364,76.66,0.06424880772829056,167677
171.8011932373047,168139,9,18588,919.06932541,-470.9524841308594,0.30707255005836487,0.0003,1368,76.85,-0.3502894639968872,168038
142.84954833984375,168500,9,18630,917.6427121,-454.5907897949219,0.3023073077201843,0.0003,1372,77.33,0.1377420723438263,168399
374.0073547363281,168847,9,18670,917.19079977,-422.8558349609375,0.30823615193367004,0.0003,1376,77.45,-0.24313487112522125,168746
172.86065673828125,169176,9,18708,917.2677927800001,-454.1740417480469,0.3061816990375519,0.0003,1380,77.35,-0.028600916266441345,169075
166.45437622070312,169485,9,18744,916.62712437,-439.248046875,0.30139097571372986,0.0003,1384,77.51,0.21127326786518097,169384
242.75897216796875,169813,9,18782,914.27068411,-476.49969482421875,0.3030550479888916,0.0003,1388,78.73,-0.13471201062202454,169712
145.37686157226562,170142,9,18820,914.94021202,-486.023193359375,0.3076731860637665,0.0003,1392,78.47,0.13450618088245392,170041
187.76995849609375,170505,9,18861,915.3769471100001,-470.64459228515625,0.3148382008075714,0.0003,1396,78.31,-0.034934982657432556,170404
142.9289093017578,170792,9,18895,916.7387216600001,-471.95648193359375,0.31354281306266785,0.0003,1400,77.64,-0.23210692405700684,170691
159.4119873046875,171076,9,18929,917.9461725499999,-475.212646484375,0.31815794110298157,0.0003,1404,76.93,0.2396192103624344,170975
1816.351318359375,171379,9,18964,918.2701767900002,-478.0404052734375,0.31955158710479736,0.0003,1408,76.58,0.11866779625415802,171278
193.86288452148438,171738,9,19005,915.8710486000002,-491.6431884765625,0.3222658038139343,0.0003,1412,77.89,-0.022342149168252945,171637
187.91278076171875,172012,9,19038,915.92658498,-474.93499755859375,0.310148149728775,0.0003,1416,77.92,-0.18041537702083588,171911
135.49644470214844,172353,9,19077,916.6178063400002,-456.6322937011719,0.3068615198135376,0.0003,1420,77.73,0.048375800251960754,172252
181.22222900390625,172715,9,19119,915.09159997,-461.83294677734375,0.304076611995697,0.0003,1424,78.33,-0.037161268293857574,172614
225.09527587890625,173022,9,19155,914.2645098700002,-483.36102294921875,0.3034386932849884,0.0003,1428,78.86,-0.18943899869918823,172921
124.00689697265625,173377,9,19195,913.0805949,-458.22064208984375,0.3071763217449188,0.0003,1432,79.36,0.24997994303703308,173276
155.71189880371094,173722,9,19235,913.67089812,-450.91107177734375,0.31018754839897156,0.0003,1436,79.28,0.22169914841651917,173621
155.92791748046875,174083,9,19276,912.73969775,-499.8064880371094,0.30701926350593567,0.0003,1440,79.57,-0.2612462043762207,173982
169.06588745117188,174411,9,19314,911.33933903,-473.92083740234375,0.3096468448638916,0.0003,1444,80.3,0.08675998449325562,174310
985.9007568359375,174772,9,19356,909.9133680199998,-441.94720458984375,0.3110266327857971,0.0003,1448,81.09,0.006984114646911621,174671
185.57052612304688,175106,9,19394,908.5460334599999,-459.247314453125,0.311969518661499,0.0003,1452,81.45,0.33113983273506165,175005
244.2902374267578,175407,9,19429,907.4062352799999,-457.12921142578125,0.30860525369644165,0.0003,1456,82.17,0.5132415294647217,175306
204.43844604492188,175758,9,19470,907.2583683,-511.38525390625,0.3130864202976227,0.0003,1460,82.26,-0.20837949216365814,175657
330.59576416015625,176092,9,19508,905.75815745,-485.0901794433594,0.3170112371444702,0.0003,1464,83.14,0.11277304589748383,175991
136.67042541503906,176403,9,19544,906.8005485500001,-467.19024658203125,0.3030613362789154,0.0003,1468,82.64,-0.5543966293334961,176302
198.17922973632812,176679,9,19577,909.0386031800001,-478.9294738769531,0.3077560067176819,0.0003,1472,81.79,0.22422972321510315,176578
221.77334594726562,176952,9,19610,910.1250860999999,-480.9527587890625,0.3100629448890686,0.0003,1476,81.05,-0.15657106041908264,176851
112.27911376953125,177236,9,19643,910.6716832,-464.73101806640625,0.309408962726593,0.0003,1480,80.6,-0.22779923677444458,177135
284.3915710449219,177515,9,19677,911.3620919199999,-472.54205322265625,0.30776888132095337,0.0003,1484,80.3,-0.08524884283542633,177414
309.08184814453125,177767,9,19707,913.1166703200001,-514.7793579101562,0.31224241852760315,0.0003,1488,79.54,-0.030510829761624336,177666
170.4913330078125,178119,9,19747,912.8018598900001,-474.21075439453125,0.3077549338340759,0.0003,1492,79.77,-0.0022101253271102905,178018
152.86732482910156,178520,9,19793,912.12131438,-489.98651123046875,0.3071046769618988,0.0003,1496,80.15,-0.004049934446811676,178419
158.424072265625,178848,9,19831,911.8440591500001,-483.7881164550781,0.30935442447662354,0.0003,1500,80.56,-0.02366510033607483,178747
197.95895385742188,179189,9,19870,911.2049043400001,-464.89898681640625,0.31263598799705505,0.0003,1504,81.13,0.09050858020782471,179088
146.3177032470703,179488,9,19905,911.26239726,-477.5736999511719,0.3115553557872772,0.0003,1508,81.09,-0.10389463603496552,179387
146.77789306640625,179796,9,19941,911.7901607000001,-473.5806884765625,0.306790292263031,0.0003,1512,80.58,-0.07310803234577179,179695
137.3368377685547,180148,9,19982,910.66331879,-510.09271240234375,0.3075467646121979,0.0003,1516,81.36,0.13955287635326385,180047
284.63006591796875,180430,9,20015,911.4925151299998,-458.2742919921875,0.3097172677516937,0.0003,1520,80.77,0.3897723853588104,180329
181.47547912597656,180703,9,20048,913.4025275500001,-499.95098876953125,0.3132871985435486,0.0003,1524,79.88,0.22966226935386658,180602
136.57460021972656,181046,9,20087,912.1934079700001,-485.19268798828125,0.3120793402194977,0.0003,1528,80.24,-0.1324160099029541,180945
179.2644805908203,181361,9,20124,913.70900064,-488.27301025390625,0.3064069449901581,0.0003,1532,79.84,0.29058927297592163,181260
150.17919921875,181673,9,20160,914.21759962,-495.005859375,0.3071553111076355,0.0003,1536,79.51,0.08938363939523697,181572
171.7095947265625,181987,9,20197,915.6910723399998,-492.6328125,0.31003159284591675,0.0003,1540,79.04,-0.034020811319351196,181886
215.68505859375,182266,9,20230,916.8605098899998,-468.234619140625,0.30681872367858887,0.0003,1544,78.55,-0.042008884251117706,182165
157.40573120117188,182565,9,20265,918.4272079899998,-506.89739990234375,0.29790669679641724,0.0003,1548,77.93,0.09929182380437851,182464
172.02462768554688,182859,9,20299,919.44111146,-474.15826416015625,0.2944088876247406,0.0003,1552,77.53,-0.18051964044570923,182758
266.392578125,183233,9,20342,918.1825942299998,-473.008544921875,0.2990492880344391,0.0003,1556,78.26,0.10549993813037872,183132
134.19203186035156,183639,9,20387,916.9942065599998,-512.07421875,0.2979803681373596,0.0003,1560,78.81,-0.06909448653459549,183538
109.3724365234375,183989,9,20427,916.8940735900002,-480.8473815917969,0.304766446352005,0.0003,1564,78.97,0.14206521213054657,183888
168.1833038330078,184314,9,20465,916.7969295500001,-483.08013916015625,0.29888275265693665,0.0003,1568,79.11,0.16252501308918,184213
140.38015747070312,184672,9,20506,914.7981041200001,-462.73614501953125,0.29909294843673706,0.0003,1572,79.93,0.2925342619419098,184571
163.29884338378906,185014,9,20546,913.5739035299999,-474.2549133300781,0.29877886176109314,0.0003,1576,80.62,0.07930077612400055,184913
203.94534301757812,185346,9,20584,913.33071211,-466.3741455078125,0.3050023913383484,0.0003,1580,81.1,0.07512320578098297,185245
1145.21728515625,185700,9,20625,911.6180030099999,-467.3899230957031,0.30374541878700256,0.0003,1584,81.85,0.05193917453289032,185599
174.80084228515625,186033,9,20663,910.1697116800001,-462.720703125,0.3031114935874939,0.0003,1588,82.66,0.2215971201658249,185932
150.10836791992188,186276,9,20693,911.9716623899999,-493.2235412597656,0.2915497124195099,0.0003,1592,81.57,-0.009609691798686981,186175
151.80014038085938,186549,9,20725,914.7009611299998,-494.9864501953125,0.29539981484413147,0.0003,1596,80.29,-0.1948457658290863,186448
141.16787719726562,186801,8,20756,915.8003969,-480.6720275878906,0.29622605443000793,0.0003,1600,79.53,0.05101345479488373,186700
156.32568359375,187101,8,20791,916.3956167199999,-481.76177978515625,0.3045494854450226,0.0003,1604,79.12,-0.03652331233024597,187000
176.13958740234375,187375,8,20824,917.0993559700001,-509.2807312011719,0.30207154154777527,0.0003,1608,78.87,0.11176558583974838,187274
131.79579162597656,187691,8,20861,917.10009558,-513.8265380859375,0.30256223678588867,0.0003,1612,78.95,-0.07724158465862274,187590
127.08667755126953,188106,8,20908,915.02463879,-481.3086853027344,0.3042438328266144,0.0003,1616,79.58,0.11422962695360184,188005
146.87734985351562,188440,8,20946,913.9625332000002,-494.0975341796875,0.30340760946273804,0.0003,1620,80.1,-0.7089279294013977,188339
126.04075622558594,188816,8,20989,911.6181005700001,-493.55584716796875,0.3045859932899475,0.0003,1624,81.13,-0.15301454067230225,188715
135.7832794189453,189131,8,21026,912.6225275700001,-500.75408935546875,0.30198943614959717,0.0003,1628,80.85,0.3452603816986084,189030
138.8276824951172,189430,8,21061,912.18737119,-524.5486450195312,0.29964712262153625,0.0003,1632,80.69,-0.18518835306167603,189329
125.20339965820312,189724,8,21096,912.6398388299998,-475.46160888671875,0.3021145761013031,0.0003,1636,80.51,0.010436296463012695,189623
144.22279357910156,190058,8,21134,912.03275282,-502.5099182128906,0.2980014979839325,0.0003,1640,80.71,-0.0037519261240959167,189957
177.956298828125,190411,8,21175,910.6893223,-489.88189697265625,0.3024725317955017,0.0003,1644,81.45,0.2790893018245697,190310
159.2024688720703,190668,8,21205,911.2576895399999,-510.84857177734375,0.3102808892726898,0.0003,1648,81.03,-0.33643898367881775,190567
144.4092254638672,191026,8,21246,909.72132329,-464.2857666015625,0.30140143632888794,0.0003,1652,81.67,-0.2726970314979553,190925
164.33218383789062,191327,8,21282,910.9984042,-490.22955322265625,0.292771577835083,0.0003,1656,80.94,-0.04343854635953903,191226
188.4031982421875,191648,8,21319,912.6428582200001,-500.66796875,0.29050782322883606,0.0003,1660,80.09,0.07269643247127533,191547
142.4430694580078,191964,8,21356,913.42355132,-473.0055847167969,0.29658955335617065,0.0003,1664,79.75,-0.24051712453365326,191863
193.242431640625,192245,8,21389,914.0535561800002,-534.1190795898438,0.28982308506965637,0.0003,1668,79.31,-0.20240840315818787,192144
119.43302154541016,192594,8,21429,914.4676487400002,-495.1428527832031,0.2910662591457367,0.0003,1672,79.22,0.043762028217315674,192493
137.70333862304688,192897,8,21464,915.10740454,-524.8114013671875,0.29011669754981995,0.0003,1676,78.83,0.19863033294677734,192796
149.71441650390625,193230,8,21503,914.9461211800001,-480.6935729980469,0.3014501631259918,0.0003,1680,78.84,-0.06972400099039078,193129
137.13182067871094,193535,8,21539,916.5788695400001,-494.02618408203125,0.2994307279586792,0.0003,1684,78.35,-0.24557583034038544,193434
190.88734436035156,193856,8,21576,916.59171919,-504.276123046875,0.2978370189666748,0.0003,1688,78.23,-0.1059788167476654,193755
125.95442962646484,194159,8,21612,915.4036710600001,-488.42291259765625,0.2932865619659424,0.0003,1692,78.83,-0.07501444220542908,194058
185.42637634277344,194501,8,21651,913.69371112,-493.4368896484375,0.2963484823703766,0.0003,1696,79.52,0.17704695463180542,194400
139.3418731689453,194802,8,21686,912.6221293299999,-484.46441650390625,0.300080806016922,0.0003,1700,80.01,-0.348501056432724,194701
137.676025390625,195131,8,21724,912.21602991,-486.38861083984375,0.3007628917694092,0.0003,1704,80.3,0.05432642996311188,195030
152.24435424804688,195489,8,21765,910.77653682,-479.84320068359375,0.29341667890548706,0.0003,1708,81.14,-0.038342878222465515,195388
156.42507934570312,195731,8,21795,912.40657943,-501.716796875,0.297176718711853,0.0003,1712,80.4,0.2720959186553955,195630
127.97901916503906,196079,8,21835,914.09819845,-501.07305908203125,0.2962513864040375,0.0003,1716,79.73,-0.43758636713027954,195978
213.97947692871094,196385,8,21871,914.7227911800001,-477.5407409667969,0.2932354807853699,0.0003,1720,79.45,0.08681575953960419,196284
169.4622802734375,196742,8,21911,915.26301187,-494.6448974609375,0.29886695742607117,0.0003,1724,79.26,-0.161036416888237,196641
109.24607849121094,197064,8,21949,914.8252333300001,-477.5408935546875,0.2993089556694031,0.0003,1728,79.33,0.292874813079834,196963
164.61215209960938,197365,8,21984,915.1505721399999,-479.764892578125,0.294758141040802,0.0003,1732,79.35,-0.11424630880355835,197264
139.00009155273438,197695,8,22022,914.18700312,-505.80596923828125,0.2968314588069916,0.0003,1736,79.71,0.07943086326122284,197594
127.07777404785156,198013,8,22059,914.5765767500001,-495.6690673828125,0.29423579573631287,0.0003,1740,79.55,0.11722225695848465,197912
145.82504272460938,198332,8,22096,915.10730614,-495.6607971191406,0.3009793162345886,0.0003,1744,79.21,-0.10175208002328873,198231
109.17408752441406,198674,8,22136,913.7207370499999,-476.0517578125,0.2956002652645111,0.0003,1748,80.06,-0.22886887192726135,198573
119.20916748046875,199007,8,22174,914.379501,-491.5833740234375,0.2974775433540344,0.0003,1752,79.81,0.25295525789260864,198906
158.5177001953125,199286,8,22207,914.91993545,-513.028564453125,0.3030676245689392,0.0003,1756,79.59,0.32154667377471924,199185
159.5172119140625,199700,8,22254,912.8796849200002,-509.70440673828125,0.3062305748462677,0.0003,1760,80.52,-0.024769503623247147,199599
298.7952880859375,199956,8,22285,913.5023497200001,-515.2896118164062,0.3087836802005768,0.0003,1764,79.92,-0.3458063304424286,199855
135.32070922851562,200258,8,22320,913.71333766,-521.3206787109375,0.2940270006656647,0.0003,1768,80.13,-0.1636345535516739,200157
147.0381317138672,200591,8,22359,914.4515619199999,-514.7857666015625,0.29423293471336365,0.0003,1772,79.97,-0.2292095571756363,200490
117.82220458984375,200904,8,22395,914.8422567999999,-486.317138671875,0.2908296287059784,0.0003,1776,80.07,-0.15142200887203217,200803
165.28530883789062,201216,8,22431,915.0199362,-486.4016418457031,0.2864086329936981,0.0003,1780,79.86,-0.06675826013088226,201115
195.14523315429688,201523,8,22467,914.90882165,-487.95465087890625,0.29759320616722107,0.0003,1784,79.88,0.3693840205669403,201422
135.3265380859375,201733,8,22493,916.99222219,-519.1107177734375,0.3026992678642273,0.0003,1788,78.77,-0.11263999342918396,201632
172.12509155273438,202130,8,22538,914.8505323800001,-486.59918212890625,0.2998597323894501,0.0003,1792,79.71,-0.06852807849645615,202029
127.29884338378906,202395,8,22570,916.3370128399999,-494.2554931640625,0.2967093288898468,0.0003,1796,78.94,-0.22325076162815094,202294
153.6436309814453,202737,8,22610,915.47139072,-518.9796142578125,0.2891669273376465,0.0003,1800,79.35,0.0973014235496521,202636
194.01739501953125,203033,8,22645,915.8729698899999,-529.8578491210938,0.2795567810535431,0.0003,1804,79.02,-0.4927709698677063,202932
137.25634765625,203369,8,22683,915.9898270799999,-491.63116455078125,0.2828619182109833,0.0003,1808,78.8,0.29852068424224854,203268
146.834228515625,203655,8,22717,915.56266376,-520.1300048828125,0.2812972664833069,0.0003,1812,79.24,0.1810019463300705,203554
146.92904663085938,203901,8,22747,917.6071858700001,-486.1024169921875,0.2920435070991516,0.0003,1816,78.22,-0.10224020481109619,203800
154.7046356201172,204209,8,22782,917.4136947800001,-509.7745361328125,0.29522547125816345,0.0003,1820,78.24,-0.2734376788139343,204108
147.55654907226562,204527,8,22819,918.3673055199998,-483.37908935546875,0.29619166254997253,0.0003,1824,77.85,0.03985964506864548,204426
122.59333801269531,204858,8,22858,918.6214225,-527.9400634765625,0.2943703830242157,0.0003,1828,77.94,-0.1762530356645584,204757
157.8579864501953,205145,8,22892,918.8083167700001,-512.0494384765625,0.2965784966945648,0.0003,1832,77.8,-0.033421289175748825,205044
106.23165130615234,205438,8,22926,919.6871211899997,-473.2403259277344,0.29202017188072205,0.0003,1836,77.43,-0.07951835542917252,205337
144.8316650390625,205768,8,22964,919.6814660599998,-478.208740234375,0.2938815951347351,0.0003,1840,77.55,0.10965770483016968,205667
118.40739440917969,206067,8,22999,920.1705340999999,-512.90185546875,0.29194197058677673,0.0003,1844,77.35,-0.13130049407482147,205966
194.73739624023438,206328,8,23030,921.57315085,-513.9573974609375,0.28901422023773193,0.0003,1848,76.54,-0.04741331562399864,206227
136.31837463378906,206652,8,23068,921.82633554,-489.3375244140625,0.28646883368492126,0.0003,1852,76.45,-0.2052503526210785,206551
142.52490234375,206971,8,23105,921.3177520100002,-473.13153076171875,0.2868010699748993,0.0003,1856,76.85,-0.17454108595848083,206870
126.32937622070312,207388,8,23152,921.1805000100003,-491.5901794433594,0.28982630372047424,0.0003,1860,76.88,-0.14717362821102142,207287
115.26820373535156,207686,8,23187,920.5082936,-508.10443115234375,0.2912774682044983,0.0003,1864,77.3,-0.48864004015922546,207585
123.66755676269531,207953,8,23219,920.7701442100001,-504.6551513671875,0.2899908721446991,0.0003,1868,76.95,0.3676517605781555,207852
167.6478271484375,208245,8,23254,921.3008385599999,-473.77423095703125,0.2918945550918579,0.0003,1872,76.54,0.24746540188789368,208144
147.01852416992188,208509,8,23285,921.7846547500002,-516.4254150390625,0.2952790856361389,0.0003,1876,76.05,0.21200117468833923,208408
155.96182250976562,208861,8,23326,921.55228516,-498.50225830078125,0.2905602753162384,0.0003,1880,76.45,0.15444132685661316,208760
176.49603271484375,209166,8,23361,921.8864882800001,-501.28466796875,0.2862260639667511,0.0003,1884,76.43,0.1700499951839447,209065
125.23616027832031,209430,8,23393,921.5180871600002,-517.9839477539062,0.2882912755012512,0.0003,1888,76.97,0.41121330857276917,209329
161.73080444335938,209793,8,23435,923.1270533900001,-526.2552490234375,0.28948330879211426,0.0003,1892,76.63,-0.06231088191270828,209692
114.36910247802734,210144,8,23475,921.10925258,-476.1305236816406,0.28928127884864807,0.0003,1896,77.49,0.2564261555671692,210043
169.57423400878906,210499,8,23516,921.06810825,-484.44366455078125,0.28795844316482544,0.0003,1900,77.62,-0.015640579164028168,210398
131.5523681640625,210839,8,23555,920.4443279799999,-528.6513671875,0.2760172188282013,0.0003,1904,78.06,-0.11711515486240387,210738
130.375732421875,211125,8,23589,921.2580495700001,-499.87298583984375,0.28534117341041565,0.0003,1908,77.56,0.1482083797454834,211024
163.10134887695312,211395,8,23621,920.7557418499999,-514.0339965820312,0.2818422019481659,0.0003,1912,77.4,-0.47094494104385376,211294
150.67178344726562,211739,8,23661,919.3127592699998,-517.2129516601562,0.27932578325271606,0.0003,1916,78.38,-0.10528022050857544,211638
215.09471130371094,212057,8,23698,919.29570733,-520.39990234375,0.2798304557800293,0.0003,1920,78.48,-0.2021559476852417,211956
166.75538635253906,212422,8,23740,918.34437634,-524.602783203125,0.2815207540988922,0.0003,1924,78.95,0.010257050395011902,212321
102.58255004882812,212778,8,23781,917.40171983,-523.9578857421875,0.2849913239479065,0.0003,1928,79.2,0.06482212245464325,212677
250.65753173828125,213112,8,23819,916.4246479,-528.6594848632812,0.28872978687286377,0.0003,1932,79.67,-0.1430261731147766,213011
167.19064331054688,213448,8,23858,915.5611217899999,-508.154541015625,0.2845129072666168,0.0003,1936,80.1,-0.14630840718746185,213347
1397.77099609375,213799,8,23898,915.3022949200002,-499.84820556640625,0.2867148220539093,0.0003,1940,80.31,-0.1605435162782669,213698
140.76870727539062,214130,8,23937,914.8222183200003,-515.5455322265625,0.2855999767780304,0.0003,1944,80.63,-0.3998405635356903,214029
126.41211700439453,214451,8,23974,913.39386927,-509.1031494140625,0.2819767892360687,0.0003,1948,81.23,0.08874617516994476,214350
150.45884704589844,214774,8,24012,912.96958835,-484.56878662109375,0.2933593988418579,0.0003,1952,81.22,-0.1942303478717804,214673
148.64369201660156,215073,8,24047,912.99205063,-507.2024841308594,0.2893485724925995,0.0003,1956,81.02,-0.10778850317001343,214972
150.6513214111328,215488,8,24094,913.05452892,-484.0225830078125,0.2861836552619934,0.0003,1960,81.0,-0.4193304181098938,215387
185.5093231201172,215845,8,24135,912.65853838,-493.39093017578125,0.2725875675678253,0.0003,1964,81.59,0.08938352763652802,215744
164.62921142578125,216190,8,24174,910.5594185699999,-491.8336181640625,0.27214401960372925,0.0003,1968,82.37,0.01788167655467987,216089
171.53091430664062,216505,8,24211,910.0818216200001,-491.92340087890625,0.2712474763393402,0.0003,1972,82.6,-0.029162440448999405,216404
138.31185913085938,216763,8,24242,910.5542402499999,-499.6632080078125,0.2795582413673401,0.0003,1976,82.54,0.1687190979719162,216662
164.10662841796875,217080,8,24279,910.66647831,-481.6951904296875,0.27112147212028503,0.0003,1980,82.19,-0.06671001017093658,216979
124.50712585449219,217461,8,24322,908.5615573799998,-542.062744140625,0.2744672894477844,0.0003,1984,82.95,0.13666749000549316,217360
106.34981536865234,217784,8,24360,907.28190175,-499.9972839355469,0.27493083477020264,0.0003,1988,83.54,0.5262149572372437,217683
143.16909790039062,218088,8,24395,907.5846709900001,-511.0562744140625,0.27116861939430237,0.0003,1992,82.95,-0.2705715298652649,217987
175.33224487304688,218408,8,24432,908.50025095,-530.42138671875,0.2736184895038605,0.0003,1996,82.64,0.04330878704786301,218307
143.99270629882812,218688,8,24466,909.7179691599999,-535.076904296875,0.2691340446472168,0.0003,2000,81.89,-0.2868174910545349,218587
122.01406860351562,219012,8,24504,909.59973567,-519.0494384765625,0.2805188298225403,0.0003,2004,81.73,-0.36107268929481506,218911
129.67747497558594,219347,8,24542,908.9033920100001,-509.26202392578125,0.2819535434246063,0.0003,2008,82.22,0.026015007868409157,219246
186.74716186523438,219656,8,24578,908.5537281100001,-528.99609375,0.28336554765701294,0.0003,2012,82.61,0.0274464413523674,219555
166.6272430419922,219992,8,24617,909.0610968599999,-505.7707214355469,0.2785082161426544,0.0003,2016,82.53,-0.45301297307014465,219891
120.47335815429688,220272,8,24650,909.8759493199999,-497.9559020996094,0.27487438917160034,0.0003,2020,82.15,0.12418045103549957,220171
128.38824462890625,220637,8,24692,909.7289024499999,-505.91680908203125,0.2832861840724945,0.0003,2024,82.15,-0.0475163459777832,220536
121.38517761230469,220974,8,24731,910.5548525999999,-524.2640991210938,0.28241029381752014,0.0003,2028,81.96,-0.28346067667007446,220873
146.77975463867188,221269,8,24765,910.9869721800001,-505.7296142578125,0.2807656228542328,0.0003,2032,81.57,0.07011614739894867,221168
122.07504272460938,221598,8,24803,911.15338052,-475.415283203125,0.2846081554889679,0.0003,2036,81.5,0.2078169882297516,221497
118.23001098632812,221898,8,24838,911.3484223399998,-512.6876220703125,0.28589531779289246,0.0003,2040,80.99,-0.14007686078548431,221797
160.23532104492188,222244,8,24878,910.8967677599998,-516.3931884765625,0.2754283547401428,0.0003,2044,81.14,-0.0016117021441459656,222143
102.75997924804688,222547,8,24914,911.25044463,-527.7120361328125,0.27442610263824463,0.0003,2048,80.96,-0.04348592087626457,222446
134.5244140625,222864,8,24951,911.7658029500001,-502.86492919921875,0.273214727640152,0.0003,2052,80.9,0.025364750996232033,222763
180.43707275390625,223093,8,24979,912.8482176099999,-497.22039794921875,0.2701227366924286,0.0003,2056,80.2,0.250197172164917,222992
129.16513061523438,223395,8,25014,915.3254900599999,-524.9686889648438,0.2742573618888855,0.0003,2060,79.07,-0.2511206567287445,223294
131.7360382080078,223708,8,25051,915.7812945999999,-521.9708251953125,0.27055689692497253,0.0003,2064,78.63,-0.5927623510360718,223607
200.09471130371094,224032,8,25088,916.6930595600003,-481.95556640625,0.2726627290248871,0.0003,2068,78.42,-0.21501436829566956,223931
118.75192260742188,224390,8,25129,916.0436143400002,-481.68597412109375,0.2811446189880371,0.0003,2072,78.85,-0.5267559289932251,224289
135.4110565185547,224754,8,25171,914.0630843199999,-495.8115234375,0.27727773785591125,0.0003,2076,79.91,0.017207004129886627,224653
118.03898620605469,225122,8,25213,913.0706508799999,-515.5349731445312,0.27815619111061096,0.0003,2080,80.42,-0.06319227814674377,225021
139.34469604492188,225419,8,25248,914.9534045899999,-498.2489929199219,0.27789145708084106,0.0003,2084,79.58,-0.14361613988876343,225318
151.06321716308594,225708,8,25282,915.24539384,-479.12445068359375,0.28033480048179626,0.0003,2088,79.24,-0.09856584668159485,225607
115.94459533691406,225991,8,25316,915.55190388,-548.1705322265625,0.2775638699531555,0.0003,2092,79.03,0.10991963744163513,225890
114.24457550048828,226286,8,25350,916.11935299,-531.0454711914062,0.27121859788894653,0.0003,2096,78.78,0.03181838244199753,226185
135.63067626953125,226645,8,25391,914.81153688,-523.746337890625,0.27509045600891113,0.0003,2100,79.57,0.17998284101486206,226544
139.2401885986328,226979,8,25430,914.6955064300001,-519.2699584960938,0.275838166475296,0.0003,2104,79.67,-0.6261751651763916,226878
168.74742126464844,227321,8,25469,914.38717176,-510.78814697265625,0.27493786811828613,0.0003,2108,79.74,-0.11416997015476227,227220
106.81604766845703,227632,8,25506,914.9679693000002,-509.8970947265625,0.2692275047302246,0.0003,2112,79.76,0.2446368783712387,227531
123.80018615722656,227981,8,25546,913.94044898,-502.20953369140625,0.26734083890914917,0.0003,2116,79.89,-0.10749635100364685,227880
139.1676025390625,228232,8,25576,914.2864045700002,-529.6435546875,0.26020506024360657,0.0003,2120,79.6,0.13772395253181458,228131
105.28520202636719,228555,8,25613,915.16165971,-533.6896362304688,0.2657909393310547,0.0003,2124,79.18,0.26079174876213074,228454
160.77252197265625,228901,8,25653,914.65612835,-525.60302734375,0.26586630940437317,0.0003,2128,79.27,0.22396045923233032,228800
145.42257690429688,229236,8,25692,913.9931657100001,-512.8211669921875,0.2672958970069885,0.0003,2132,79.67,0.08935534954071045,229135
154.63150024414062,229613,8,25735,913.21480339,-515.1444702148438,0.2649288475513458,0.0003,2136,80.15,-0.07806727290153503,229512
172.35670471191406,229921,8,25771,913.77853676,-521.4806518554688,0.2641553282737732,0.0003,2140,80.23,0.25448232889175415,229820
119.05703735351562,230229,8,25807,914.22136183,-510.2157287597656,0.2726674973964691,0.0003,2144,79.85,-0.15925554931163788,230128
115.30409240722656,230573,8,25847,913.8166388999999,-525.3438110351562,0.26771408319473267,0.0003,2148,80.26,-0.2680582106113434,230472
690.323486328125,230910,8,25886,913.1031605,-515.1270141601562,0.2680143415927887,0.0003,2152,80.46,-0.05528721213340759,230809
164.46908569335938,231223,8,25922,911.6126767600002,-514.4449462890625,0.2609867751598358,0.0003,2156,81.3,-0.03943688049912453,231122
129.99490356445312,231600,8,25965,909.85717957,-509.0941162109375,0.26206210255622864,0.0003,2160,82.05,0.20406636595726013,231499
109.73361206054688,231959,8,26006,908.76827631,-521.3259887695312,0.2647116780281067,0.0003,2164,82.51,0.22326040267944336,231858
133.31341552734375,232192,8,26034,910.35180689,-513.2201538085938,0.2608565390110016,0.0003,2168,81.6,0.15427479147911072,232091
145.90127563476562,232508,8,26071,911.12366205,-512.13623046875,0.2616264820098877,0.0003,2172,81.18,-0.2907413840293884,232407
119.3517074584961,232800,8,26105,912.2435299900001,-513.99169921875,0.26783332228660583,0.0003,2176,80.46,0.13514567911624908,232699
117.06040954589844,233186,8,26149,912.05247124,-540.68505859375,0.2752644419670105,0.0003,2180,80.64,-0.06981991231441498,233085
144.58062744140625,233581,8,26194,910.0591888099999,-498.11041259765625,0.27178990840911865,0.0003,2184,81.62,-0.09409712255001068,233480
190.70114135742188,233909,8,26232,909.39160915,-501.201171875,0.2802218794822693,0.0003,2188,82.01,-0.13855524361133575,233808
101.35662841796875,234218,8,26268,909.16003529,-513.184326171875,0.278703510761261,0.0003,2192,82.27,0.027827590703964233,234117
141.90859985351562,234574,8,26309,907.98722039,-516.2103271484375,0.27514660358428955,0.0003,2196,82.88,-0.042373161762952805,234473
121.18550109863281,234913,8,26348,908.30949578,-516.76708984375,0.2654043734073639,0.0003,2200,82.68,-0.05693664774298668,234812
194.0579833984375,235220,8,26384,908.8078502,-502.73760986328125,0.2657085061073303,0.0003,2204,82.41,-0.21803978085517883,235119
115.34724426269531,235549,8,26422,908.9364626700001,-527.0903930664062,0.27119681239128113,0.0003,2208,82.28,-0.09264008700847626,235448
162.88204956054688,235874,8,26460,908.5476409600001,-542.700927734375,0.2631298899650574,0.0003,2212,82.42,-0.11319288611412048,235773
138.1378173828125,236171,8,26494,909.4527611899998,-526.8578491210938,0.2565150558948517,0.0003,2216,81.9,0.23869425058364868,236070
156.04876708984375,236451,8,26528,909.0404985499999,-520.9288940429688,0.2595785856246948,0.0003,2220,82.19,-0.09585154056549072,236350
128.28663635253906,236739,8,26562,909.4652025600001,-545.9970703125,0.2607616186141968,0.0003,2224,81.84,-0.12006990611553192,236638
137.62786865234375,237153,8,26608,908.6967816799998,-514.4063720703125,0.26190638542175293,0.0003,2228,82.52,0.22599421441555023,237052
112.35111999511719,237471,8,26645,909.2729785399999,-532.113037109375,0.27106496691703796,0.0003,2232,82.35,-0.16216355562210083,237370
121.6408462524414,237805,8,26684,910.0032409699998,-525.9561767578125,0.271392285823822,0.0003,2236,81.92,-0.1612941026687622,237704
123.39350891113281,238176,8,26726,907.88011345,-550.62255859375,0.27492213249206543,0.0003,2240,82.55,0.14898206293582916,238075
122.28388977050781,238522,8,26766,907.4022557799998,-513.846923828125,0.2761562466621399,0.0003,2244,82.93,0.04276397451758385,238421
115.75423431396484,238823,8,26801,908.0263302800001,-532.7784423828125,0.26630762219429016,0.0003,2248,82.5,0.02223103865981102,238722
137.75445556640625,239140,8,26838,908.6829876200001,-516.5902099609375,0.26905709505081177,0.0003,2252,82.3,0.3202114701271057,239039
132.22438049316406,239477,8,26877,908.2909107500001,-512.2236328125,0.26447197794914246,0.0003,2256,82.54,0.0639582946896553,239376
153.4603729248047,239828,8,26917,909.3206932300001,-507.3134460449219,0.26593083143234253,0.0003,2260,82.28,0.005360759794712067,239727
168.16966247558594,240058,8,26946,911.6325830999999,-510.56256103515625,0.27028656005859375,0.0003,2264,80.99,0.2987251579761505,239957
128.64300537109375,240405,8,26985,910.0240541699999,-518.1917114257812,0.2670218348503113,0.0003,2268,82.13,-0.0183502659201622,240304
173.9706268310547,240678,8,27018,910.3925845400001,-511.0802917480469,0.2591835856437683,0.0003,2272,81.7,0.08343122899532318,240577
87.219482421875,240984,8,27054,910.18995044,-538.8202514648438,0.2608032524585724,0.0003,2276,81.84,-0.14347100257873535,240883
3097.79345703125,241321,8,27093,910.6685150500001,-506.85546875,0.26594001054763794,0.0003,2280,81.35,-0.44746971130371094,241220
163.18971252441406,241691,8,27135,910.73141441,-527.2511596679688,0.26797977089881897,0.0003,2284,81.1,0.10487030446529388,241590
142.3448486328125,241948,8,27166,912.1557586700001,-517.7403564453125,0.2707363963127136,0.0003,2288,80.39,0.05231226235628128,241847
150.87847900390625,242307,8,27207,911.5802176499998,-526.8093872070312,0.26104435324668884,0.0003,2292,80.89,0.21630093455314636,242206
128.10189819335938,242645,8,27246,911.49249472,-531.4466552734375,0.264117956161499,0.0003,2296,80.71,-0.3192870616912842,242544
118.22113037109375,242903,8,27277,912.82152764,-549.8866577148438,0.26389074325561523,0.0003,2300,79.9,0.17540322244167328,242802
129.99557495117188,243172,8,27309,913.6191308,-524.0523681640625,0.26900559663772583,0.0003,2304,79.52,0.07171416282653809,243071
143.82928466796875,243493,8,27346,913.98204432,-529.74560546875,0.25419604778289795,0.0003,2308,79.44,0.3798677921295166,243392
100.23037719726562,243787,8,27381,914.40559452,-502.73907470703125,0.25982028245925903,0.0003,2312,79.13,-0.008558038622140884,243686
146.80062866210938,244115,8,27419,913.46522337,-533.598388671875,0.2561933696269989,0.0003,2316,79.44,0.25180360674858093,244014
170.99124145507812,244449,8,27457,912.1177733699999,-497.4625244140625,0.2597740590572357,0.0003,2320,79.98,0.06447450816631317,244348
142.95547485351562,244743,8,27492,912.83672981,-562.9651489257812,0.2551496624946594,0.0003,2324,80.04,-0.24033796787261963,244642
128.25222778320312,244987,8,27521,915.6636014799999,-527.5376586914062,0.25567826628685,0.0003,2328,78.34,0.05599416047334671,244886
149.2685546875,245288,8,27557,915.8892559000001,-523.8865966796875,0.2501744329929352,0.0003,2332,78.17,0.196298748254776,245187
335.78326416015625,245599,8,27593,916.41751951,-541.4845581054688,0.2538325786590576,0.0003,2336,77.94,0.1679195761680603,245498
133.46435546875,245872,8,27626,919.1863545199999,-521.802001953125,0.25650084018707275,0.0003,2340,76.96,0.055841460824012756,245771
122.38304138183594,246239,8,27667,918.7777494500001,-532.0949096679688,0.2582804262638092,0.0003,2344,77.17,-0.0641915425658226,246138
110.86532592773438,246567,8,27705,918.1290941800002,-544.62841796875,0.25616827607154846,0.0003,2348,77.44,0.17523294687271118,246466
117.01531982421875,246836,8,27738,918.9452679599999,-514.189208984375,0.25627315044403076,0.0003,2352,76.96,-0.2493336796760559,246735
181.98333740234375,247133,8,27773,919.7823293900001,-514.8511352539062,0.2565408945083618,0.0003,2356,76.56,0.23046354949474335,247032
144.01971435546875,247450,8,27810,920.46575476,-535.984375,0.25773000717163086,0.0003,2360,76.22,0.24942222237586975,247349
130.30567932128906,247798,8,27850,918.0360816699999,-548.39990234375,0.2553589940071106,0.0003,2364,77.4,0.25916025042533875,247697
114.0420913696289,248124,8,27887,917.9652161599998,-498.0071105957031,0.257925420999527,0.0003,2368,77.19,0.16583134233951569,248023
107.56512451171875,248404,8,27921,917.6336245199999,-519.9671630859375,0.2583160996437073,0.0003,2372,77.26,-0.40942683815956116,248303
143.17926025390625,248664,8,27952,918.60725934,-523.1488037109375,0.2597745358943939,0.0003,2376,76.8,-0.17661014199256897,248563
194.92654418945312,248997,8,27990,919.6807094399998,-520.6625366210938,0.2645218074321747,0.0003,2380,76.76,-0.28996407985687256,248896
118.94720458984375,249262,8,28022,922.06449759,-524.2789916992188,0.26950138807296753,0.0003,2384,75.71,0.09452934563159943,249161
119.83644104003906,249591,8,28060,920.4778265400003,-521.7549438476562,0.2666095495223999,0.0003,2388,76.43,0.5660175681114197,249490
98.61100769042969,249970,8,28103,920.0439254300001,-513.2303466796875,0.26309698820114136,0.0003,2392,76.63,0.26303210854530334,249869
