time/fps,time/time_elapsed,time/total_timesteps,time/iterations,rollout/ep_len_mean,rollout/ep_rew_mean,train/explained_variance,train/entropy_loss,train/loss,train/std,train/value_loss,train/clip_fraction,train/n_updates,train/learning_rate,train/policy_gradient_loss,train/approx_kl,train/clip_range
9,213,2048,1,390.8,-1230.9905204000002,,,,,,,,,,,
9,427,4096,2,443.8888888888889,-1385.5448077777776,-0.0005826950073242188,-2.8449871994555,2566.53955078125,1.0088653564453125,6522.846562576294,0.03310546875,10,0.0003,-0.003911868846626021,0.0035080907,0.2
9,642,6144,3,437.2142857142857,-1340.0229595714284,-0.0006803274154663086,-2.8623017594218254,3268.363037109375,1.0147695541381836,5428.374198913574,0.0353515625,20,0.0003,-0.006543873458576854,0.0052434434,0.2
9,856,8192,4,405.6666666666667,-1263.1693266111113,-0.0003236532211303711,-2.8691378384828568,1478.534912109375,1.0153136253356934,6231.471370506287,0.016259765625,30,0.0003,-0.004481050875619985,0.003207927,0.2
9,1073,10240,5,413.9166666666667,-1108.86574475,-8.58306884765625e-05,-2.852943382412195,1272.8624267578125,0.9984485507011414,5442.072891044617,0.015478515625,40,0.0003,-0.003610775718698278,0.0043554287,0.2
9,1286,12288,6,431.2142857142857,-1159.1488937857143,-6.198883056640625e-06,-2.824402667582035,9121.9609375,0.9938082695007324,17401.403916549683,0.086865234375,50,0.0003,-0.0037800896316184662,0.00453316,0.2
9,1497,14336,7,465.56666666666666,-1146.0886353,-0.004959583282470703,-2.823880398273468,1555.9891357421875,0.9927257299423218,4749.631219100952,0.011376953125,60,0.0003,-0.0023769559040374586,0.0028380458,0.2
9,1710,16384,8,470.27272727272725,-1176.3229695454545,-0.00041794776916503906,-2.8250497080385686,150.97183227539062,0.9947440028190613,4960.8084444999695,0.15673828125,70,0.0003,0.005779278207046446,0.027745696,0.2
9,1922,18432,9,502.30555555555554,-1326.5213574444444,3.337860107421875e-06,-2.8232917934656143,1343.677490234375,0.992961049079895,3928.4050159454346,0.083447265625,80,0.0003,0.0007626474573044107,0.0037258156,0.2
9,2136,20480,10,508.475,-1324.466986575,-9.894371032714844e-06,-2.821603013575077,2440.745361328125,0.9918391704559326,3721.0312789916993,0.000341796875,90,0.0003,-0.0012962243832589592,0.0012390333,0.2
9,2347,22528,11,531.9285714285714,-1351.300859690476,-1.3470649719238281e-05,-2.811623025685549,974.26123046875,0.9853342771530151,8665.5488822937,0.042822265625,100,0.0003,-0.0025422731327125804,0.004208597,0.2
9,2558,24576,12,553.25,-1395.5866225454545,-0.00011026859283447266,-2.804097398370504,254.3501434326172,0.9825670123100281,578.828844833374,0.011279296875,110,0.0003,-0.002368291011225665,0.0030084646,0.2
9,2771,26624,13,558.0212765957447,-1360.6774879999998,-4.649162292480469e-06,-2.798063423484564,358.88763427734375,0.9790743589401245,931.9745079040528,0.021240234375,120,0.0003,-0.0036806443604291417,0.0036921068,0.2
9,2982,28672,14,576.1020408163265,-1405.1304528979592,-1.9073486328125e-06,-2.8091710053384302,485.8946533203125,0.9944072961807251,6139.418123531342,0.105126953125,130,0.0003,0.00038605672525591215,0.012110608,0.2
9,3194,30720,15,587.5576923076923,-1447.7026827115383,-1.4901161193847656e-05,-2.8207533858716487,437.2506103515625,0.9908848404884338,1134.7526720046997,0.014404296875,140,0.0003,-0.0035659212124301122,0.0027454447,0.2
9,3405,32768,16,602.8703703703703,-1481.3718379444445,-1.3470649719238281e-05,-2.8169587433338164,573.7182006835938,0.9914219379425049,2385.0596450805665,0.001025390625,150,0.0003,-0.0014728103204106446,0.0018082903,0.2
9,3617,34816,17,617.0892857142857,-1516.7163418928571,-1.8596649169921875e-05,-2.819075247645378,264.4965515136719,0.9929097890853882,576.3271927833557,0.0193359375,160,0.0003,-0.00416200707986718,0.0031207297,0.2
9,3828,36864,18,619.3275862068965,-1524.3339741896552,-3.0994415283203125e-06,-2.817560742795467,179.69717407226562,0.9894546866416931,480.3451867580414,0.027587890625,170,0.0003,-0.004211202973965556,0.0038110092,0.2
9,4040,38912,19,629.311475409836,-1505.388755147541,-1.6689300537109375e-06,-2.8173109978437423,328.6071472167969,0.9941760897636414,1028.7526760578155,0.02060546875,180,0.0003,-0.002487371623283252,0.0024130256,0.2
9,4252,40960,20,641.1111111111111,-1511.0984941428571,-1.1920928955078125e-07,-2.8269905894994736,125.02430725097656,0.9982150197029114,5519.596781158447,0.150830078125,190,0.0003,0.0036164603268844077,0.011936922,0.2
9,4463,43008,21,652.1846153846154,-1534.4125741846153,-5.960464477539062e-07,-2.8341894686222076,67.34819793701172,1.0002894401550293,206.14160711765288,0.0201171875,200,0.0003,-0.005241287041280884,0.0047606807,0.2
9,4674,45056,22,662.5970149253732,-1547.1908945522387,-3.0994415283203125e-06,-2.8317278288304806,109.3017349243164,0.9965901374816895,329.4429668903351,0.022607421875,210,0.0003,-0.004682904564833734,0.0048954682,0.2
9,4885,47104,23,672.4057971014493,-1536.9140466086958,-1.1920928955078125e-06,-2.8209629967808723,114.69963073730469,0.9931321144104004,201.99525249004364,0.104296875,220,0.0003,0.0009021111676702276,0.008288298,0.2
9,5096,49152,24,679.4507042253521,-1555.889450380282,-4.76837158203125e-07,-2.8071630261838436,51.91049575805664,0.9821250438690186,117.62445600032807,0.06357421875,230,0.0003,-0.003901061453507282,0.005960363,0.2
9,5307,51200,25,688.2602739726027,-1579.9894219863013,-4.76837158203125e-07,-2.794087415933609,1804.3037109375,0.9805736541748047,1133.6638345718384,0.000634765625,240,0.0003,-0.0013040174490015488,0.0019933693,0.2
9,5520,53248,26,700.6052631578947,-1603.4904709473685,-3.5762786865234375e-06,-2.792902061343193,42.01976013183594,0.9797630310058594,163.8866944670677,0.006298828125,250,0.0003,-0.002250847165851155,0.0024052062,0.2
9,5731,55296,27,708.3076923076923,-1605.876432974359,-5.960464477539062e-07,-2.7934492081403732,125.8498306274414,0.9819466471672058,286.4694761276245,0.0078125,260,0.0003,-0.002294298754713964,0.003989092,0.2
9,5942,57344,28,715.625,-1605.9571526124998,5.364418029785156e-07,-2.8148594081401823,45.51203155517578,0.9969449043273926,101.84457421302795,0.109912109375,270,0.0003,-0.0022217170408111997,0.0073071974,0.2
9,6153,59392,29,722.5853658536586,-1624.066279817073,-3.933906555175781e-06,-2.836031809449196,64.40227508544922,1.0032997131347656,101.59590917825699,0.0876953125,280,0.0003,-0.005466208401776385,0.00720105,0.2
9,6365,61440,30,729.2142857142857,-1642.159875392857,-2.384185791015625e-07,-2.839257097244263,98.92852783203125,1.002619981765747,218.49880685806275,0.0044921875,290,0.0003,-0.0014556830348738004,0.003194741,0.2
9,6582,63488,31,732.0116279069767,-1648.1897593837205,-1.1920928955078125e-06,-2.8408974751830103,78.65006256103516,1.005309820175171,195.72180752754213,0.00517578125,300,0.0003,-0.0024395337895839475,0.0029262872,0.2
9,6792,65536,32,738.125,-1654.6684437727274,-1.430511474609375e-06,-2.8461858361959456,76.37722778320312,1.0126582384109497,704.241974234581,0.04677734375,310,0.0003,0.0007059909054078162,0.004330569,0.2
9,7003,67584,33,743.9666666666667,-1656.1271694444447,4.76837158203125e-07,-2.860170631855726,94.47618103027344,1.0127348899841309,176.09548654556275,0.03525390625,320,0.0003,-0.0013889186273445375,0.0034440528,0.2
9,7214,69632,34,749.554347826087,-1661.4167037934783,1.1920928955078125e-07,-2.8468452796339987,67.05877685546875,0.9974571466445923,141.46082735061646,0.05966796875,330,0.0003,-0.004992821312043816,0.0043061306,0.2
9,7427,71680,35,748.4842105263158,-1646.8983509473683,5.960464477539063e-08,-2.8383502744138243,48.3778190612793,1.002571702003479,114.88333122730255,0.0615234375,340,0.0003,-0.002813238388625905,0.0036485372,0.2
9,7638,73728,36,753.6907216494845,-1649.0742025979382,-2.384185791015625e-07,-2.83483110666275,878.4501342773438,0.9983496069908142,6251.433540821075,0.06376953125,350,0.0003,-0.002524573042319389,0.01089236,0.2
9,7849,75776,37,758.6868686868687,-1651.0223409797977,-1.1920928955078125e-07,-2.8251291938126086,69.93724060058594,0.9950063824653625,183.90199415683747,0.08271484375,360,0.0003,-0.001798495323600946,0.008513872,0.2
9,8060,77824,38,762.95,-1639.1321772799995,0.00014775991439819336,-2.822693222761154,23.859222412109375,0.9935705661773682,82.58361822366714,0.027001953125,370,0.0003,-0.0013043464030488394,0.0035433318,0.2
9,8271,79872,39,778.09,-1676.6897268399998,0.10513514280319214,-2.822042679041624,74.95536041259766,0.9937384724617004,142.44605848789215,0.00478515625,380,0.0003,-0.001978817005874589,0.0019122281,0.2
9,8482,81920,40,791.62,-1698.5068678799998,-0.2344733476638794,-2.823471635580063,20.8530330657959,0.9951357245445251,119.60924777984619,0.00654296875,390,0.0003,-0.0017746573634212837,0.0026605688,0.2
9,8692,83968,41,802.57,-1719.6069452000002,-0.049157023429870605,-2.8222329400479795,51.2685546875,0.992053747177124,105.85778130888939,0.053369140625,400,0.0003,-0.00475151797872968,0.0069530634,0.2
9,8903,86016,42,811.25,-1728.5433302500003,0.12288212776184082,-2.82077491953969,40.505531311035156,0.9943631887435913,118.55388333797455,0.02431640625,410,0.0003,-0.0012845232529798522,0.004131606,0.2
9,9114,88064,43,820.66,-1750.3424395900001,0.27231311798095703,-2.820688171684742,34.4324836730957,0.9910436868667603,140.68092181682587,0.00107421875,420,0.0003,-0.0011420226022892167,0.0017921268,0.2
9,9325,90112,44,834.76,-1768.36830755,-0.020736336708068848,-2.817171001434326,36.025543212890625,0.9913325905799866,124.13611396551133,0.001513671875,430,0.0003,-0.000893541518598795,0.0020860638,0.2
9,9538,92160,45,853.19,-1800.56276981,0.35397809743881226,-2.8155349738895894,82.84394073486328,0.9888763427734375,85.51412568092346,0.0119140625,440,0.0003,-0.002227793596466654,0.0031091091,0.2
9,9749,94208,46,868.27,-1823.95890859,-0.14828622341156006,-2.811688157171011,77.5719985961914,0.9878125786781311,123.65402013063431,0.011669921875,450,0.0003,-0.0012382451677694917,0.0020071755,0.2
9,9960,96256,47,872.85,-1817.7976576,0.4035235047340393,-2.8089617542922496,33.9284553527832,0.9861113429069519,103.11960436105728,0.00732421875,460,0.0003,-0.001882033895526547,0.0021944833,0.2
9,10171,98304,48,887.36,-1842.03172934,0.04349029064178467,-2.8071046873927115,4176.56591796875,0.9863579273223877,4509.399780154228,0.0,470,0.0003,-0.0003196452606061939,0.00044766814,0.2
9,10382,100352,49,898.1,-1869.6757939800002,0.4265907406806946,-2.80734428986907,53.92778396606445,0.9862778782844543,248.44758100509642,0.016357421875,480,0.0003,-0.0033268081169808283,0.0046040574,0.2
9,10593,102400,50,904.04,-1879.7330610899999,0.7946292757987976,-2.808262162655592,15.584747314453125,0.9869818687438965,67.0365402907133,0.005078125,490,0.0003,-0.002760914254031377,0.002398305,0.2
9,10804,104448,51,916.74,-1902.5958483099998,0.562749832868576,-2.811898113787174,17.97928237915039,0.9903541803359985,64.87229698300362,0.00390625,500,0.0003,-0.0019315524070407264,0.0020587496,0.2
9,11016,106496,52,915.34,-1894.5778972599999,0.8915318995714188,-2.8163948588073255,27.843088150024414,0.9911031723022461,106.84029479026795,0.011376953125,510,0.0003,-0.0017932101611222607,0.002665047,0.2
9,11227,108544,53,929.07,-1920.41511917,0.19356149435043335,-2.8173765994608404,312.6415100097656,0.9912552833557129,4810.018084359169,0.000537109375,520,0.0003,-0.0011755786756111775,0.0019324467,0.2
9,11438,110592,54,923.02,-1869.9690944800002,0.5092986226081848,-2.81689567938447,63.3218879699707,0.9905403852462769,746.1552482962609,0.0134765625,530,0.0003,-0.002442522487035603,0.0050067706,0.2
9,11650,112640,55,928.08,-1844.76819709,0.1740666627883911,-2.8159774422645567,162.76077270507812,0.9904500246047974,4384.82148797512,0.0,540,0.0003,-0.0005329814179276582,0.0004163468,0.2
9,11862,114688,56,928.21,-1839.4037740499998,0.06799978017807007,-2.8161572337150576,103.12132263183594,0.9907585978507996,5222.667460489273,0.0017578125,550,0.0003,-0.0007424906554660993,0.0012329209,0.2
9,12073,116736,57,928.21,-1835.70440814,0.08863979578018188,-2.816423710435629,300.6385192871094,0.990763783454895,4273.749895143509,0.00498046875,560,0.0003,-0.0025802471216593405,0.0030815012,0.2
9,12284,118784,58,931.51,-1828.71510135,0.7867497801780701,-2.8169900454580783,46.28367614746094,0.9912832975387573,180.19855176210405,0.0857421875,570,0.0003,-0.00967062604468083,0.007945212,0.2
9,12495,120832,59,939.4,-1862.5448636999997,0.6197159588336945,-2.814607145637274,33.21242904663086,0.9874308705329895,125.0612456202507,0.014599609375,580,0.0003,-0.003692469245288521,0.0021756701,0.2
9,12706,122880,60,938.45,-1857.79536413,0.8671739399433136,-2.809118829667568,16.33045768737793,0.9873793125152588,60.858396074175836,0.06865234375,590,0.0003,-0.007653963523625862,0.0059303083,0.2
9,12917,124928,61,945.24,-1860.8874786499998,0.045423150062561035,-2.8045945934951306,342.4707336425781,0.9828345775604248,873.585741186142,0.01494140625,600,0.0003,-0.0022626748497714287,0.0035754004,0.2
9,13128,126976,62,945.24,-1857.7930991900002,0.8473693132400513,-2.794724822789431,67.45584106445312,0.9779586791992188,77.973851531744,0.03173828125,610,0.0003,-0.00492545182351023,0.0060473406,0.2
9,13341,129024,63,941.42,-1834.6177188000001,0.850285992026329,-2.779665839672089,7.771967887878418,0.9703764915466309,75.56748741269112,0.0541015625,620,0.0003,-0.004585527195013128,0.0063033244,0.2
9,13551,131072,64,945.47,-1855.5822778499999,0.6237180829048157,-2.7732567131519317,357.1343688964844,0.9708319306373596,455.7834961950779,0.03798828125,630,0.0003,-0.0035875796915206593,0.00430922,0.2
9,13762,133120,65,950.83,-1883.7351192300002,0.6796876192092896,-2.7925124280154705,560.17626953125,0.989233136177063,486.5551648259163,0.038916015625,640,0.0003,-0.007640583417378366,0.0057715666,0.2
9,13973,135168,66,950.04,-1887.2849915200004,0.8642452955245972,-2.8094814315438272,131.6453094482422,0.984906017780304,117.61137944459915,0.037255859375,650,0.0003,-0.003062352421693504,0.005630369,0.2
9,14184,137216,67,949.27,-1915.64828487,0.7352594435214996,-2.8038605846464635,377.2837829589844,0.9853011965751648,460.7714324772358,0.01982421875,660,0.0003,-0.0015847559909161646,0.003889036,0.2
9,14395,139264,68,949.27,-1911.7914529400002,0.7869144976139069,-2.80488700568676,27.685142517089844,0.986592173576355,548.0642121434212,0.0361328125,670,0.0003,-0.0035042881667322946,0.004164367,0.2
9,14606,141312,69,949.27,-1941.21464047,0.9129284769296646,-2.8036194115877153,10.66373062133789,0.9825437068939209,93.23247635364532,0.06357421875,680,0.0003,-0.005500191937608178,0.008886714,0.2
9,14818,143360,70,949.56,-1947.40048989,0.6998769044876099,-2.7911954686045646,85.26239013671875,0.9722589254379272,377.4206952571869,0.060205078125,690,0.0003,-0.004586033061059425,0.004405754,0.2
9,15030,145408,71,949.56,-1940.8184685000003,0.8124959617853165,-2.765923932939768,79.87479400634766,0.9597498774528503,408.1058609485626,0.041259765625,700,0.0003,-0.005010793535620906,0.005679995,0.2
9,15241,147456,72,949.56,-1924.24572228,0.9068521484732628,-2.741331226378679,42.86526870727539,0.9493962526321411,92.70206851661206,0.040087890625,710,0.0003,-0.005695685483806301,0.0036983471,0.2
9,15452,149504,73,949.56,-1905.4162709499997,0.8852275758981705,-2.718097747117281,20.693214416503906,0.9359196424484253,95.27870388627052,0.0443359375,720,0.0003,-0.00558274173818063,0.0059513086,0.2
9,15663,151552,74,949.56,-1904.7201193499995,0.48408085107803345,-2.685803709924221,10.655309677124023,0.9263651371002197,35.96651331782341,0.072998046875,730,0.0003,-0.0021685180065105667,0.0051687574,0.2
9,15874,153600,75,949.56,-1924.1982219599997,0.8052664250135422,-2.6735872142016888,7.165653705596924,0.9224398136138916,46.80740584731102,0.083837890625,740,0.0003,-0.0035855884751072155,0.010614643,0.2
9,16085,155648,76,949.56,-1913.8697995399996,0.7838060259819031,-2.66763848811388,145.04620361328125,0.9171748161315918,145.09662142693998,0.068310546875,750,0.0003,-0.004956647148355841,0.0075353878,0.2
9,16296,157696,77,949.56,-1904.5776105199998,0.7217837870121002,-2.6627662666141987,10.060482025146484,0.9203275442123413,78.52556877732277,0.044677734375,760,0.0003,-0.0038964945153566076,0.0061590057,0.2
9,16507,159744,78,952.59,-1897.8046602299999,0.804229810833931,-2.6674489438533784,24.49175262451172,0.920650064945221,44.069841606915,0.041748046875,770,0.0003,-0.0013509533149772325,0.0030576303,0.2
9,16718,161792,79,952.59,-1878.1405770000003,0.829542487859726,-2.657884008437395,7.2098917961120605,0.9101139307022095,34.04958979189396,0.026416015625,780,0.0003,-0.0022920885967323557,0.004004375,0.2
9,16929,163840,80,949.67,-1870.26455351,0.7919652163982391,-2.6397306613624094,14.862448692321777,0.9070066809654236,38.43457016348839,0.068896484375,790,0.0003,-0.004894873405282852,0.009119282,0.2
9,17141,165888,81,949.22,-1861.0526325500002,0.2196279764175415,-2.6391227319836617,18.083213806152344,0.913479208946228,395.01695469617846,0.045556640625,800,0.0003,-0.004546614600985777,0.004776572,0.2
9,17352,167936,82,949.22,-1856.2454390999999,0.08681470155715942,-2.646564995497465,177.6039581298828,0.9122250080108643,4576.890420198441,0.0427734375,810,0.0003,-0.002337659697514027,0.0059295604,0.2
9,17564,169984,83,949.22,-1845.09589931,0.4733625650405884,-2.6479154251515866,7.492689609527588,0.9145728349685669,44.24033887386322,0.033349609375,820,0.0003,-0.0019145064637996257,0.005249569,0.2
9,17778,172032,84,935.74,-1805.0944090399998,0.317627489566803,-2.687614879012108,3.455604314804077,0.9408490657806396,11.679995358735322,0.086376953125,830,0.0003,-0.007734107692522229,0.007346982,0.2
9,17989,174080,85,933.81,-1789.2735749499998,0.1923951506614685,-2.7075545325875283,12145.958984375,0.9405200481414795,5134.914714717865,0.062841796875,840,0.0003,-0.0033427711055992403,0.0068959966,0.2
9,18201,176128,86,928.77,-1753.0713526800005,0.719511479139328,-2.7044473074376585,118.61304473876953,0.9372711181640625,688.8209678053856,0.0046875,850,0.0003,-0.001696228131186217,0.0021148445,0.2
9,18412,178176,87,925.34,-1741.3373659200004,0.5049384534358978,-2.70041796118021,3036.07275390625,0.9374383687973022,4676.7833433151245,0.014013671875,860,0.0003,-0.00219300034295884,0.0035389748,0.2
9,18623,180224,88,924.83,-1726.5256008299998,0.7554668337106705,-2.6928460277616977,345.36932373046875,0.9308055639266968,291.44896894693375,0.05244140625,870,0.0003,-0.005783862773387227,0.0054521733,0.2
9,18834,182272,89,922.89,-1745.06756198,0.8098958283662796,-2.6804240338504313,44.064056396484375,0.9256551265716553,562.4122493207454,0.01064453125,880,0.0003,-0.002681661945825908,0.0037143403,0.2
9,19046,184320,90,919.04,-1726.6503623899996,0.899013064801693,-2.674696922302246,555.1170043945312,0.9274997711181641,387.95596878528596,0.048779296875,890,0.0003,-0.005855522603087593,0.0068696477,0.2
9,19258,186368,91,915.49,-1756.1601554699998,0.8440899550914764,-2.6630932494997976,19.04120635986328,0.9125540256500244,304.2991514742374,0.048388671875,900,0.0003,-0.0058356381152407264,0.0050920146,0.2
9,19469,188416,92,911.6,-1756.32429997,0.7577881067991257,-2.635805679857731,8.967886924743652,0.9046134352684021,605.3102867633104,0.06806640625,910,0.0003,-0.003986429813085124,0.010540581,0.2
9,19680,190464,93,908.71,-1763.9636047499998,0.8790737167000771,-2.622522370517254,373.9859619140625,0.8979291915893555,291.7549344986677,0.06123046875,920,0.0003,-0.005212054830917623,0.0065979194,0.2
9,19892,192512,94,906.5,-1742.1361517599998,0.8006624281406403,-2.6133376702666284,9.536070823669434,0.8952800035476685,263.4883582353592,0.031494140625,930,0.0003,-0.006379348831251264,0.005664599,0.2
9,20103,194560,95,906.5,-1725.42838957,0.8570102453231812,-2.6057335034012796,42.06100082397461,0.8917940855026245,430.46734805703164,0.050244140625,940,0.0003,-0.003636912802176084,0.0063020186,0.2
9,20314,196608,96,905.35,-1731.75372727,0.8048375993967056,-2.6027543477714064,32.30545425415039,0.8936724662780762,67.29570705592633,0.032666015625,950,0.0003,-0.004192902651266195,0.006346422,0.2
9,20527,198656,97,899.49,-1728.91837435,0.775245875120163,-2.6014251887798308,60.460670471191406,0.8911310434341431,375.4185947060585,0.02392578125,960,0.0003,-0.0029990023023856336,0.0040113847,0.2
9,20737,200704,98,900.76,-1750.0722106400003,0.8490665853023529,-2.6052332028746603,33.506988525390625,0.896416187286377,536.6267382621766,0.06220703125,970,0.0003,-0.008023137489362852,0.0061508184,0.2
9,20950,202752,99,903.93,-1768.4614377300002,0.6906042397022247,-2.6048142299056054,83.78987884521484,0.890936553478241,426.3078519940376,0.06044921875,980,0.0003,-0.00539682240851107,0.006613734,0.2
9,21162,204800,100,903.69,-1774.3151242000001,0.847222626209259,-2.596677348762751,80.7791748046875,0.8871331810951233,306.91828275322916,0.043505859375,990,0.0003,-0.005802293365923106,0.0055701705,0.2
9,21373,206848,101,903.69,-1769.30591103,0.8878602162003517,-2.5853351406753062,138.18585205078125,0.8840420246124268,545.210363149643,0.027734375,1000,0.0003,-0.0037908641112153417,0.003699088,0.2
9,21585,208896,102,894.87,-1740.1058950399997,0.9449695348739624,-2.5890868067741395,10.864526748657227,0.8874675631523132,123.7382640182972,0.038623046875,1010,0.0003,-0.002552500448655337,0.0045225406,0.2
9,21796,210944,103,895.61,-1753.5881397199994,0.7944082319736481,-2.5857574686408045,168.7620391845703,0.8834530711174011,536.7707319319248,0.034521484375,1020,0.0003,-0.0037115570892638063,0.003978003,0.2
9,22007,212992,104,895.82,-1754.0096889999998,0.7583410441875458,-2.573892043530941,34.60628128051758,0.8795435428619385,181.91846629977226,0.042626953125,1030,0.0003,-0.003842686879215762,0.0042988,0.2
9,22218,215040,105,895.82,-1733.7005745699998,0.8977750390768051,-2.561906261742115,14.295934677124023,0.8717230558395386,152.1344729423523,0.05712890625,1040,0.0003,-0.0027097484555270055,0.004958706,0.2
9,22429,217088,106,895.82,-1710.6061937499999,0.7694632112979889,-2.5403956323862076,27.36458396911621,0.8594929575920105,120.36064128875732,0.070947265625,1050,0.0003,-0.005029520193056669,0.009143346,0.2
9,22640,219136,107,899.64,-1707.51157705,0.8908727020025253,-2.5137518219649793,4.719688892364502,0.8532425165176392,17.504755242168905,0.108740234375,1060,0.0003,-0.0078400973805401,0.009737418,0.2
9,22853,221184,108,891.13,-1664.48486948,0.5446994602680206,-2.490060369670391,6.230806827545166,0.839474081993103,16.938520200550556,0.073828125,1070,0.0003,-0.005529640465101693,0.007034813,0.2
9,23064,223232,109,890.4,-1678.8745343000003,0.28334712982177734,-2.467658367007971,5319.8974609375,0.838341474533081,4930.1348375558855,0.0240234375,1080,0.0003,-0.0026524039029027337,0.0051275613,0.2
9,23275,225280,110,890.55,-1636.4188786600002,0.8056136220693588,-2.459048468619585,49.841426849365234,0.8323425054550171,330.66798703670503,0.010595703125,1090,0.0003,-0.003530873686031555,0.0030586747,0.2
9,23488,227328,111,879.0,-1607.1332317700005,0.8452461212873459,-2.446334630995989,154.123779296875,0.8289412260055542,303.75926051139834,0.031591796875,1100,0.0003,-0.0031877176057605538,0.003267047,0.2
9,23700,229376,112,865.88,-1545.17129283,0.6091501116752625,-2.4426386535167692,2578.968505859375,0.8306088447570801,3894.0894314289094,0.054541015625,1110,0.0003,-0.003452078490954591,0.0056182314,0.2
9,23913,231424,113,861.92,-1531.1089533100003,0.4253365397453308,-2.4440927490592004,954.087646484375,0.8294073343276978,4055.402391958237,0.033984375,1120,0.0003,-0.002841587139846524,0.005169727,0.2
9,24124,233472,114,860.57,-1556.9993757200002,0.8244213163852692,-2.439042168110609,679.2811889648438,0.8269349336624146,337.4333297491074,0.044970703125,1130,0.0003,-0.004684791879117256,0.0062091993,0.2
9,24335,235520,115,856.0,-1578.3149372,0.9394552037119865,-2.43261830881238,79.15108489990234,0.8238977193832397,323.5748288273811,0.04267578125,1140,0.0003,-0.005188097039354034,0.0037316626,0.2
9,24547,237568,116,849.62,-1582.46415141,0.8246776759624481,-2.4259541131556035,14.645946502685547,0.8221480846405029,342.64621966481207,0.03876953125,1150,0.0003,-0.002637250378029421,0.0043582916,0.2
9,24758,239616,117,848.47,-1582.1064009300003,0.8764050528407097,-2.4266259841620923,399.42889404296875,0.8243253231048584,469.2373603671789,0.0546875,1160,0.0003,-0.004890379893913633,0.006067656,0.2
9,24969,241664,118,848.47,-1580.8262956,0.9379787407815456,-2.426803544163704,146.12451171875,0.8227500915527344,270.9533592581749,0.059375,1170,0.0003,-0.006666128750657663,0.005695103,0.2
9,25180,243712,119,848.47,-1568.8237234599999,0.8973535895347595,-2.420679185539484,13.739408493041992,0.8189536333084106,105.41574916243553,0.08359375,1180,0.0003,-0.006461365566792665,0.008206399,0.2
9,25391,245760,120,848.47,-1582.4793635499998,0.9396077208220959,-2.3928367018699648,6.746285915374756,0.8056754469871521,51.302163784205916,0.077587890625,1190,0.0003,-0.002642660312994849,0.007695539,0.2
9,25602,247808,121,851.39,-1588.80753387,0.9348064810037613,-2.3695076026022432,40.09885787963867,0.797634482383728,94.72507597208023,0.059130859375,1200,0.0003,-0.0048347284726332875,0.00609443,0.2
9,25813,249856,122,851.39,-1594.78150579,0.9372677206993103,-2.353913291543722,8.70263671875,0.7915866374969482,82.5387175142765,0.091943359375,1210,0.0003,-0.008003208677109797,0.0081237815,0.2
9,26025,251904,123,858.74,-1608.52213704,0.43151575326919556,-2.3267346478998663,8.714020729064941,0.78007972240448,34.02708587348461,0.12041015625,1220,0.0003,-0.0011983511576545425,0.008899277,0.2
9,26236,253952,124,858.74,-1611.0742420400002,-0.035747408866882324,-2.314255380630493,17.896398544311523,0.7771029472351074,2933.7886551201345,0.07451171875,1230,0.0003,-0.005023579765111208,0.008244604,0.2
9,26447,256000,125,858.74,-1624.4281711400001,0.9413474425673485,-2.309218957275152,23.8863582611084,0.7748125791549683,140.74267153143882,0.057421875,1240,0.0003,-0.005970470547617878,0.0057690344,0.2
9,26658,258048,126,870.62,-1666.41773257,0.8546791970729828,-2.305384162813425,28.917926788330078,0.7780897617340088,74.72571810483933,0.045751953125,1250,0.0003,-0.004417712414579,0.006196885,0.2
9,26869,260096,127,872.64,-1665.99749552,0.5470291972160339,-2.317130748182535,81.73287200927734,0.7841747999191284,195.79007025957108,0.0375,1260,0.0003,-0.005078646085166838,0.006010983,0.2
9,27080,262144,128,874.4,-1670.19978215,0.6948491930961609,-2.323561429977417,11.790887832641602,0.7826743125915527,41.26243173182011,0.0904296875,1270,0.0003,-0.0056358168018050495,0.0084152445,0.2
9,27291,264192,129,879.19,-1671.3085493499998,0.9169339910149574,-2.3197161011397838,2.6395065784454346,0.7798458337783813,20.596369178593157,0.090966796875,1280,0.0003,-0.005145771602110471,0.005070162,0.2
9,27502,266240,130,882.62,-1672.8556861499997,0.8954342007637024,-2.319659163802862,3.593538761138916,0.78211510181427,14.5469296336174,0.081103515625,1290,0.0003,-0.0016349976678611711,0.011210848,0.2
9,27713,268288,131,883.13,-1675.0475149799997,0.9250686094164848,-2.3419993251562117,3.233445644378662,0.7955775260925293,13.752947930991649,0.090869140625,1300,0.0003,-0.005512087630631868,0.008878799,0.2
9,27924,270336,132,885.07,-1641.74145207,-1.0817301273345947,-2.352753882110119,4.3472747802734375,0.7904115915298462,27.11691270172596,0.07353515625,1310,0.0003,-0.004314596844778862,0.005690535,0.2
9,28136,272384,133,888.92,-1649.0498346299999,0.9083390012383461,-2.333388539403677,4.5998663902282715,0.7785429954528809,23.469448120892046,0.068798828125,1320,0.0003,-0.005190722407132853,0.0072092945,0.2
9,28347,274432,134,890.16,-1645.4693194400002,0.8778113722801208,-2.312926468253136,4.852534294128418,0.7758982181549072,49.17390210032463,0.076416015625,1330,0.0003,-0.0032104273297591133,0.005309781,0.2
9,28557,276480,135,896.38,-1648.9372049,0.9516177140176296,-2.3112479604780676,37.837303161621094,0.775672435760498,80.66280979663134,0.055908203125,1340,0.0003,-0.003245885414071381,0.005983815,0.2
9,28770,278528,136,890.24,-1607.7936803799998,0.867670327425003,-2.3080526307225226,14.901122093200684,0.7727231383323669,68.1805731073022,0.03876953125,1350,0.0003,-0.0034906534012407063,0.004844291,0.2
9,28981,280576,137,891.08,-1618.0660904899999,0.28499358892440796,-2.304641771316528,3376.3740234375,0.7727566957473755,6423.327699804306,0.041162109375,1360,0.0003,-0.0027122234212583864,0.005554189,0.2
9,29192,282624,138,892.45,-1621.76189281,0.6815124154090881,-2.30607830658555,69.9729995727539,0.7744301557540894,446.0697319746017,0.0302734375,1370,0.0003,-0.0038608342612860723,0.004717629,0.2
9,29404,284672,139,892.79,-1622.5755287299999,0.8514944165945053,-2.305335146188736,25.046096801757812,0.7714385986328125,168.07036218643188,0.02373046875,1380,0.0003,-0.0038220500726311004,0.004830087,0.2
9,29615,286720,140,899.71,-1635.3423187800001,0.9432067088782787,-2.2898015111684797,14.588233947753906,0.7632360458374023,60.83232101202011,0.052685546875,1390,0.0003,-0.005465375431231223,0.0063108914,0.2
9,29826,288768,141,897.73,-1608.2026506000004,0.867207795381546,-2.286307491362095,24.773008346557617,0.7711514830589294,100.2551047861576,0.075634765625,1400,0.0003,-0.0042232621621224094,0.004926492,0.2
9,30037,290816,142,902.68,-1601.3568856099998,0.5169911086559296,-2.3025900922715663,37.87985610961914,0.7713757157325745,3609.062194943428,0.022412109375,1410,0.0003,-0.001677489279245492,0.0027448456,0.2
9,30248,292864,143,908.01,-1606.7074982299998,0.8192170709371567,-2.3041753619909286,70.32696533203125,0.7727187871932983,210.70408898591995,0.034130859375,1420,0.0003,-0.004759433117578737,0.005409034,0.2
9,30459,294912,144,909.94,-1626.51056518,0.9697854146361351,-2.3102931164205076,11.187674522399902,0.7755159735679626,39.38380330502987,0.07841796875,1430,0.0003,-0.005828029780241195,0.009428527,0.2
9,30670,296960,145,916.26,-1628.1092692200002,0.6118700206279755,-2.3154797784984114,12.031856536865234,0.7782686948776245,46.109310182929036,0.064208984375,1440,0.0003,-0.0028934657042555046,0.0074013313,0.2
9,30881,299008,146,916.26,-1636.6068091900001,0.946387954056263,-2.3037701092660425,16.523025512695312,0.7642849087715149,76.23396751582622,0.113037109375,1450,0.0003,-0.01120216453782632,0.00869903,0.2
9,31092,301056,147,923.97,-1630.4729762200004,0.3863258957862854,-2.276602742820978,7.761218547821045,0.7560314536094666,77.56449156403542,0.058837890625,1460,0.0003,-0.001900644847773947,0.0052476106,0.2
9,31303,303104,148,925.08,-1636.5339140400001,0.8251660317182541,-2.267299687117338,3.103228807449341,0.7610944509506226,15.268922318518161,0.15498046875,1470,0.0003,0.0006181532262417022,0.011800736,0.2
9,31515,305152,149,922.16,-1590.6414536,0.8712688535451889,-2.2742344036698343,4.247211933135986,0.7603045701980591,62.97875593155622,0.06953125,1480,0.0003,-0.003653260908322409,0.005179209,0.2
9,31726,307200,150,922.16,-1614.97807509,0.3634568452835083,-2.2773914761841296,130.03553771972656,0.7601509094238281,3361.6261379003527,0.02265625,1490,0.0003,-0.0007603391393786296,0.0045043444,0.2
9,31938,309248,151,922.16,-1634.8763772800003,0.4148218035697937,-2.2812378883361815,14.668414115905762,0.7637397050857544,90.06437509357929,0.063427734375,1500,0.0003,-0.006163226929493249,0.0065508224,0.2
9,32149,311296,152,922.16,-1655.2412251300004,0.9075907841324806,-2.2782942071557044,14.468929290771484,0.7549412250518799,41.81031529009342,0.064794921875,1510,0.0003,-0.003653676767135039,0.0072110435,0.2
9,32361,313344,153,926.73,-1671.2277051499998,0.9101747795939445,-2.267668490111828,8.520509719848633,0.7562158107757568,32.72971959859133,0.064453125,1520,0.0003,-0.0023517899782746097,0.0055742683,0.2
9,32572,315392,154,933.0,-1696.82769636,0.7877459973096848,-2.263067429512739,56.169219970703125,0.7523332834243774,64.51072768568993,0.09013671875,1530,0.0003,-0.005174733659077902,0.008369055,0.2
9,32783,317440,155,935.14,-1705.34677565,0.7397058606147766,-2.2501835457980635,10.434736251831055,0.7450840473175049,59.19685150384903,0.067626953125,1540,0.0003,-0.0031873320367594715,0.0070769433,0.2
9,32994,319488,156,935.94,-1723.98802324,0.8916284069418907,-2.242585626244545,8.532724380493164,0.7490279674530029,65.11013361215592,0.077490234375,1550,0.0003,-0.0009424184783711099,0.006128974,0.2
9,33205,321536,157,940.64,-1707.56576696,0.5405972898006439,-2.2533233784139157,7.741130352020264,0.7505191564559937,50.25367854237557,0.07509765625,1560,0.0003,-0.0040585647511761636,0.005433105,0.2
9,33416,323584,158,951.12,-1742.0649168099999,0.8274780362844467,-2.249593206495047,4.6890130043029785,0.7467142343521118,33.45160788595676,0.086962890625,1570,0.0003,-0.004369672609027475,0.0101835355,0.2
9,33627,325632,159,957.47,-1778.9028107099998,0.9034368991851807,-2.239044661074877,7.4780592918396,0.7425048351287842,50.289490677416325,0.08564453125,1580,0.0003,-0.001674798017484136,0.006481914,0.2
9,33839,327680,160,962.71,-1789.8784811699998,-0.5461410284042358,-2.237432011216879,257.2543640136719,0.7461686134338379,253.58566099852322,0.069677734375,1590,0.0003,-0.0019048415510042106,0.011097979,0.2
9,34051,329728,161,958.9,-1751.4580918599997,0.9310256838798523,-2.2288541100919246,8.981537818908691,0.7330782413482666,24.78032991439104,0.091796875,1600,0.0003,-0.003925268530292669,0.010878405,0.2
9,34262,331776,162,963.47,-1757.8401006599995,0.3406881093978882,-2.2101073771715165,4144.22998046875,0.7341314554214478,4290.584568572044,0.04228515625,1610,0.0003,-0.0013798546860925853,0.0046264604,0.2
9,34473,333824,163,967.13,-1733.0883360099997,0.8911595270037651,-2.2131409093737604,20.321109771728516,0.7352747321128845,94.50262178182602,0.04228515625,1620,0.0003,-0.005732183705549687,0.005312044,0.2
9,34684,335872,164,967.88,-1744.8709765400001,0.5770638287067413,-2.214375675469637,206.88392639160156,0.7353329658508301,4297.069030427932,0.04140625,1630,0.0003,-0.0012644557566090953,0.004948681,0.2
9,34896,337920,165,968.28,-1751.44792534,0.9377003014087677,-2.210744493454695,72.84437561035156,0.7320449352264404,82.62373843491078,0.07216796875,1640,0.0003,-0.002626367910124827,0.005882201,0.2
9,35107,339968,166,968.28,-1747.83766105,0.7908298075199127,-2.2048639260232448,9.74223804473877,0.7320213317871094,84.40729921460152,0.056103515625,1650,0.0003,-0.002431307756341994,0.005712884,0.2
9,35319,342016,167,968.28,-1772.57453014,0.9275954440236092,-2.2122547782957556,6.802770614624023,0.7379006147384644,39.30966460555792,0.084716796875,1660,0.0003,-0.004166714403254446,0.00937075,0.2
9,35530,344064,168,968.28,-1775.21218012,0.9081436470150948,-2.233240569382906,42.212215423583984,0.74698406457901,87.39389995336532,0.059228515625,1670,0.0003,-0.005439446476520971,0.007479674,0.2
9,35741,346112,169,968.28,-1786.7423621,0.9582863263785839,-2.2401808328926562,4.02807092666626,0.7438578605651855,22.26345973163843,0.09755859375,1680,0.0003,-0.002857299147581216,0.009260863,0.2
9,35953,348160,170,961.45,-1787.7134809700003,0.956064660102129,-2.234026113897562,15.88082218170166,0.7423184514045715,60.84314734935761,0.063623046875,1690,0.0003,-0.002904756857606117,0.005189277,0.2
9,36164,350208,171,961.45,-1787.8696691400003,0.27996689081192017,-2.2309343539178372,167.71969604492188,0.7392634153366089,3051.12927210927,0.037255859375,1700,0.0003,-0.0004997252704924904,0.0023052024,0.2
9,36375,352256,172,961.45,-1799.4394294,0.7112950384616852,-2.2269195057451725,70.74513244628906,0.7399309873580933,170.29995645284652,0.045947265625,1710,0.0003,-0.001850580263271695,0.005161884,0.2
9,36586,354304,173,961.45,-1797.01949864,0.8625864088535309,-2.222582174092531,18.442949295043945,0.7359983921051025,133.37487249970437,0.054248046875,1720,0.0003,-0.002051662794110598,0.005193248,0.2
9,36797,356352,174,961.45,-1792.0306030799998,0.9495889395475388,-2.2212711915373804,10.82408332824707,0.7393252849578857,30.50889964401722,0.110595703125,1730,0.0003,-0.0016452554700663313,0.010743276,0.2
9,37010,358400,175,944.63,-1739.08299441,0.9101831689476967,-2.2403391443192957,36.857147216796875,0.7500804662704468,68.49069274961948,0.061572265625,1740,0.0003,8.466505387332291e-05,0.008938666,0.2
9,37222,360448,176,935.2,-1695.0582272799998,0.19747185707092285,-2.253872536867857,5862.78369140625,0.749525785446167,7530.103235721588,0.0365234375,1750,0.0003,-0.0033950389130041002,0.005981175,0.2
9,37433,362496,177,935.2,-1699.4811380399997,0.400681734085083,-2.2513755902647974,4418.5693359375,0.74831223487854,3480.5893832445145,0.032275390625,1760,0.0003,-0.0037040083516330924,0.003929931,0.2
9,37645,364544,178,935.2,-1696.99281932,0.7435391247272491,-2.2488541312515737,47.52268981933594,0.7475610971450806,140.6970513701439,0.05537109375,1770,0.0003,-0.005009186495590257,0.0058499957,0.2
9,37856,366592,179,935.2,-1729.4696258299998,0.6101363003253937,-2.249248381704092,57.115081787109375,0.7497321963310242,190.00765767097474,0.040869140625,1780,0.0003,-0.0017267014816752635,0.005053969,0.2
9,38067,368640,180,935.2,-1740.2927106299996,-0.08876585960388184,-2.2544960372149943,16.417749404907227,0.7515837550163269,65.84515302777291,0.086474609375,1790,0.0003,-0.0018812519178027288,0.012212878,0.2
9,38278,370688,181,939.52,-1744.45377026,0.7743049561977386,-2.246628124266863,27.440919876098633,0.7447575330734253,78.6964241027832,0.11630859375,1800,0.0003,-0.005044088835711591,0.009255322,0.2
9,38489,372736,182,948.12,-1752.35808306,0.6034566760063171,-2.2289455212652682,11.699626922607422,0.736595630645752,32.35741057395935,0.065185546875,1810,0.0003,-0.0005637126690999139,0.006286499,0.2
9,38701,374784,183,938.51,-1725.11379073,0.7445602118968964,-2.20679202824831,2.530294418334961,0.7286852598190308,15.370602232217788,0.103125,1820,0.0003,-0.002449294042162364,0.0075250296,0.2
9,38912,376832,184,938.51,-1719.81510978,0.13873976469039917,-2.19464128986001,53.63081741333008,0.7276871204376221,3672.8359664559366,0.04482421875,1830,0.0003,-0.0017544675523822662,0.003899402,0.2
9,39123,378880,185,938.51,-1721.51029808,0.8309589326381683,-2.191052736341953,75.1050033569336,0.7249910831451416,151.7701759457588,0.02744140625,1840,0.0003,-0.002554204566695262,0.0032427108,0.2
9,39334,380928,186,938.51,-1700.75695471,0.8716798275709152,-2.1947344817221164,11.366883277893066,0.7329646348953247,31.045157814025877,0.078564453125,1850,0.0003,-0.005454881679906975,0.0063211448,0.2
9,39545,382976,187,943.51,-1731.9080836900002,0.8718475550413132,-2.203611920773983,17.569860458374023,0.730407178401947,78.12659486532212,0.059326171875,1860,0.0003,-0.004641509409702848,0.005375947,0.2
9,39758,385024,188,935.22,-1705.0421178000001,0.9204131364822388,-2.2007886111736297,14.34489631652832,0.7311680316925049,72.06686050891877,0.05390625,1870,0.0003,-0.0035408415365964173,0.008895669,0.2
9,39970,387072,189,928.55,-1687.0984448699999,0.21352022886276245,-2.2008621484041213,4158.4296875,0.7316209077835083,4191.304332733154,0.02333984375,1880,0.0003,-0.0016864588869793806,0.0055568567,0.2
9,40181,389120,190,920.05,-1654.6819834899998,0.498887300491333,-2.2009237580001355,201.75657653808594,0.7314110994338989,3593.4967885494234,0.0095703125,1890,0.0003,-0.0012187740969238803,0.0039839777,0.2
9,40393,391168,191,920.05,-1665.3344380899996,0.3456234335899353,-2.1998146645724774,150.60324096679688,0.7305939197540283,3631.2538611888885,0.032421875,1900,0.0003,-0.004801373442751356,0.003202952,0.2
9,40606,393216,192,910.44,-1636.48542993,0.5993238091468811,-2.195397287607193,101.46961975097656,0.7283521294593811,307.70879459381104,0.022998046875,1910,0.0003,-0.0034509203404013535,0.0041177757,0.2
9,40817,395264,193,913.36,-1660.82692883,0.38684403896331787,-2.1886616058647634,3825.621826171875,0.7256152033805847,2696.1373928546905,0.044384765625,1920,0.0003,-0.004908395771781216,0.003983263,0.2
9,41028,397312,194,904.96,-1608.7971687,0.7444100081920624,-2.1848591193556786,43.49675369262695,0.7275285124778748,236.3752240538597,0.06142578125,1930,0.0003,-0.00558750974087161,0.0046742354,0.2
9,41239,399360,195,904.96,-1603.6638135,0.30864375829696655,-2.1873690277338027,252.07069396972656,0.7272121906280518,3237.697665452957,0.014453125,1940,0.0003,-0.00132950754777994,0.004409753,0.2
9,41451,401408,196,904.96,-1586.7909402100004,0.8088655918836594,-2.1834111914038656,78.05072784423828,0.7245507836341858,402.92073130607605,0.016845703125,1950,0.0003,-0.0023086610293830746,0.0032477523,0.2
9,41663,403456,197,904.96,-1563.05913084,0.8285226374864578,-2.1688484109938146,38.04534912109375,0.7174546718597412,219.16821492910384,0.03017578125,1960,0.0003,-0.0013770369332632981,0.0029934696,0.2
9,41874,405504,198,896.46,-1526.21101834,0.7629262059926987,-2.1643173567950726,38.47212219238281,0.7204800844192505,113.03343496322631,0.062939453125,1970,0.0003,-0.0043249470210867,0.005060104,0.2
9,42086,407552,199,896.46,-1507.3253328,0.04513055086135864,-2.167776754498482,5443.68310546875,0.7204613089561462,3736.367341065407,0.01806640625,1980,0.0003,-0.0004254920044331811,0.0027579158,0.2
9,42297,409600,200,896.46,-1514.15821891,0.7067455351352692,-2.16551950275898,34.18954086303711,0.7188091278076172,101.22991769313812,0.070556640625,1990,0.0003,-0.002198619701084681,0.007050305,0.2
9,42508,411648,201,896.46,-1518.0624981400003,0.898267574608326,-2.1551445543766024,28.261743545532227,0.7134108543395996,72.56022953987122,0.07587890625,2000,0.0003,-0.004346706505748444,0.0071750553,0.2
9,42719,413696,202,898.8,-1518.74983928,0.8286730200052261,-2.152393859624863,16.87700843811035,0.7161364555358887,59.10921732187271,0.09033203125,2010,0.0003,-0.00608611778516206,0.010614092,0.2
9,42932,415744,203,890.68,-1462.62228933,0.9109554663300514,-2.141710185259581,43.62446212768555,0.7038377523422241,84.04287530779838,0.0927734375,2020,0.0003,-0.0037912699292064643,0.008613364,0.2
9,43143,417792,204,891.43,-1478.7257299000003,0.3768273591995239,-2.121003224700689,1322.6846923828125,0.7020174860954285,2891.9367132782936,0.037939453125,2030,0.0003,-0.0016206884232815356,0.0032683222,0.2
9,43354,419840,205,891.43,-1471.29667146,0.7054954469203949,-2.1166068449616433,728.919921875,0.7015889883041382,2651.437333393097,0.05009765625,2040,0.0003,-0.004619836244819453,0.0054489663,0.2
9,43566,421888,206,882.49,-1440.0656522800002,0.6127518117427826,-2.119183848053217,130.16192626953125,0.7045828104019165,308.40843906402586,0.053662109375,2050,0.0003,-0.005781825767917326,0.005678249,0.2
9,43778,423936,207,882.49,-1429.0198866800001,0.4974370002746582,-2.1237724013626575,403.5114440917969,0.7043683528900146,5448.72810087204,0.025927734375,2060,0.0003,-0.004793631441134494,0.0040100473,0.2
9,43989,425984,208,882.49,-1421.90968976,0.8354464322328568,-2.1298530027270317,99.02577209472656,0.7098690271377563,275.42283871173856,0.031396484375,2070,0.0003,-0.004731008211092558,0.004310359,0.2
9,44200,428032,209,882.49,-1435.92562512,0.7403101027011871,-2.1334210321307183,71.30830383300781,0.7080807685852051,159.88407957553864,0.053759765625,2080,0.0003,-0.006029164185747504,0.006476221,0.2
9,44411,430080,210,882.49,-1426.35916822,0.7791325747966766,-2.128584624826908,73.50535583496094,0.7066540122032166,284.59423978328704,0.02783203125,2090,0.0003,-0.0035984222908155062,0.0056996313,0.2
9,44622,432128,211,882.49,-1421.0001537,0.899419404566288,-2.110334900021553,23.244760513305664,0.6967006325721741,80.15638827681542,0.075390625,2100,0.0003,-0.003732430099626072,0.0071444735,0.2
9,44834,434176,212,880.62,-1393.43711651,0.9235512167215347,-2.081610603630543,33.69388198852539,0.6855459213256836,69.3005785703659,0.119140625,2110,0.0003,-0.008657333975133952,0.012252968,0.2
9,45047,436224,213,881.59,-1390.1025219599999,0.29296427965164185,-2.065634360909462,7883.14013671875,0.6853899955749512,3444.068739295006,0.036962890625,2120,0.0003,-0.0005295825496432372,0.007534234,0.2
9,45258,438272,214,881.59,-1391.0435019,0.2878027558326721,-2.0645757988095284,64.8503189086914,0.6853848695755005,2688.870792746544,0.044775390625,2130,0.0003,-0.0023845930394600146,0.005338719,0.2
9,45469,440320,215,881.59,-1405.26915673,0.7299334704875946,-2.068857894837856,135.69371032714844,0.6883201599121094,439.6637232542038,0.03779296875,2140,0.0003,-0.003853443783009425,0.0050063953,0.2
9,45681,442368,216,871.91,-1375.37066979,0.9036402478814125,-2.0761422477662563,13.585412979125977,0.6900469064712524,137.69266806542873,0.075927734375,2150,0.0003,-0.00414508543399279,0.008189313,0.2
9,45892,444416,217,871.91,-1383.5152180000002,0.3956454396247864,-2.078065063804388,2448.433837890625,0.6882578134536743,3221.9631690979004,0.021630859375,2160,0.0003,-0.0011234004210564307,0.0025057313,0.2
9,46103,446464,218,881.0,-1413.65018047,0.8213940113782883,-2.0732776902616026,27.672794342041016,0.6876906156539917,192.1334551692009,0.042529296875,2170,0.0003,-0.0028541676962049677,0.006679301,0.2
9,46314,448512,219,882.7,-1420.77824138,0.8721066862344742,-2.0777782343327997,30.468536376953125,0.6909384727478027,126.29434322714806,0.06123046875,2180,0.0003,-0.00584446996654151,0.004102945,0.2
9,46525,450560,220,892.13,-1450.03314774,0.34966176748275757,-2.08746784850955,6653.3984375,0.6952412724494934,2481.1312293291094,0.020458984375,2190,0.0003,-0.002269909905589884,0.0041016135,0.2
9,46739,452608,221,881.38,-1406.2926013800002,0.3042917251586914,-2.093834216892719,18.2155704498291,0.6973896026611328,102.99412088990212,0.1263671875,2200,0.0003,-0.007022108005185146,0.011429787,0.2
9,46950,454656,222,877.94,-1380.3315381599998,0.11378353834152222,-2.096989731490612,725.2404174804688,0.6971957683563232,6834.418126296997,0.02412109375,2210,0.0003,-0.003276157424261328,0.0036887485,0.2
9,47161,456704,223,877.94,-1369.3238763100003,0.4062526822090149,-2.0990947052836417,165.30935668945312,0.6981561779975891,2408.6617029190065,0.027587890625,2220,0.0003,-0.0035883142722013873,0.0037852954,0.2
9,47373,458752,224,873.01,-1349.80768824,0.640725165605545,-2.1081094048917293,94.75288391113281,0.7031205296516418,181.09432977437973,0.049072265625,2230,0.0003,-0.002539065326709533,0.004948575,0.2
9,47585,460800,225,867.86,-1326.4433202199998,0.32868897914886475,-2.116380838304758,138.99090576171875,0.7016226053237915,2051.589580988884,0.04052734375,2240,0.0003,-0.0013006844419578556,0.006044157,0.2
9,47796,462848,226,877.47,-1353.2763951700001,0.46549320220947266,-2.1130603455007075,721.766357421875,0.7009060382843018,3245.6270383358,0.011865234375,2250,0.0003,-0.002246077994823281,0.0040787724,0.2
9,48007,464896,227,877.47,-1362.6571578100002,0.8569717854261398,-2.1099740959703923,92.04730224609375,0.6987943053245544,358.91073722839354,0.03720703125,2260,0.0003,-0.003747371429926716,0.0046471898,0.2
9,48219,466944,228,865.7,-1337.22255927,0.9110807850956917,-2.1050281643867494,130.9191131591797,0.698347806930542,188.53507652282715,0.063232421875,2270,0.0003,-0.008775420678284717,0.009985867,0.2
9,48432,468992,229,857.49,-1310.37712577,0.5363298952579498,-2.1032092183828355,283.1315002441406,0.6971889138221741,4922.960576915741,0.020556640625,2280,0.0003,-0.0025507972110062837,0.0029220353,0.2
9,48643,471040,230,857.49,-1314.56252947,0.7674175798892975,-2.097729055583477,571.6428833007812,0.694546103477478,3189.940548276901,0.029052734375,2290,0.0003,-0.002531688501039753,0.0046202596,0.2
9,48856,473088,231,857.79,-1324.12731086,0.7301428616046906,-2.0939521260559557,33.03154754638672,0.6965294480323792,150.83408834934235,0.053955078125,2300,0.0003,-0.0031043331196997314,0.008178573,0.2
9,49068,475136,232,861.75,-1339.13877293,0.57648965716362,-2.1039991565048695,381.6280517578125,0.6991572380065918,5422.587652397156,0.0134765625,2310,0.0003,-0.002851643884787336,0.0035633454,0.2
9,49280,477184,233,854.15,-1308.81079964,0.6861756145954132,-2.1067699380218983,210.34327697753906,0.6994009017944336,2787.150630569458,0.02861328125,2320,0.0003,-0.00265171103492321,0.0054766457,0.2
9,49491,479232,234,860.33,-1319.3878595799997,0.7684790045022964,-2.107219383865595,610.079345703125,0.699333131313324,2509.653884267807,0.045849609375,2330,0.0003,-0.00326485387631692,0.0070924032,0.2
9,49704,481280,235,854.27,-1326.7472552899999,0.5242606997489929,-2.1056923091411592,4132.25146484375,0.6986982822418213,2432.1012251853945,0.0771484375,2340,0.0003,-0.006740761714536347,0.0078319665,0.2
9,49915,483328,236,862.67,-1364.8608223299996,0.7322427034378052,-2.1072672955691814,1239.8291015625,0.7003298997879028,2797.4756528139114,0.046484375,2350,0.0003,-0.002397920378280105,0.0043228,0.2
9,50126,485376,237,862.67,-1372.20023549,0.8326080739498138,-2.099517101049423,74.48670196533203,0.6933022737503052,453.3451412677765,0.046337890625,2360,0.0003,-0.005755707625212381,0.0080192825,0.2
9,50337,487424,238,862.67,-1400.5171881400001,0.9161132127046585,-2.1130259431898595,118.2026596069336,0.7087670564651489,213.11832983493804,0.074755859375,2370,0.0003,-0.007551340472127776,0.007056391,0.2
9,50549,489472,239,859.13,-1401.3008764,0.9316797405481339,-2.137436145544052,34.881072998046875,0.71297287940979,142.7113532602787,0.10810546875,2380,0.0003,-0.005390373962291051,0.008583376,0.2
9,50761,491520,240,860.7,-1420.0638500500002,0.5926743149757385,-2.1419281020760534,208.47679138183594,0.7121117115020752,3229.961515378952,0.03955078125,2390,0.0003,-0.0025835659900621975,0.0064118095,0.2
9,50973,493568,241,852.02,-1408.3035537199999,0.6363450288772583,-2.1365142740309238,92.93253326416016,0.7083815336227417,2555.4556109905243,0.028369140625,2400,0.0003,-0.0014239664145861753,0.0022781324,0.2
9,51184,495616,242,852.02,-1437.5538503599998,0.7381814420223236,-2.1262488730251787,297.0790100097656,0.7056617736816406,2220.931440424919,0.038037109375,2410,0.0003,-0.004568785781884799,0.008402526,0.2
9,51397,497664,243,842.74,-1422.2111656700001,0.804131343960762,-2.1290851913392546,12.066365242004395,0.7120777368545532,123.32291209101678,0.106103515625,2420,0.0003,-0.0033389020172762685,0.01213108,0.2
9,51610,499712,244,837.34,-1396.8724631699997,0.3179891109466553,-2.1343501679599286,1558.029296875,0.7089226245880127,2397.364842796326,0.035498046875,2430,0.0003,-0.0007527723872044589,0.003206146,0.2
9,51821,501760,245,841.75,-1411.60618973,0.49924808740615845,-2.130631498247385,709.3553466796875,0.7091103792190552,4978.381779193878,0.01533203125,2440,0.0003,-0.0024430841323919593,0.002801502,0.2
