train/n_updates,rollout/ep_rew_mean,time/fps,time/total_timesteps,time/episodes,train/ent_coef,train/actor_loss,train/ent_coef_loss,rollout/ep_len_mean,train/critic_loss,train/learning_rate,time/time_elapsed
700012,-366.98507025,9,513,4,0.454180508852005,64.26335144042969,0.3229782283306122,128.25,729.0721435546875,0.0003,56
701096,-1051.800917125,9,1597,8,0.4715559482574463,541.966064453125,-0.007093757390975952,199.625,579.671142578125,0.0003,170
701636,-813.609073,9,2137,12,0.4833466410636902,371.693359375,-0.04300187528133392,178.08333333333334,613.250244140625,0.0003,229
702402,-774.1603291875001,9,2903,16,0.4678895175457001,413.25433349609375,-0.04480718448758125,181.4375,562.88623046875,0.0003,311
703008,-709.5286879500001,9,3509,20,0.4202386736869812,432.1456298828125,-0.14644016325473785,175.45,965.7820434570312,0.0003,377
703515,-631.7538951666667,9,4016,24,0.4264235198497772,325.1331787109375,0.17271959781646729,167.33333333333334,753.6187133789062,0.0003,433
703865,-670.9052231071429,9,4366,28,0.429710328578949,400.6854553222656,0.2257910966873169,155.92857142857142,561.6051025390625,0.0003,473
704309,-683.3478521250001,9,4810,32,0.41604509949684143,358.69903564453125,-0.22747212648391724,150.3125,466.8967590332031,0.0003,522
704743,-706.2283627500002,9,5244,36,0.39231905341148376,368.8162841796875,-0.01731586456298828,145.66666666666666,535.944091796875,0.0003,571
705103,-720.914551825,9,5604,40,0.3818487524986267,410.5030212402344,-0.007925895974040031,140.1,419.5709228515625,0.0003,612
705567,-737.6607146590909,9,6068,44,0.3779677450656891,422.4189758300781,0.01554698497056961,137.9090909090909,690.4755859375,0.0003,663
705957,-705.5679548958334,9,6458,48,0.3700738251209259,422.2946472167969,-0.17769479751586914,134.54166666666666,508.39520263671875,0.0003,708
706449,-722.9250358461541,9,6950,52,0.3529667854309082,426.0911865234375,0.2036730945110321,133.65384615384616,447.9691162109375,0.0003,762
706764,-635.0115838749999,9,7265,56,0.35366833209991455,393.9806213378906,0.08269985765218735,129.73214285714286,567.2232666015625,0.0003,799
707066,-647.1611574333332,9,7567,60,0.35103172063827515,404.1764831542969,-0.00913381576538086,126.11666666666666,432.5999450683594,0.0003,834
707460,-576.275706953125,9,7961,64,0.3478395342826843,361.1417541503906,-0.1656666100025177,124.390625,859.577392578125,0.0003,878
707765,-486.53305420588237,9,8266,68,0.34361401200294495,370.874755859375,0.10876214504241943,121.55882352941177,481.2733459472656,0.0003,914
708233,-461.3910094722222,9,8734,72,0.3332839608192444,304.9162292480469,0.16622301936149597,121.30555555555556,639.1016845703125,0.0003,966
708803,-415.75761446052627,9,9304,76,0.3215253949165344,303.55926513671875,-0.27065175771713257,122.42105263157895,374.59832763671875,0.0003,1028
709909,-464.1490513250001,9,10410,80,0.30828845500946045,359.43603515625,0.2525182068347931,130.125,496.33367919921875,0.0003,1144
710587,-497.1875049404763,9,11088,84,0.3158732056617737,372.6742248535156,0.07823342084884644,132.0,424.00238037109375,0.0003,1217
711069,-521.2396891136364,9,11570,88,0.31005042791366577,403.0466613769531,0.1228342205286026,131.47727272727272,570.8232421875,0.0003,1270
711527,-536.9495324782608,9,12028,92,0.30786946415901184,413.05560302734375,-0.10997086763381958,130.7391304347826,362.9789733886719,0.0003,1321
712315,-524.3098052291667,9,12816,96,0.3081902861595154,379.474853515625,-0.1357014775276184,133.5,466.4176025390625,0.0003,1405
713013,-534.66423853,9,13514,100,0.29918399453163147,349.51904296875,-0.26439350843429565,135.14,281.6023864746094,0.0003,1480
713429,-518.4785128500001,9,13930,104,0.2984413206577301,350.4019775390625,-0.0291764996945858,134.17,302.5901184082031,0.0003,1527
714043,-472.3600364800001,9,14544,108,0.29290685057640076,437.804931640625,-0.4122539758682251,129.47,227.68280029296875,0.0003,1593
714736,-460.6524604099999,9,15237,112,0.2931707203388214,349.147216796875,0.0747213289141655,131.0,309.8214416503906,0.0003,1668
715383,-460.99197316000004,9,15884,116,0.29077497124671936,339.16265869140625,-0.1895109862089157,129.81,333.77215576171875,0.0003,1738
715799,-427.27736666000004,9,16300,120,0.2881758511066437,316.68792724609375,0.12280876189470291,127.91,344.0958251953125,0.0003,1785
716300,-403.11960002,9,16801,124,0.2827397286891937,306.8532409667969,0.02744060754776001,127.85,376.3661804199219,0.0003,1840
716912,-390.30198519,9,17413,128,0.2797035276889801,346.0686950683594,0.05068165436387062,130.47,342.1205139160156,0.0003,1906
717466,-359.99841667,9,17967,132,0.2772672474384308,337.65911865234375,-0.08258461952209473,131.57,321.22955322265625,0.0003,1967
717888,-311.01942382,9,18389,136,0.27508145570755005,306.9596862792969,0.018682315945625305,131.45,298.9576110839844,0.0003,2014
718354,-298.31203330000005,9,18855,140,0.27368584275245667,338.0976257324219,-0.09484244883060455,132.51,275.76690673828125,0.0003,2066
718946,-263.30685323,9,19447,144,0.2779143452644348,373.4392395019531,-0.10726073384284973,133.79,549.5160522460938,0.0003,2130
719333,-229.93597867999995,9,19834,148,0.27635249495506287,290.5919189453125,0.28735780715942383,133.76,373.6080322265625,0.0003,2174
720039,-200.53010435,9,20540,152,0.27649378776550293,297.54547119140625,-0.437698096036911,135.9,350.34259033203125,0.0003,2250
720564,-226.01586880000002,9,21065,156,0.2779783308506012,252.66517639160156,0.07560506463050842,138.0,429.8598327636719,0.0003,2308
721109,-180.62294319999998,9,21610,160,0.27961230278015137,291.0759582519531,0.12732107937335968,140.43,435.24920654296875,0.0003,2367
721582,-186.45686984000002,9,22083,164,0.27905556559562683,322.2180480957031,-0.4761262834072113,141.22,272.247802734375,0.0003,2419
721929,-237.8517053600001,9,22430,168,0.2808658480644226,292.0030212402344,-0.007091239094734192,141.64,358.5276794433594,0.0003,2459
722302,-219.58181462000002,9,22803,172,0.28185269236564636,292.24176025390625,-0.06570807099342346,140.69,272.7626647949219,0.0003,2502
722912,-244.60468867,9,23413,176,0.28501787781715393,308.0331115722656,-0.28655678033828735,141.09,297.5544128417969,0.0003,2568
723212,-203.97817919000005,9,23713,180,0.2827538549900055,303.6192626953125,0.09058548510074615,133.03,292.33721923828125,0.0003,2603
723806,-197.57068951999997,9,24307,184,0.2742649018764496,266.4020080566406,-0.22452861070632935,132.19,302.5912780761719,0.0003,2668
724113,-154.93222909000002,9,24614,188,0.27594372630119324,298.9234619140625,-0.229038268327713,130.44,365.41998291015625,0.0003,2703
724753,-121.19701416999999,9,25254,192,0.2765391170978546,250.3975067138672,-0.21891187131404877,132.26,299.6921081542969,0.0003,2772
725074,-106.56014787,9,25575,196,0.27449482679367065,248.72064208984375,-0.1089230328798294,127.59,244.4313507080078,0.0003,2810
725480,-90.53819298,9,25981,200,0.2691493332386017,287.58892822265625,-0.17324957251548767,124.67,244.51101684570312,0.0003,2856
725998,-131.24495902,9,26499,204,0.2729494869709015,300.935791015625,0.18922550976276398,125.69,305.95794677734375,0.0003,2913
726590,-112.92119713999999,9,27091,208,0.27248722314834595,283.08172607421875,0.25950339436531067,125.47,378.5086669921875,0.0003,2977
727050,-110.03631013,9,27551,212,0.2686116695404053,330.62750244140625,-0.08173225075006485,123.14,361.4870910644531,0.0003,3028
727501,-65.75240007999999,9,28002,216,0.2672170400619507,234.25718688964844,0.14938560128211975,121.18,400.3381042480469,0.0003,3079
728203,-84.77220588999998,9,28704,220,0.26845598220825195,214.33334350585938,0.16722360253334045,124.04,305.4319763183594,0.0003,3154
728945,-120.86486640999999,9,29446,224,0.27192336320877075,269.2771301269531,-0.1257423758506775,126.45,297.7626647949219,0.0003,3233
729475,-120.84069703000002,9,29976,228,0.2683224081993103,264.6318359375,-0.40086978673934937,125.63,252.535888671875,0.0003,3291
729991,-109.11329329000002,9,30492,232,0.2663928270339966,291.2820129394531,0.03290986269712448,125.25,362.01708984375,0.0003,3348
730342,-136.32534397,9,30843,236,0.26239433884620667,276.35205078125,0.0764373391866684,124.54,347.00860595703125,0.0003,3388
730607,-93.72238444999999,9,31108,240,0.2614555358886719,308.1123962402344,-0.13462363183498383,122.53,410.60333251953125,0.0003,3420
730898,-89.49761575999997,9,31399,244,0.2606041431427002,278.51214599609375,-0.08325181901454926,119.52,262.28961181640625,0.0003,3454
731197,-105.12640891000001,9,31698,248,0.2634577453136444,267.9822082519531,0.19986531138420105,118.64,291.0623779296875,0.0003,3489
731788,-102.15938180000003,9,32289,252,0.26125723123550415,256.17950439453125,0.20250976085662842,117.49,343.0308837890625,0.0003,3553
732423,-103.73425499,9,32924,256,0.25345534086227417,235.11558532714844,-0.109174944460392,118.59,240.42510986328125,0.0003,3622
733024,-103.18205395000001,9,33525,260,0.25076591968536377,246.66500854492188,0.1896856427192688,119.15,493.157958984375,0.0003,3687
733697,-126.76371154999998,9,34198,264,0.2592626214027405,268.2685546875,0.016765940934419632,121.15,262.00927734375,0.0003,3759
734282,-114.67013093999999,9,34783,268,0.2519538998603821,263.8056335449219,-0.22562740743160248,123.53,311.024658203125,0.0003,3823
734807,-116.00764486000001,9,35308,272,0.25532159209251404,249.41387939453125,-0.3185250759124756,125.05,377.802978515625,0.0003,3881
735338,-94.88689856,9,35839,276,0.25368019938468933,244.46824645996094,0.08786077052354813,124.26,314.5479431152344,0.0003,3939
735861,-98.11064646000001,9,36362,280,0.25082528591156006,243.7552032470703,-0.11536842584609985,126.49,271.66217041015625,0.0003,3996
736476,-43.83978902000004,9,36977,284,0.24895083904266357,186.40086364746094,0.2194816619157791,126.7,468.32958984375,0.0003,4063
737038,-52.72443759,9,37539,288,0.2520879805088043,236.20938110351562,-0.17101097106933594,129.25,615.5465087890625,0.0003,4124
737338,-13.80094122,9,37839,292,0.2519201636314392,219.73980712890625,-0.1121232658624649,125.85,310.1272277832031,0.0003,4159
738020,-51.630317520000006,9,38521,296,0.2517942190170288,231.29345703125,-0.23172178864479065,129.46,340.0426330566406,0.0003,4233
738717,-62.006486589999994,9,39218,300,0.2443375289440155,221.0216827392578,0.11691910028457642,132.37,403.6298828125,0.0003,4308
739169,-4.947176660000016,9,39670,304,0.24387739598751068,276.79608154296875,-0.32145488262176514,131.71,306.6874084472656,0.0003,4358
739743,-11.629935270000024,9,40244,308,0.24341163039207458,196.94644165039062,-0.32407933473587036,131.53,313.2954406738281,0.0003,4420
740200,-0.5536958600000059,9,40701,312,0.2449665665626526,235.24862670898438,-0.13760629296302795,131.5,446.49127197265625,0.0003,4471
740454,2.0472226899999884,9,40955,316,0.24458087980747223,226.6573028564453,-0.49538856744766235,129.53,427.623779296875,0.0003,4502
740921,18.613392890000004,9,41422,320,0.24137969315052032,171.79452514648438,0.08288753032684326,127.18,365.33013916015625,0.0003,4554
741313,21.462405760000006,9,41814,324,0.2392456978559494,214.90179443359375,-0.03880518674850464,123.68,341.9238586425781,0.0003,4598
742305,50.793047779999995,9,42806,328,0.23754163086414337,224.45761108398438,-0.21208259463310242,128.3,367.00341796875,0.0003,4702
742582,77.31557809999998,9,43083,332,0.2377980351448059,175.05484008789062,0.24123124778270721,125.91,459.81964111328125,0.0003,4735
743045,87.50093057999997,9,43546,336,0.23758326470851898,191.5866241455078,-0.3610783815383911,127.03,381.25830078125,0.0003,4787
743621,41.25446537,9,44122,340,0.23487041890621185,187.30487060546875,-0.11877035349607468,130.14,343.5597839355469,0.0003,4849
744354,29.373619299999984,9,44855,344,0.22789838910102844,272.19744873046875,-0.3382391333580017,134.56,530.5177612304688,0.0003,4928
744789,25.80212013,9,45290,348,0.22649875283241272,228.73580932617188,0.18617138266563416,135.92,345.556396484375,0.0003,4976
745660,17.980186440000004,9,46161,352,0.23411190509796143,177.33338928222656,-0.38291969895362854,138.72,584.6913452148438,0.0003,5068
746700,29.65890377,9,47201,356,0.2362758368253708,159.080810546875,0.11270006746053696,142.77,478.809326171875,0.0003,5178
747897,-5.911659199999999,9,48398,360,0.2319086641073227,193.37759399414062,0.23932185769081116,148.73,348.093017578125,0.0003,5302
748409,13.52184019000001,9,48910,364,0.22144976258277893,214.94467163085938,-0.3020699918270111,147.12,308.7498779296875,0.0003,5359
749045,44.48821557000001,9,49546,368,0.22057007253170013,224.91543579101562,-0.14089888334274292,147.63,259.0506286621094,0.0003,5427
750099,30.097510070000002,9,50600,372,0.21240246295928955,204.22108459472656,-0.18250775337219238,152.92,442.22296142578125,0.0003,5538
750916,3.1203461999999957,9,51417,376,0.20861013233661652,181.85546875,-0.07198145985603333,155.78,494.4708557128906,0.0003,5625
752389,-3.076117120000007,9,52890,380,0.20094570517539978,206.37396240234375,-0.02919822931289673,165.28,253.99050903320312,0.0003,5777
753220,8.311183049999993,9,53721,384,0.20575103163719177,165.78402709960938,-0.06766770035028458,167.44,335.9710693359375,0.0003,5865
753701,31.278197570000007,9,54202,388,0.21032758057117462,194.2021484375,0.3577083945274353,166.63,333.74908447265625,0.0003,5918
754062,-25.2795579,9,54563,392,0.2134130299091339,226.3126983642578,-0.0852605551481247,167.24,473.6033935546875,0.0003,5960
754375,-6.4712812999999985,9,54876,396,0.21067407727241516,234.42481994628906,-0.06126923859119415,163.55,434.20086669921875,0.0003,5996
754902,11.820342240000004,9,55403,400,0.20486070215702057,199.39990234375,0.15915682911872864,161.85,273.01324462890625,0.0003,6054
755228,-4.336993769999989,9,55729,404,0.20363108813762665,213.7908935546875,-0.1916000097990036,160.59,423.5806579589844,0.0003,6092
755582,44.30112131,9,56083,408,0.20310112833976746,176.40460205078125,-0.07934217154979706,158.39,527.1722412109375,0.0003,6132
756090,45.583497849999986,9,56591,412,0.2053040862083435,201.4065399169922,0.300843209028244,158.9,388.900390625,0.0003,6188
756407,45.722434490000026,9,56908,416,0.20949147641658783,153.80679321289062,0.04052986204624176,159.53,427.3277282714844,0.0003,6225
756853,10.507078820000002,9,57354,420,0.20967663824558258,212.63467407226562,-0.005946099758148193,159.32,331.0975341796875,0.0003,6275
757778,52.014915079999994,9,58279,424,0.19772641360759735,173.13052368164062,0.4517871141433716,164.65,475.10382080078125,0.0003,6372
758299,29.450945119999997,9,58800,428,0.19955220818519592,166.68206787109375,0.21333906054496765,159.94,539.947998046875,0.0003,6430
758811,-17.029370439999994,9,59312,432,0.20091421902179718,208.03529357910156,0.03203798830509186,162.29,321.4306945800781,0.0003,6486
759143,-29.996864899999995,9,59644,436,0.20394842326641083,187.04429626464844,-0.05312506854534149,160.98,338.7396240234375,0.0003,6524
759959,-0.9882220400000057,9,60460,440,0.20231938362121582,166.23309326171875,-0.05949676036834717,163.38,328.94964599609375,0.0003,6611
760861,2.900444969999983,9,61362,444,0.197954922914505,217.46542358398438,-0.5029622316360474,165.07,393.06365966796875,0.0003,6707
761345,-4.703500609999995,9,61846,448,0.19525590538978577,142.755615234375,-0.12093611061573029,165.56,399.6258544921875,0.0003,6760
762244,-6.219403499999985,9,62745,452,0.1964661329984665,140.10031127929688,-0.01368805393576622,165.84,312.2154541015625,0.0003,6855
762994,-21.58036779999998,9,63495,456,0.20446759462356567,183.21292114257812,-0.2188853770494461,162.94,308.2364807128906,0.0003,6935
763299,37.86956866000003,9,63800,460,0.20532555878162384,192.24537658691406,0.03773123025894165,154.02,229.04571533203125,0.0003,6971
763813,25.99196973000004,9,64314,464,0.20272119343280792,137.14170837402344,0.1791597306728363,154.04,461.764892578125,0.0003,7027
764357,-10.451365599999965,9,64858,468,0.20121732354164124,164.32737731933594,-0.19502323865890503,153.12,332.9441833496094,0.0003,7087
764936,-18.32138940999999,9,65437,472,0.205051451921463,132.52609252929688,-0.3746998608112335,148.37,378.58233642578125,0.0003,7150
765566,-29.64846495000001,9,66067,476,0.2054748386144638,201.08262634277344,0.3329704701900482,146.5,342.4163513183594,0.0003,7218
765994,-7.520859040000022,9,66495,480,0.20379827916622162,203.20278930664062,-0.3625295162200928,136.05,292.48394775390625,0.0003,7266
766472,-70.71307254000001,9,66973,484,0.2077905386686325,183.5275115966797,-0.4617621898651123,132.52,303.4796142578125,0.0003,7319
767331,-85.65904789,9,67832,488,0.20661108195781708,193.3281707763672,-0.18484950065612793,136.3,368.08819580078125,0.0003,7410
767853,-50.86762366,9,68354,492,0.20487627387046814,170.94000244140625,0.19591160118579865,137.91,294.01177978515625,0.0003,7467
768179,-17.150488640000013,9,68680,496,0.20371049642562866,195.29396057128906,-0.10216876864433289,138.04,333.1418151855469,0.0003,7505
768917,0.31896480999998517,9,69418,500,0.2031562477350235,187.36122131347656,-0.10510151088237762,140.15,314.4677734375,0.0003,7584
769451,31.619427419999997,9,69952,504,0.20253320038318634,255.39724731445312,-0.20369383692741394,142.23,377.9118347167969,0.0003,7643
769947,27.40425508999999,9,70448,508,0.2064303606748581,114.53485107421875,0.44952839612960815,143.65,422.666259765625,0.0003,7697
770653,3.593839499999982,9,71154,512,0.20864693820476532,221.5504913330078,-0.3150655925273895,145.63,259.26678466796875,0.0003,7773
771437,5.430515069999985,9,71938,516,0.2050209641456604,183.01321411132812,0.051671892404556274,150.3,286.7720947265625,0.0003,7857
772079,18.035540660000006,9,72580,520,0.2032366394996643,223.80899047851562,-0.3649154007434845,152.26,282.0690612792969,0.0003,7926
772604,7.850371070000015,9,73105,524,0.21105556190013885,210.74179077148438,-0.00997965782880783,148.26,325.2615966796875,0.0003,7984
773060,6.084584349999992,9,73561,528,0.21156181395053864,137.12527465820312,0.4766491949558258,147.61,1029.593017578125,0.0003,8034
773440,-3.1409111300000143,9,73941,532,0.2073955535888672,172.7242431640625,0.4457576274871826,146.29,667.468994140625,0.0003,8078
774067,22.27581167999998,9,74568,536,0.20504379272460938,150.8488311767578,0.16482651233673096,149.24,334.69512939453125,0.0003,8145
774556,32.427789759999996,9,75057,540,0.20827092230319977,120.50209045410156,0.7892507314682007,145.97,315.0625915527344,0.0003,8199
774876,57.49836929,9,75377,544,0.20696985721588135,194.20481872558594,-0.0891377329826355,140.15,359.8280334472656,0.0003,8236
775731,68.35065351,9,76232,548,0.20536848902702332,148.33363342285156,0.23810365796089172,143.86,273.0369873046875,0.0003,8327
776404,75.13887928,9,76905,552,0.2092330902814865,150.7938995361328,0.4832916855812073,141.6,269.1099853515625,0.0003,8399
777012,41.591877559999986,9,77513,556,0.2054757922887802,207.91598510742188,-0.010033443570137024,140.18,264.056396484375,0.0003,8465
777594,-19.969218110000014,9,78095,560,0.20650283992290497,123.92381286621094,0.3457159399986267,142.95,283.8629455566406,0.0003,8529
778230,-27.87598201000001,9,78731,564,0.20917198061943054,189.760986328125,0.28551575541496277,144.17,468.9426574707031,0.0003,8597
778513,16.678118100000002,9,79014,568,0.21048836410045624,122.46055603027344,0.06812286376953125,141.56,312.48486328125,0.0003,8631
779110,-1.002272239999993,9,79611,572,0.20925241708755493,208.04100036621094,-0.007208291441202164,141.74,277.52294921875,0.0003,8696
779924,8.756429910000016,9,80425,576,0.200100377202034,110.20025634765625,0.16496673226356506,143.58,346.53125,0.0003,8782
780585,0.6352493000000078,9,81086,580,0.20378106832504272,186.52084350585938,0.029376119375228882,145.91,282.29852294921875,0.0003,8854
781243,66.01431253000001,9,81744,584,0.20154276490211487,174.01165771484375,0.12318915128707886,147.71,316.9134521484375,0.0003,8924
781759,62.95908098999998,9,82260,588,0.20040813088417053,176.62359619140625,-0.12096971273422241,144.28,299.8614807128906,0.0003,8981
782235,42.66161933999998,9,82736,592,0.20343714952468872,172.99249267578125,0.5021499991416931,143.82,344.3899230957031,0.0003,9034
782657,19.318830759999994,9,83158,596,0.20659634470939636,143.0797119140625,-0.22501671314239502,144.78,816.4871826171875,0.0003,9081
783305,0.8865762800000061,9,83806,600,0.20237991213798523,195.6370849609375,0.04239775240421295,143.88,314.8880310058594,0.0003,9151
783635,-12.558717389999986,9,84136,604,0.20476104319095612,247.93272399902344,-0.0544155091047287,141.84,285.79571533203125,0.0003,9189
784259,-16.20023103,9,84760,608,0.20211540162563324,159.76406860351562,-0.3546362817287445,143.12,281.78900146484375,0.0003,9257
784630,10.930191740000003,9,85131,612,0.20690621435642242,208.53916931152344,-0.002412766218185425,139.77,225.50570678710938,0.0003,9299
785548,-41.77015524999999,9,86049,616,0.2016800343990326,181.37326049804688,0.06977881491184235,141.11,282.2950439453125,0.0003,9396
786137,-4.243885619999981,9,86638,620,0.2051282823085785,175.77813720703125,0.4354076385498047,140.58,445.5457763671875,0.0003,9460
786870,-5.714242119999991,9,87371,624,0.21040382981300354,155.3750762939453,0.07550372183322906,142.66,276.46148681640625,0.0003,9538
787372,-6.677719459999995,9,87873,628,0.2145933210849762,194.1605224609375,-0.4834110140800476,143.12,314.476806640625,0.0003,9594
787989,26.098072580000004,9,88490,632,0.2171064019203186,187.24156188964844,-0.44823718070983887,145.49,292.6305236816406,0.0003,9660
788857,20.871496309999984,9,89358,636,0.21998079121112823,228.94235229492188,-0.15906812250614166,147.9,307.614013671875,0.0003,9752
789701,-51.143440659999996,9,90202,640,0.21925239264965057,136.30213928222656,-0.056852251291275024,151.45,603.677978515625,0.0003,9842
790255,-56.52139770999995,9,90756,644,0.21464577317237854,220.06045532226562,0.05066677927970886,153.79,344.1658935546875,0.0003,9902
790903,-31.101320879999967,9,91404,648,0.2129250168800354,174.80084228515625,0.1719551384449005,151.72,336.103759765625,0.0003,9972
791377,-9.344551649999996,9,91878,652,0.2160235196352005,162.57391357421875,0.2356911152601242,149.73,459.4840393066406,0.0003,10025
791883,29.33805273999998,9,92384,656,0.21703200042247772,115.97740173339844,0.09751367568969727,148.71,432.250244140625,0.0003,10080
792288,72.46425866999999,9,92789,660,0.21595805883407593,110.54539489746094,0.1366575062274933,146.94,302.69085693359375,0.0003,10126
792864,62.68844245000002,9,93365,664,0.2125646471977234,114.12799835205078,0.2726649343967438,146.34,344.9747314453125,0.0003,10189
793303,21.45153463,9,93804,668,0.21401666104793549,191.65213012695312,0.32875674962997437,147.9,285.1998291015625,0.0003,10238
793603,47.87464515000001,9,94104,672,0.2158360332250595,184.93206787109375,-0.023606330156326294,144.93,380.70965576171875,0.0003,10273
794379,69.36754251,9,94880,676,0.2164611518383026,147.65597534179688,0.13969482481479645,144.55,540.831298828125,0.0003,10355
794815,75.35270881000002,9,95316,680,0.21484524011611938,143.81826782226562,0.02229311130940914,142.3,379.1014404296875,0.0003,10404
795402,24.92107125000002,9,95903,684,0.21980240941047668,125.29174041748047,-0.010623611509799957,141.59,2019.310791015625,0.0003,10468
796085,0.7556473400000095,9,96586,688,0.2117563933134079,148.22796630859375,-0.08283895254135132,143.26,272.6987609863281,0.0003,10542
796643,0.6568487100000152,9,97144,692,0.2099064439535141,151.27333068847656,0.23453636467456818,144.08,288.19329833984375,0.0003,10602
797063,22.399452190000005,9,97564,696,0.2108914852142334,120.36796569824219,0.09107204526662827,144.06,323.6526794433594,0.0003,10650
797803,-3.947388420000001,9,98304,700,0.21513883769512177,191.40542602539062,0.14033067226409912,144.98,432.50634765625,0.0003,10729
798379,-50.41828212999999,9,98880,704,0.2104761302471161,209.0068359375,-0.17508113384246826,147.44,276.6514892578125,0.0003,10791
798876,-67.78630292,9,99377,708,0.21487565338611603,166.91351318359375,0.04382704943418503,146.17,251.41143798828125,0.0003,10846
799568,-95.77977519,9,100069,712,0.20610086619853973,187.88104248046875,-0.34644803404808044,149.38,298.4295349121094,0.0003,10921
800246,-57.37111734000001,9,100747,716,0.20650255680084229,223.30845642089844,-0.08459710329771042,146.98,309.03643798828125,0.0003,10993
801084,-97.95408154,9,101585,720,0.214805468916893,135.0965118408203,0.07057613134384155,149.47,417.8614501953125,0.0003,11082
801810,-138.64698062999997,9,102311,724,0.2081114947795868,211.7730255126953,-0.5071489810943604,149.4,238.80490112304688,0.0003,11160
802516,-148.05227314,9,103017,728,0.2046375870704651,116.16978454589844,0.2502382695674896,151.44,351.9876708984375,0.0003,11235
803191,-192.80712294,9,103692,732,0.21139824390411377,184.0198211669922,0.30657288432121277,152.02,334.0933837890625,0.0003,11308
803827,-186.33685734000002,9,104328,736,0.21546752750873566,140.30447387695312,0.045171573758125305,149.7,247.69989013671875,0.0003,11377
804203,-112.2925811,9,104704,740,0.20999762415885925,169.23452758789062,-0.23246747255325317,145.02,294.16082763671875,0.0003,11420
804941,-138.67475950000002,9,105442,744,0.2043919712305069,147.5555419921875,-0.10094118118286133,146.86,296.6724853515625,0.0003,11499
805517,-174.45747163,9,106018,748,0.2078971415758133,157.03079223632812,-0.12523490190505981,146.14,337.64495849609375,0.0003,11561
806133,-159.46803826000004,9,106634,752,0.21269412338733673,166.11155700683594,-0.1526208519935608,147.56,284.4300842285156,0.0003,11628
806922,-171.22424995,9,107423,756,0.2117973268032074,175.10092163085938,-0.13833323121070862,150.39,322.37591552734375,0.0003,11712
807383,-195.07946424999997,9,107884,760,0.2157878875732422,164.9250946044922,-0.1546352207660675,150.95,213.01785278320312,0.0003,11763
807970,-165.33309828,9,108471,764,0.21301928162574768,211.50439453125,-0.255491703748703,151.06,385.03704833984375,0.0003,11827
808504,-166.89127993000002,9,109005,768,0.208411306142807,105.98391723632812,0.3186650574207306,152.01,280.3248596191406,0.0003,11886
809168,-178.18184754,9,109669,772,0.2024306058883667,184.42214965820312,-0.08508384227752686,155.65,329.69561767578125,0.0003,11957
809651,-205.36421911000002,9,110152,776,0.20190219581127167,111.27349853515625,0.7374621629714966,152.72,425.1126403808594,0.0003,12011
810170,-188.95249298000007,9,110671,780,0.20472809672355652,106.22438049316406,0.14315387606620789,153.55,271.0821533203125,0.0003,12068
811040,-184.14931439000003,9,111541,784,0.20116113126277924,168.86703491210938,0.28717881441116333,156.38,226.50048828125,0.0003,12160
811684,-167.93881808000003,9,112185,788,0.20058342814445496,236.45608520507812,-0.5673292279243469,155.99,333.315185546875,0.0003,12230
812342,-154.15882741000001,9,112843,792,0.20089739561080933,151.28561401367188,-0.5641018152236938,156.99,255.2090301513672,0.0003,12301
813056,-220.23869249000003,9,113557,796,0.2071717083454132,182.66908264160156,-0.49871310591697693,159.93,223.25241088867188,0.0003,12377
813694,-211.23913892000002,9,114195,800,0.2006513625383377,137.2931365966797,-0.17821794748306274,158.91,269.5849304199219,0.0003,12446
814633,-183.01382590999995,9,115134,804,0.2053074985742569,128.71771240234375,-0.17293787002563477,162.54,343.47161865234375,0.0003,12545
814967,-176.61499278000002,9,115468,808,0.20037725567817688,199.98577880859375,0.039792366325855255,160.91,289.0892639160156,0.0003,12583
815389,-164.89825902,9,115890,812,0.20356249809265137,195.53433227539062,-0.06340235471725464,158.21,207.099609375,0.0003,12631
816088,-184.71450376999994,9,116589,816,0.2048778235912323,106.72955322265625,0.18710577487945557,158.42,298.8948974609375,0.0003,12705
816581,-156.36530734,9,117082,820,0.20640131831169128,149.88198852539062,-0.206321120262146,154.97,273.0602722167969,0.0003,12760
816980,-110.28370767999999,9,117481,824,0.2056669294834137,172.50062561035156,0.28750932216644287,151.7,381.3199462890625,0.0003,12805
818322,-92.68929200000001,9,118823,828,0.20381931960582733,244.22018432617188,-0.34221360087394714,158.06,249.84056091308594,0.0003,12944
818863,-69.69172635,9,119364,832,0.20259404182434082,170.0032958984375,0.298217236995697,156.72,308.96337890625,0.0003,13004
819178,-59.133812009999964,9,119679,836,0.2038794606924057,164.74740600585938,-0.23273083567619324,153.51,284.07733154296875,0.0003,13040
819837,-64.41602825,9,120338,840,0.20234930515289307,166.2052001953125,0.06240375339984894,156.34,391.68145751953125,0.0003,13111
820633,-65.85198761999999,9,121134,844,0.19748681783676147,130.62850952148438,-0.4486464858055115,156.92,297.9415283203125,0.0003,13196
821347,-70.14790937000001,9,121848,848,0.19621343910694122,106.00347137451172,0.16894356906414032,158.3,382.8888854980469,0.0003,13272
822332,-118.27567313,9,122833,852,0.19980289041996002,122.0181884765625,0.048591673374176025,161.99,315.9947509765625,0.0003,13376
822744,-67.07134981999997,9,123245,856,0.1982373297214508,115.08462524414062,0.05284711718559265,158.22,338.86798095703125,0.0003,13422
823366,-72.28439383999998,9,123867,860,0.20750854909420013,186.9457550048828,0.04212700203061104,159.83,230.17735290527344,0.0003,13489
823757,-45.38831773999999,9,124258,864,0.20264774560928345,151.75050354003906,0.6083256006240845,157.87,255.97125244140625,0.0003,13533
824119,-40.727776510000005,9,124620,868,0.20109809935092926,114.30300903320312,-0.035067662596702576,156.15,275.16839599609375,0.0003,13575
824616,-18.245512890000004,9,125117,872,0.19569675624370575,145.7838134765625,0.1574990153312683,154.48,298.42828369140625,0.0003,13629
825290,-0.20058337000000392,9,125791,876,0.19871582090854645,134.66635131835938,-0.3349883258342743,156.39,330.8453369140625,0.0003,13702
826102,-6.08909870000001,9,126603,880,0.2026689052581787,165.3146514892578,-0.3770410120487213,159.32,251.20068359375,0.0003,13788
826599,-6.723610530000001,9,127100,884,0.2028668224811554,142.96435546875,0.010934524238109589,155.59,278.89776611328125,0.0003,13843
827411,8.760304089999993,9,127912,888,0.2099185287952423,143.20338439941406,0.08070380985736847,157.27,389.9056396484375,0.0003,13930
827905,11.299344469999994,9,128406,892,0.20776093006134033,128.60580444335938,0.28169286251068115,155.63,348.47308349609375,0.0003,13984
828617,63.637625019999994,9,129118,896,0.20515021681785583,182.86370849609375,-0.2508448660373688,155.61,263.5587463378906,0.0003,14060
829357,115.53267043000004,9,129858,900,0.19646205008029938,120.89321899414062,0.6250454187393188,156.63,238.00137329101562,0.0003,14140
829777,128.62672566,9,130278,904,0.19673798978328705,149.59228515625,0.4633115530014038,151.44,235.97694396972656,0.0003,14187
830162,90.58939366,9,130663,908,0.20057867467403412,141.44830322265625,0.11699426174163818,151.95,269.4808044433594,0.0003,14230
830813,98.34757559999998,9,131314,912,0.1953565627336502,162.38064575195312,0.03682772070169449,154.24,266.2095947265625,0.0003,14301
831621,132.31610852999998,9,132122,916,0.2005535066127777,132.60498046875,0.049282386898994446,155.33,348.977783203125,0.0003,14387
832205,129.96291663,9,132706,920,0.19787289202213287,112.92903137207031,0.3159547448158264,156.24,401.1072998046875,0.0003,14450
832941,121.05742490999997,9,133442,924,0.19397088885307312,146.0801239013672,0.17855122685432434,159.61,391.56414794921875,0.0003,14529
833709,137.81138952999999,9,134210,928,0.2026994675397873,137.64505004882812,-0.03606286644935608,153.87,249.40634155273438,0.0003,14611
834271,175.62574986999996,9,134772,932,0.2020561695098877,207.12374877929688,-0.36754363775253296,154.08,301.0647888183594,0.0003,14672
834627,175.03164051,9,135128,936,0.2058742344379425,157.9056854248047,-0.08782424032688141,154.49,333.3822021484375,0.0003,14713
835279,131.18303921999998,9,135780,940,0.20302647352218628,134.3289337158203,-0.06526778638362885,154.42,370.04888916015625,0.0003,14783
835804,159.56874452,9,136305,944,0.20004257559776306,94.96034240722656,0.2730296850204468,151.71,310.2724914550781,0.0003,14841
836703,147.7046219,9,137204,948,0.19336190819740295,172.85020446777344,-0.019719280302524567,153.56,238.76065063476562,0.0003,14936
837387,154.55049944999996,9,137888,952,0.19518053531646729,85.03760528564453,0.053264319896698,150.55,373.7115173339844,0.0003,15010
837956,150.3324763,9,138457,956,0.19643044471740723,180.62680053710938,0.39225873351097107,152.12,390.5048522949219,0.0003,15072
838878,120.25836027,9,139379,960,0.19819574058055878,83.6618423461914,0.29888078570365906,155.12,445.4740295410156,0.0003,15169
839846,65.19724790000001,9,140347,964,0.19140170514583588,185.5614013671875,0.03617739677429199,160.89,431.09918212890625,0.0003,15271
840552,71.69830113,9,141053,968,0.19673940539360046,121.77421569824219,0.5309531092643738,164.33,349.11212158203125,0.0003,15347
841648,55.93499216000001,9,142149,972,0.19121412932872772,143.05404663085938,0.25171586871147156,170.32,259.2781982421875,0.0003,15462
842090,94.04638911999999,9,142591,976,0.19633817672729492,137.34837341308594,-0.17465654015541077,168.0,300.9675598144531,0.0003,15511
842998,29.975883339999967,9,143499,980,0.18883512914180756,133.4550323486328,0.2655872106552124,168.96,326.05609130859375,0.0003,15607
844146,39.578933569999975,9,144647,984,0.19368673861026764,128.28375244140625,0.7628835439682007,175.47,525.5206298828125,0.0003,15727
844645,67.24316171,9,145146,988,0.19606564939022064,125.21197509765625,-0.039791837334632874,172.34,335.852783203125,0.0003,15782
845048,70.98769533999999,9,145549,992,0.19556790590286255,167.4819793701172,-0.07402671873569489,171.43,304.7605285644531,0.0003,15827
845678,73.92186275999998,9,146179,996,0.19829072058200836,77.30543518066406,0.4270004630088806,170.61,359.1495056152344,0.0003,15895
846543,69.14493531,9,147044,1000,0.1920454055070877,151.7631072998047,-0.2666178345680237,171.86,380.2762451171875,0.0003,15987
846898,53.43047788999999,9,147399,1004,0.19207650423049927,144.85296630859375,0.042269036173820496,171.21,248.06991577148438,0.0003,16028
847411,89.23045361999999,9,147912,1008,0.19306139647960663,176.66616821289062,-0.32457178831100464,172.49,223.87606811523438,0.0003,16084
848007,72.34897663,9,148508,1012,0.19358834624290466,143.27255249023438,-0.12279565632343292,171.94,218.80612182617188,0.0003,16149
848891,-10.248155530000009,9,149392,1016,0.1899348646402359,158.67404174804688,0.13336928188800812,172.7,638.3360595703125,0.0003,16242
