train/n_updates,train/learning_rate,time/total_timesteps,train/actor_loss,train/ent_coef_loss,time/episodes,time/fps,time/time_elapsed,rollout/ep_len_mean,train/critic_loss,rollout/ep_rew_mean,train/ent_coef
399940,0.0003,341,46.804134368896484,0.06608440726995468,4,8,39,85.25,706.304931640625,-270.77753325,0.5109792947769165
400308,0.0003,709,-18.187299728393555,0.1226167380809784,8,8,81,88.625,596.6920166015625,-72.79736000000003,0.5579311847686768
400827,0.0003,1228,-23.83611297607422,0.03983936831355095,12,8,139,102.33333333333333,1331.53662109375,-153.32003975,0.574843168258667
401126,0.0003,1527,-77.15576934814453,0.204115092754364,16,8,173,95.4375,1033.787841796875,-172.5782784375,0.5854871869087219
401619,0.0003,2020,-96.94674682617188,0.11260032653808594,20,8,228,101.0,1127.8046875,-35.0204495,0.6426560282707214
402228,0.0003,2629,-148.3608856201172,0.028367646038532257,24,8,294,109.54166666666667,1438.1611328125,49.16678324999998,0.7492309212684631
402810,0.0003,3211,-151.68035888671875,0.05918997526168823,28,8,358,114.67857142857143,1315.565673828125,52.18695207142854,0.7906923294067383
403476,0.0003,3877,-193.1361846923828,-0.030987709760665894,32,9,429,121.15625,1155.293212890625,99.34534565625,0.7299397587776184
403886,0.0003,4287,-149.5815887451172,0.01884189061820507,36,9,475,119.08333333333333,1900.181396484375,106.11415525000001,0.7375564575195312
404397,0.0003,4798,-181.83193969726562,0.02550816722214222,40,9,532,119.95,1375.753662109375,180.2986809,0.7191111445426941
404965,0.0003,5366,-182.94320678710938,-0.08479087799787521,44,9,594,121.95454545454545,1291.794921875,170.40648738636364,0.6930720806121826
405579,0.0003,5980,-132.46856689453125,0.0037880800664424896,48,9,660,124.58333333333333,1145.9415283203125,128.67461020833332,0.6981438398361206
406217,0.0003,6618,-124.62358093261719,-0.002676938660442829,52,9,729,127.26923076923077,1354.6339111328125,124.24641838461535,0.7061898112297058
406507,0.0003,6908,-154.5899658203125,0.03190043568611145,56,9,763,123.35714285714286,1685.5802001953125,128.45092201785715,0.7124462127685547
406877,0.0003,7278,-146.3556671142578,0.024210385978221893,60,9,805,121.3,1517.286865234375,129.98208536666667,0.7307314276695251
407284,0.0003,7685,-164.13882446289062,-0.03127637505531311,64,9,851,120.078125,1083.659912109375,153.6662455625,0.7346320748329163
407711,0.0003,8112,-170.19886779785156,-0.0900292918086052,68,9,899,119.29411764705883,1564.980712890625,173.97106379411767,0.7103129625320435
408204,0.0003,8605,-169.65115356445312,-0.02355702593922615,72,9,954,119.51388888888889,1320.2537841796875,212.72930870833335,0.7011553049087524
408693,0.0003,9094,-132.58761596679688,0.059346504509449005,76,9,1008,119.65789473684211,1129.51171875,246.88100759210528,0.7024667859077454
409339,0.0003,9740,-135.3022003173828,0.06854676455259323,80,9,1077,121.75,2386.334716796875,255.80013411250002,0.711355984210968
409687,0.0003,10088,-149.48223876953125,-0.05890475958585739,84,9,1117,120.0952380952381,1387.330078125,233.0116544404762,0.7089676260948181
410079,0.0003,10480,-202.4650115966797,0.04730171710252762,88,9,1162,119.0909090909091,1161.533447265625,263.16362972727273,0.6949918866157532
410553,0.0003,10954,-160.0601348876953,0.08752432465553284,92,9,1214,119.06521739130434,1156.251220703125,271.8108351195653,0.7059459090232849
411153,0.0003,11554,-182.32057189941406,0.02193191647529602,96,9,1279,120.35416666666667,2552.02001953125,293.9079663125,0.7062487006187439
411569,0.0003,11970,-149.8327178955078,0.01741892658174038,100,9,1326,119.7,1203.9681396484375,302.90883157999997,0.6961120963096619
412072,0.0003,12473,-147.883056640625,0.10126491636037827,104,9,1382,121.32,1318.1231689453125,333.79950346,0.6929845809936523
412534,0.0003,12935,-135.48997497558594,-0.00850868970155716,108,9,1433,122.26,1471.02880859375,365.37415811,0.6945276260375977
412980,0.0003,13381,-190.71807861328125,-0.059466179460287094,112,9,1483,121.53,1395.141357421875,412.54199595,0.6968642473220825
413318,0.0003,13719,-149.31674194335938,0.031047115102410316,116,9,1522,121.92,1222.352294921875,411.96287392,0.693952202796936
413689,0.0003,14090,-196.74374389648438,0.04146366938948631,120,9,1564,120.7,1956.4349365234375,428.23742701000003,0.697646975517273
414099,0.0003,14500,-161.89894104003906,-0.054498542100191116,124,9,1610,118.71,1434.342529296875,430.60284047999994,0.7057737112045288
414469,0.0003,14870,-151.323486328125,0.006505904719233513,128,8,1652,116.59,965.1375732421875,433.3056082499999,0.7102798223495483
414860,0.0003,15261,-138.07522583007812,-0.048569370061159134,132,8,1697,113.84,1114.4466552734375,451.84799073999994,0.7173834443092346
415504,0.0003,15905,-164.17376708984375,-0.0138118676841259,136,9,1766,116.18,2240.61572265625,460.48436905999995,0.7114211320877075
415908,0.0003,16309,-118.90203094482422,0.10022881627082825,140,8,1812,115.11,1453.448486328125,447.32056824999995,0.700867772102356
416259,0.0003,16660,-173.68875122070312,0.03520724177360535,144,8,1852,112.94,2986.11328125,451.34640721000005,0.6970109939575195
416671,0.0003,17072,-124.55738067626953,-0.042378414422273636,148,8,1898,110.92,1278.9599609375,469.21855598,0.6970354318618774
417062,0.0003,17463,-107.5716552734375,-0.03889235109090805,152,8,1943,108.45,1041.3858642578125,473.06331694999994,0.7074224948883057
417546,0.0003,17947,-155.06491088867188,0.025506431236863136,156,8,1997,110.39,1815.306884765625,501.20271002999993,0.7235748767852783
417972,0.0003,18373,-150.57070922851562,-0.07046926021575928,160,8,2044,110.95,1240.716796875,530.67691769,0.7459015846252441
418363,0.0003,18764,-141.95529174804688,-0.06924127787351608,164,8,2088,110.79,1585.468505859375,546.27384741,0.736198902130127
418755,0.0003,19156,-144.19561767578125,-0.01703546941280365,168,8,2133,110.44,1488.5888671875,546.92829887,0.7483886480331421
419130,0.0003,19531,-149.63760375976562,-0.06564627587795258,172,8,2176,109.26,1488.2501220703125,533.58266197,0.7489181756973267
419560,0.0003,19961,-137.83746337890625,0.04570519179105759,176,8,2224,108.67,2219.77099609375,518.5653189200001,0.7417998909950256
419961,0.0003,20362,-143.48963928222656,-0.0422167107462883,180,8,2269,106.22,1869.711181640625,537.7633302099999,0.7360137104988098
420360,0.0003,20761,-163.84298706054688,0.04459351673722267,184,8,2314,106.73,1507.3148193359375,552.83674238,0.7466633915901184
420826,0.0003,21227,-147.890869140625,0.00977150909602642,188,8,2366,107.47,1213.759765625,551.82763719,0.723214328289032
421292,0.0003,21693,-130.2050323486328,-0.12385305017232895,192,8,2418,107.39,1511.3787841796875,568.49738843,0.7123410105705261
421908,0.0003,22309,-139.7783203125,-0.005660761147737503,196,8,2485,107.55,1099.526611328125,568.19274753,0.6968680620193481
422378,0.0003,22779,-178.33987426757812,-0.015042481943964958,200,8,2537,108.09,956.522216796875,582.6618664900001,0.6794761419296265
422790,0.0003,23191,-147.185546875,0.008355269208550453,204,8,2584,107.18,1153.10205078125,598.1401535200001,0.6917413473129272
423165,0.0003,23566,-136.5010986328125,-0.08833877742290497,208,8,2626,106.31,1888.9534912109375,598.3402722200001,0.692772388458252
423690,0.0003,24091,-170.6256561279297,-0.04744943976402283,212,8,2684,107.1,1212.864501953125,597.8026858499999,0.6829016804695129
424108,0.0003,24509,-210.10475158691406,-0.06285977363586426,216,8,2731,107.9,2091.91162109375,613.94276616,0.6715311408042908
424435,0.0003,24836,-160.8256378173828,0.04382268711924553,220,8,2769,107.46,1079.782958984375,598.17814972,0.6701048016548157
425014,0.0003,25415,-120.64291381835938,-8.561089634895325e-05,224,8,2832,109.15,1322.27734375,609.55770441,0.6553570032119751
425703,0.0003,26104,-128.12393188476562,-0.11810268461704254,228,8,2906,112.34,1026.76953125,622.05028929,0.6561288237571716
426136,0.0003,26537,-125.09571838378906,-0.02514084428548813,232,8,2954,112.76,1414.10009765625,622.1147499900001,0.6423103213310242
426523,0.0003,26924,-142.71067810058594,0.008008971810340881,236,8,2998,110.19,1429.1328125,627.40336382,0.64052414894104
427138,0.0003,27539,-145.52789306640625,-0.03503026068210602,240,8,3065,112.3,942.882080078125,638.11260498,0.6361867785453796
427617,0.0003,28018,-188.90261840820312,0.047298580408096313,244,8,3118,113.58,1639.9208984375,665.9811450600001,0.622620165348053
428179,0.0003,28580,-159.33607482910156,-0.011819697916507721,248,8,3180,115.08,1064.27685546875,694.3018024099999,0.6279447078704834
428728,0.0003,29129,-179.6875,-0.05060944706201553,252,8,3240,116.66,1472.33251953125,720.3317318699999,0.6357907652854919
429204,0.0003,29605,-164.20848083496094,0.11637910455465317,256,8,3293,116.58,1622.494140625,720.8926465700001,0.6282168030738831
429709,0.0003,30110,-128.99337768554688,0.045269496738910675,260,8,3348,117.37,1235.2738037109375,719.8483686399999,0.6335721015930176
430135,0.0003,30536,-163.05172729492188,0.1743934452533722,264,8,3396,117.72,1588.59130859375,689.0090394500002,0.6349160075187683
430473,0.0003,30874,-152.0338897705078,0.056463487446308136,268,8,3435,117.18,1136.624755859375,705.0179322600001,0.6497037410736084
430949,0.0003,31350,-109.40351104736328,-0.11039451509714127,272,8,3487,118.19,1610.4912109375,686.2457337699998,0.6417580842971802
431453,0.0003,31854,-172.27587890625,-0.03426235914230347,276,8,3543,118.93,1596.041015625,700.10455278,0.635836660861969
431888,0.0003,32289,-136.26490783691406,-0.017037905752658844,280,8,3592,119.27,1485.7381591796875,683.4777915799999,0.6425185203552246
432336,0.0003,32737,-166.89935302734375,0.01636173576116562,284,8,3641,119.76,1118.743896484375,712.2031632500001,0.6398759484291077
432720,0.0003,33121,-126.99833679199219,-0.007173452526330948,288,8,3685,118.94,1111.805908203125,713.0243639000001,0.6374659538269043
433115,0.0003,33516,-171.06732177734375,0.04917963221669197,292,8,3730,118.23,1016.359375,714.7467364700002,0.6356346011161804
433511,0.0003,33912,-124.2305908203125,-0.004120072815567255,296,8,3775,116.03,832.914306640625,719.8152044799998,0.6344007253646851
433924,0.0003,34325,-188.35800170898438,-0.008938737213611603,300,8,3821,115.46,2974.763671875,719.7289033299999,0.6251102685928345
434412,0.0003,34813,-167.510986328125,-0.05843231454491615,304,8,3875,116.22,1013.4490966796875,702.7237207300001,0.6121800541877747
434888,0.0003,35289,-145.94122314453125,-0.10222573578357697,308,8,3928,117.23,813.671142578125,700.9880180599998,0.6135278344154358
435355,0.0003,35756,-193.26751708984375,0.020975638180971146,312,8,3980,116.65,1175.119873046875,702.7779013300001,0.6185420155525208
435842,0.0003,36243,-162.89767456054688,-0.07165001332759857,316,8,4034,117.34,980.54443359375,716.7452298700002,0.6144075989723206
436253,0.0003,36654,-174.409912109375,0.08483336120843887,320,8,4080,118.18,1592.505859375,731.38269744,0.6033180952072144
436728,0.0003,37129,-141.27947998046875,0.0007360689342021942,324,8,4133,117.14,1470.9951171875,733.67330923,0.6017923951148987
437327,0.0003,37728,-118.43318176269531,0.03711302578449249,328,8,4198,116.24,1280.146240234375,732.56789123,0.6046711206436157
437742,0.0003,38143,-191.16110229492188,0.18307150900363922,332,8,4245,116.06,1531.62939453125,718.05371252,0.59979248046875
438161,0.0003,38562,-172.47149658203125,-0.14115458726882935,336,8,4292,116.38,957.99365234375,718.4029644000001,0.5797203779220581
438616,0.0003,39017,-131.73828125,0.12081023305654526,340,8,4342,114.78,1473.15673828125,721.2244533199998,0.5848961472511292
439032,0.0003,39433,-231.75332641601562,-0.13837483525276184,344,8,4389,114.15,1306.969970703125,705.3579993499999,0.5868596434593201
439530,0.0003,39931,-137.22877502441406,-0.037366218864917755,348,8,4444,113.51,1633.2474365234375,708.4461313399999,0.5788953304290771
439908,0.0003,40309,-182.3290252685547,-0.06348129361867905,352,8,4487,111.8,910.26123046875,711.30586676,0.5852285027503967
440404,0.0003,40805,-189.89874267578125,0.004274830222129822,356,8,4542,112.0,1519.8955078125,710.3240426799999,0.5870452523231506
440819,0.0003,41220,-124.63888549804688,-0.06371012330055237,360,8,4589,111.1,838.212890625,711.1241657,0.578852117061615
441135,0.0003,41536,-180.2962646484375,0.047490380704402924,364,8,4626,110.0,1167.5400390625,727.80948601,0.5664480328559875
441487,0.0003,41888,-214.56048583984375,-0.14379346370697021,368,8,4666,110.14,1001.1341552734375,712.51724965,0.5698323249816895
441932,0.0003,42333,-229.02578735351562,0.07942858338356018,372,8,4716,109.83,1173.821044921875,728.9878792100001,0.580903947353363
442424,0.0003,42825,-155.01101684570312,-0.1306914985179901,376,8,4770,109.71,920.899658203125,714.72932561,0.5727951526641846
442877,0.0003,43278,-162.24522399902344,-0.04917505383491516,380,8,4821,109.89,852.9521484375,730.51169833,0.5620791912078857
443359,0.0003,43760,-235.89376831054688,0.10135561227798462,384,8,4874,110.23,1358.3505859375,714.1231028399999,0.5516865849494934
443769,0.0003,44170,-197.3418731689453,0.09067074209451675,388,8,4920,110.49,1453.912353515625,714.0463127000002,0.5458492040634155
444188,0.0003,44589,-205.98114013671875,0.043761465698480606,392,8,4967,110.73,1491.967041015625,696.94555644,0.5467929840087891
444637,0.0003,45038,-167.98184204101562,0.08873096853494644,396,8,5018,111.26,783.1474609375,679.3998391199999,0.550777018070221
445079,0.0003,45480,-170.81906127929688,0.07119479030370712,400,8,5067,111.55,1729.9197998046875,649.4183438800001,0.545244038105011
445535,0.0003,45936,-176.66407775878906,-0.17745815217494965,404,8,5118,111.23,1022.5108642578125,665.99450904,0.5535173416137695
445983,0.0003,46384,-152.82241821289062,-0.017649687826633453,408,8,5168,110.95,1343.468994140625,667.1495195699999,0.5428625345230103
446325,0.0003,46726,-157.9044647216797,0.03230629116296768,412,8,5207,109.7,1236.3837890625,637.8786817999999,0.5376912355422974
446925,0.0003,47326,-170.69432067871094,0.0389074981212616,416,8,5272,110.83,1070.646240234375,650.9756077000001,0.5494867563247681
447307,0.0003,47708,-191.74966430664062,-0.10415634512901306,420,8,5316,110.54,893.9756469726562,635.30583859,0.5395688414573669
447655,0.0003,48056,-198.28660583496094,0.04060457646846771,424,8,5356,109.27,1494.947509765625,606.6386556799999,0.5317352414131165
448030,0.0003,48431,-176.38302612304688,0.028653040528297424,428,8,5399,107.03,1175.5224609375,626.15590349,0.543204665184021
448422,0.0003,48823,-203.57644653320312,0.04784071817994118,432,8,5443,106.8,1052.6251220703125,625.81514106,0.5423005819320679
448853,0.0003,49254,-181.48687744140625,0.07202447205781937,436,8,5491,106.92,1626.9969482421875,640.94506003,0.5408827662467957
449259,0.0003,49660,-181.7913818359375,-0.08333553373813629,440,8,5537,106.43,918.2237548828125,625.9151507700001,0.5478193163871765
449762,0.0003,50163,-158.20626831054688,0.06680929660797119,444,8,5593,107.3,1526.4554443359375,625.5742462599999,0.5332122445106506
450243,0.0003,50644,-189.62286376953125,-0.05049755424261093,448,8,5646,107.13,1115.250244140625,608.25575121,0.5384571552276611
450625,0.0003,51026,-151.76235961914062,-0.07606501132249832,452,8,5689,107.17,934.5608520507812,593.7975898499999,0.5502630472183228
450996,0.0003,51397,-150.8926239013672,-0.13068382441997528,456,8,5732,105.92,2663.6875,580.3354266199999,0.5449864268302917
451542,0.0003,51943,-161.47071838378906,0.05690255016088486,460,8,5792,107.23,1666.34912109375,563.5926013999999,0.5399757623672485
451949,0.0003,52350,-127.1311264038086,-0.03524445742368698,464,8,5838,108.14,1092.984130859375,562.4004189399999,0.5423372983932495
452338,0.0003,52739,-161.24331665039062,0.0934884324669838,468,8,5882,108.51,1553.5421142578125,578.1119101699999,0.549157977104187
452729,0.0003,53130,-171.28598022460938,-0.10217548906803131,472,8,5926,107.97,1551.793212890625,579.5126187000001,0.537889301776886
453183,0.0003,53584,-162.3140106201172,-0.023906715214252472,476,8,5977,107.59,1144.143798828125,595.8939484199999,0.5318215489387512
453590,0.0003,53991,-188.8167724609375,-0.12147292494773865,480,8,6023,107.13,1148.3226318359375,581.15238519,0.5314206480979919
453999,0.0003,54400,-176.2090301513672,-0.20872542262077332,484,8,6069,106.4,1270.310546875,598.2324808799999,0.5268118381500244
454441,0.0003,54842,-215.04705810546875,0.023434091359376907,488,8,6118,106.72,1176.083740234375,582.8285030599999,0.5328077077865601
455025,0.0003,55426,-152.06210327148438,-0.09035119414329529,492,8,6182,108.37,1167.8631591796875,596.14472238,0.5358482599258423
455465,0.0003,55866,-183.93019104003906,0.1425076425075531,496,8,6231,108.28,3327.77978515625,612.65125915,0.5529624223709106
455900,0.0003,56301,-190.8585205078125,0.00694688968360424,500,8,6280,108.21,1324.26171875,642.5328592999999,0.5513917803764343
456501,0.0003,56902,-215.50314331054688,0.0640992671251297,504,8,6345,109.66,1551.333984375,639.88957978,0.5442861914634705
456799,0.0003,57200,-192.25772094726562,-0.006347872316837311,508,8,6380,108.16,1378.1435546875,640.6788350399999,0.5469295978546143
457347,0.0003,57748,-171.36474609375,0.020366322249174118,512,8,6440,110.22,1399.18994140625,668.32230866,0.5504269003868103
457858,0.0003,58259,-175.17782592773438,0.1859394907951355,516,8,6496,109.33,1208.8878173828125,652.9131040199999,0.5456392168998718
458219,0.0003,58620,-218.78952026367188,0.09953313320875168,520,8,6537,109.12,1031.307861328125,669.2009301599999,0.552088737487793
458716,0.0003,59117,-194.64979553222656,0.01725691929459572,524,8,6592,110.61,1957.395751953125,667.3436862399998,0.5507898330688477
459095,0.0003,59496,-140.28094482421875,-0.12708604335784912,528,8,6635,110.65,1161.540283203125,667.2646577499999,0.5368202328681946
459499,0.0003,59900,-192.19952392578125,0.06489922106266022,532,8,6681,110.77,1933.8970947265625,681.8373306300001,0.5417910218238831
459881,0.0003,60282,-189.1862335205078,0.1520429253578186,536,8,6724,110.28,1539.85888671875,682.60455503,0.5275837182998657
460266,0.0003,60667,-218.5518798828125,-0.1855429857969284,540,8,6768,110.07,1472.6790771484375,699.77211987,0.5433266162872314
460720,0.0003,61121,-134.98556518554688,-0.0741361528635025,544,8,6818,109.58,1334.256591796875,701.4191376,0.5404149293899536
461109,0.0003,61510,-170.02182006835938,0.07253767549991608,548,8,6863,108.66,1637.5242919921875,719.05854973,0.5402980446815491
461666,0.0003,62067,-208.4979705810547,0.13192883133888245,552,8,6923,110.41,2781.710693359375,730.8168009999999,0.5430716276168823
462178,0.0003,62579,-163.75857543945312,0.048568159341812134,556,8,6980,111.82,905.2083740234375,744.08007679,0.5500680804252625
462615,0.0003,63016,-188.03448486328125,0.16256237030029297,560,8,7029,110.73,1666.885009765625,761.1986531499999,0.5370125770568848
463106,0.0003,63507,-219.09523010253906,0.18746966123580933,564,8,7083,111.57,960.1940307617188,775.33874166,0.526941180229187
463523,0.0003,63924,-179.51449584960938,0.06298002600669861,568,8,7130,111.85,2159.131591796875,774.04841375,0.5213162302970886
464110,0.0003,64511,-157.06515502929688,-0.10392510145902634,572,8,7194,113.81,1223.827880859375,785.39355955,0.5284429788589478
464521,0.0003,64922,-269.8359375,-0.14874902367591858,576,8,7240,113.38,1048.420166015625,785.7309464399998,0.5311144590377808
465015,0.0003,65416,-200.26031494140625,0.11627298593521118,580,8,7295,114.25,1227.94189453125,799.08067658,0.5449556112289429
465423,0.0003,65824,-179.52273559570312,-0.13926678895950317,584,8,7341,114.24,1303.5709228515625,782.91280363,0.5311341285705566
465900,0.0003,66301,-207.37521362304688,0.16215303540229797,588,8,7394,114.59,1310.3797607421875,797.8446548900001,0.5205388069152832
466335,0.0003,66736,-123.49504852294922,0.025238968431949615,592,8,7443,113.1,1018.8016967773438,800.47745166,0.533098578453064
466825,0.0003,67226,-141.00875854492188,-0.23843643069267273,596,8,7497,113.6,1011.0485229492188,798.9449136100001,0.5408768653869629
467305,0.0003,67706,-192.81150817871094,0.06984934210777283,600,8,7550,114.05,978.341064453125,798.8004511999998,0.5218833684921265
467911,0.0003,68312,-230.295654296875,0.08174183964729309,604,8,7616,114.1,1119.679443359375,798.50710796,0.5177156925201416
468360,0.0003,68761,-221.05162048339844,0.09190915524959564,608,8,7666,115.61,1091.621826171875,781.7510550200002,0.5003276467323303
468847,0.0003,69248,-172.89952087402344,-0.13249337673187256,612,8,7720,115.0,1027.15771484375,782.4587359000001,0.5102347731590271
469219,0.0003,69620,-200.56607055664062,-0.07842189073562622,616,8,7762,113.61,1436.387451171875,770.10306634,0.5170788168907166
469617,0.0003,70018,-177.65328979492188,-0.004543285816907883,620,8,7807,113.98,1637.9322509765625,755.06439794,0.5190517902374268
469959,0.0003,70360,-166.01934814453125,0.0474872849881649,624,8,7846,112.43,2051.24853515625,787.1434806199999,0.5109672546386719
470326,0.0003,70727,-207.77163696289062,-0.010190537199378014,628,8,7888,112.31,1890.709716796875,787.5700938400001,0.5154358744621277
470799,0.0003,71200,-206.5128173828125,0.13631212711334229,632,8,7941,113.0,1077.84521484375,787.73871132,0.525648295879364
471237,0.0003,71638,-184.4324951171875,-0.034249965101480484,636,8,7990,113.56,2392.029052734375,771.2457469200001,0.5205757021903992
471733,0.0003,72134,-163.8644256591797,0.15373805165290833,640,8,8045,114.67,1243.54833984375,754.0004568100001,0.5097873210906982
472281,0.0003,72682,-169.945068359375,-0.07809385657310486,644,8,8104,115.61,1118.851318359375,767.1112019300001,0.5062164068222046
472702,0.0003,73103,-184.26593017578125,0.02817690372467041,648,8,8152,115.93,1070.8935546875,767.1157956599999,0.5019964575767517
473085,0.0003,73486,-144.77032470703125,-0.11147851496934891,652,8,8195,114.19,1365.39990234375,770.14055335,0.5256656408309937
473582,0.0003,73983,-190.36956787109375,-0.10368628799915314,656,8,8250,114.04,926.8721923828125,769.42388993,0.5160737633705139
474145,0.0003,74546,-176.4384307861328,-0.11276902258396149,660,8,8312,115.3,1239.0828857421875,767.33973303,0.50818932056427
474593,0.0003,74994,-183.3189697265625,-0.07972987741231918,664,8,8362,114.87,1488.17529296875,768.0413097900002,0.49029016494750977
475013,0.0003,75414,-209.80206298828125,0.2200918048620224,668,8,8409,114.9,1083.6376953125,768.6680047500001,0.4824414849281311
475414,0.0003,75815,-204.4129638671875,0.22008803486824036,672,8,8454,113.04,639.6339111328125,772.7849417599998,0.4976843297481537
475888,0.0003,76289,-214.853271484375,-0.08996487408876419,676,8,8507,113.67,1821.733154296875,771.4426418800001,0.5053285956382751
476403,0.0003,76804,-192.6241455078125,-0.06616320461034775,680,8,8563,113.88,984.2564697265625,755.9991346300001,0.505355954170227
476703,0.0003,77104,-209.60134887695312,0.09661708772182465,684,8,8599,112.8,1202.34326171875,758.1767112999999,0.502929151058197
477079,0.0003,77480,-209.6596221923828,-0.036187656223773956,688,8,8641,111.79,1106.8150634765625,743.84031592,0.4899437725543976
477572,0.0003,77973,-199.12918090820312,-0.22683647274971008,692,8,8696,112.37,832.008544921875,741.9519763100001,0.4956948757171631
478062,0.0003,78463,-184.13723754882812,0.025412648916244507,696,8,8750,112.37,1037.771728515625,742.1203594,0.4888167977333069
478467,0.0003,78868,-215.40188598632812,0.14321786165237427,700,8,8796,111.62,2131.444091796875,743.29100456,0.4980542063713074
478878,0.0003,79279,-149.46636962890625,-0.15586745738983154,704,8,8842,109.67,934.141845703125,731.21812671,0.490997850894928
479385,0.0003,79786,-218.97891235351562,-0.07968731224536896,708,8,8898,110.25,1194.647216796875,746.3309793200001,0.4982247054576874
480064,0.0003,80465,-208.58526611328125,-0.1189553439617157,712,8,8971,112.17,733.9521484375,742.87070536,0.49347665905952454
480558,0.0003,80959,-205.72988891601562,-0.18244680762290955,716,8,9026,113.39,902.5393676757812,771.03259423,0.49600696563720703
480938,0.0003,81339,-214.5050506591797,-0.0914648026227951,720,8,9069,113.21,2716.127685546875,770.915864,0.4981299340724945
481556,0.0003,81957,-132.81983947753906,-0.009420998394489288,724,8,9136,115.97,1184.56005859375,767.45788216,0.5013450384140015
482127,0.0003,82528,-212.95889282226562,0.00957048311829567,728,8,9198,118.01,1567.8221435546875,764.7600795399999,0.49153611063957214
482576,0.0003,82977,-224.04820251464844,-0.02197542041540146,732,8,9248,117.77,1419.2689208984375,764.9682879099997,0.4951390326023102
483046,0.0003,83447,-202.7758331298828,0.138861745595932,736,8,9300,118.09,1057.951904296875,764.0728737,0.5026606917381287
483485,0.0003,83886,-202.9840087890625,-0.0278666689991951,740,8,9349,117.52,808.0703125,779.95007549,0.4822482466697693
483863,0.0003,84264,-219.78329467773438,0.027450047433376312,744,8,9392,115.82,1011.2405395507812,784.13353052,0.48710280656814575
484348,0.0003,84749,-174.903564453125,-0.09531505405902863,748,8,9446,116.46,874.3712768554688,781.96460345,0.487173467874527
484814,0.0003,85215,-209.25411987304688,-0.043685898184776306,752,8,9498,117.29,1232.411376953125,766.8611198799999,0.510918378829956
485211,0.0003,85612,-195.96328735351562,-0.015585608780384064,756,8,9543,116.29,1072.3758544921875,753.33070739,0.5077666640281677
485629,0.0003,86030,-200.93765258789062,-0.04082142561674118,760,8,9590,114.84,1358.2967529296875,740.37922524,0.49017778038978577
486136,0.0003,86537,-198.92344665527344,-0.03580313175916672,764,8,9646,115.43,684.704833984375,739.2332288399999,0.47731608152389526
486627,0.0003,87028,-187.11474609375,-0.0956641212105751,768,8,9700,116.14,776.6156005859375,737.7058098100001,0.49075910449028015
487054,0.0003,87455,-195.97979736328125,-0.17134837806224823,772,8,9748,116.4,829.4697265625,736.9867821700001,0.4909757077693939
487443,0.0003,87844,-195.30630493164062,-0.2205982804298401,776,8,9792,115.55,1269.468505859375,724.4791422200001,0.5095045566558838
487849,0.0003,88250,-195.69253540039062,-0.050355181097984314,780,8,9838,114.46,1361.996337890625,727.6246188499999,0.5092256665229797
488283,0.0003,88684,-187.38491821289062,-0.05907094106078148,784,8,9886,115.8,1261.0,709.8843905099999,0.493745893239975
488693,0.0003,89094,-234.99403381347656,0.051827915012836456,788,8,9933,116.14,1330.330810546875,724.6370758200001,0.4816942512989044
489088,0.0003,89489,-206.34295654296875,-0.09209723770618439,792,8,9977,115.16,1291.3331298828125,711.7414213200001,0.48823514580726624
489525,0.0003,89926,-240.4022674560547,0.07736846059560776,796,8,10026,114.63,1171.10400390625,712.9009955399998,0.47613975405693054
490009,0.0003,90410,-186.96774291992188,0.15450674295425415,800,8,10080,115.42,1304.434326171875,711.94590784,0.4854089617729187
490494,0.0003,90895,-218.40814208984375,0.17676803469657898,804,8,10134,116.16,1266.425048828125,726.85473199,0.4817779064178467
490883,0.0003,91284,-199.43299865722656,-0.13829916715621948,808,8,10178,114.98,1020.84765625,726.6653575500001,0.49782794713974
491313,0.0003,91714,-229.10728454589844,-0.06399853527545929,812,8,10226,112.49,1011.795166015625,730.7526907899997,0.4923955798149109
491713,0.0003,92114,-214.89015197753906,0.14042916893959045,816,8,10271,111.55,1271.6773681640625,733.28649084,0.49259456992149353
492149,0.0003,92550,-207.33709716796875,-0.07460210472345352,820,8,10320,112.11,986.3671264648438,747.1269370199999,0.4981924891471863
492544,0.0003,92945,-213.1497802734375,0.0007756352424621582,824,8,10365,109.88,1939.192138671875,735.33981679,0.4825955331325531
493025,0.0003,93426,-234.21949768066406,0.050586678087711334,828,8,10418,108.98,1274.0675048828125,721.0549359199998,0.4743855893611908
493414,0.0003,93815,-207.97933959960938,0.03595718368887901,832,8,10462,108.38,1314.853759765625,721.5372935499997,0.4789898693561554
493780,0.0003,94181,-235.2556915283203,0.17790696024894714,836,8,10504,107.34,3318.446044921875,723.9832642600002,0.49628159403800964
494178,0.0003,94579,-213.95657348632812,0.27622729539871216,840,8,10549,106.93,861.5645751953125,725.4069053000001,0.4921570420265198
494594,0.0003,94995,-205.76278686523438,0.019172126427292824,844,8,10595,107.31,1253.4534912109375,724.3666919500001,0.493229478597641
494985,0.0003,95386,-222.5467987060547,0.10905390977859497,848,8,10640,106.37,1016.7742919921875,726.0664370899999,0.49745458364486694
495408,0.0003,95809,-266.17132568359375,-0.05290635675191879,852,8,10687,105.94,1449.276123046875,740.7025483400002,0.4964132010936737
495823,0.0003,96224,-216.55743408203125,0.022491812705993652,856,8,10734,106.12,1099.350341796875,755.7062043799998,0.49313780665397644
496412,0.0003,96813,-205.52569580078125,-0.12634313106536865,860,8,10798,107.83,896.259521484375,767.9619662200001,0.48768240213394165
496829,0.0003,97230,-193.78753662109375,0.05014602839946747,864,8,10845,106.93,1705.66552734375,769.3588575299999,0.48639339208602905
497300,0.0003,97701,-221.62928771972656,0.31541526317596436,868,8,10897,106.73,1070.5439453125,769.2925144300002,0.46787381172180176
497617,0.0003,98018,-195.8665008544922,-0.2671360373497009,872,8,10934,105.63,1044.4384765625,770.6985474100001,0.4715785086154938
498071,0.0003,98472,-218.06112670898438,-0.1342967301607132,876,8,10985,106.28,854.0718383789062,783.4816762100002,0.47340139746665955
498417,0.0003,98818,-235.422607421875,0.21979106962680817,880,8,11024,105.68,964.098876953125,798.1482621799998,0.48633140325546265
498875,0.0003,99276,-200.65382385253906,-0.13287775218486786,884,8,11076,105.92,1085.4464111328125,815.19990035,0.49509724974632263
499236,0.0003,99637,-218.68209838867188,0.06381560117006302,888,8,11117,105.43,964.735595703125,816.1523087400002,0.4871073365211487
499668,0.0003,100069,-222.2720947265625,-0.0810435563325882,892,8,11165,105.8,1477.009521484375,815.10164609,0.4711405634880066
500056,0.0003,100457,-206.8369140625,0.04129672423005104,896,8,11209,105.31,1216.596923828125,815.6430381900001,0.46229416131973267
500347,0.0003,100748,-211.8966064453125,0.18284441530704498,900,8,11244,103.38,1228.117919921875,801.8256877000001,0.46487465500831604
500794,0.0003,101195,-212.45254516601562,-0.02001548558473587,904,8,11294,103.0,838.3704833984375,802.13709713,0.44635140895843506
501303,0.0003,101704,-255.1450653076172,0.10314041376113892,908,8,11350,104.2,1313.5654296875,801.6884176899999,0.4618769884109497
501737,0.0003,102138,-238.77276611328125,-0.10585366934537888,912,8,11398,104.24,994.211181640625,801.45043629,0.46271947026252747
502160,0.0003,102561,-210.47018432617188,-0.12671992182731628,916,8,11446,104.47,944.2588500976562,801.22494339,0.4655055105686188
502473,0.0003,102874,-219.36837768554688,0.1479586511850357,920,8,11482,103.24,942.152099609375,803.60723678,0.4803425371646881
502905,0.0003,103306,-212.8699951171875,-0.11830701678991318,924,8,11531,103.61,1038.6500244140625,787.4746002500001,0.47274646162986755
503422,0.0003,103823,-208.850830078125,-0.26797837018966675,928,8,11588,103.97,1572.5509033203125,801.210571,0.46649137139320374
503778,0.0003,104179,-226.88619995117188,-0.012843552976846695,932,8,11629,103.64,1464.5540771484375,801.7474661,0.47043949365615845
504277,0.0003,104678,-211.7901153564453,-0.10907170921564102,936,8,11684,104.97,1366.0595703125,815.17529098,0.4534633159637451
504625,0.0003,105026,-240.98516845703125,-0.0722174197435379,940,8,11724,104.47,1030.2327880859375,785.70700264,0.45618128776550293
504998,0.0003,105399,-236.83926391601562,0.03012615628540516,944,8,11766,104.04,950.9716186523438,785.78402891,0.474296897649765
505387,0.0003,105788,-249.38418579101562,0.012331128120422363,948,8,11810,104.02,1364.917236328125,785.68263458,0.4825938642024994
505819,0.0003,106220,-254.8865509033203,-0.14816293120384216,952,8,11859,104.11,4134.9443359375,785.35831799,0.47519367933273315
506251,0.0003,106652,-219.07861328125,-0.004935568198561668,956,8,11907,104.28,1156.19482421875,784.9664600600003,0.48129406571388245
506767,0.0003,107168,-192.72744750976562,0.0073247551918029785,960,8,11964,103.55,1012.7413330078125,786.98632467,0.4776332676410675
507165,0.0003,107566,-239.43411254882812,0.06226043403148651,964,8,12009,103.36,995.71826171875,786.67473423,0.46296384930610657
507586,0.0003,107987,-202.0582275390625,0.046848103404045105,968,8,12056,102.86,1195.26171875,787.9852006400001,0.4654077887535095
508106,0.0003,108507,-207.91244506835938,-0.2802104949951172,972,8,12113,104.89,1539.959716796875,785.5591089,0.4580460488796234
508587,0.0003,108988,-211.2412109375,-0.11057484149932861,976,8,12167,105.16,904.8189086914062,785.2262041100001,0.4447977542877197
509040,0.0003,109441,-189.8238525390625,0.004081869497895241,980,8,12217,106.23,765.1544799804688,783.0607600200002,0.4654982089996338
509424,0.0003,109825,-192.96054077148438,0.09116024523973465,984,8,12261,105.49,877.9125366210938,798.3265134499998,0.47528284788131714
509905,0.0003,110306,-200.17697143554688,-0.012754874303936958,988,8,12314,106.69,1079.82177734375,796.9788101299999,0.4681439995765686
510272,0.0003,110673,-233.39669799804688,-0.22753211855888367,992,8,12356,106.04,729.28857421875,783.63742399,0.4690929651260376
510742,0.0003,111143,-184.15890502929688,0.10632003098726273,996,8,12408,106.86,831.6170043945312,782.3026501900001,0.4626169204711914
511103,0.0003,111504,-221.71554565429688,0.026221277192234993,1000,8,12449,107.56,941.0010986328125,797.3945344600002,0.45642611384391785
511592,0.0003,111993,-204.60255432128906,-0.13413256406784058,1004,8,12504,107.98,1295.029052734375,795.93487361,0.4613633453845978
512072,0.0003,112473,-225.6046142578125,-0.21555174887180328,1008,8,12557,107.69,1775.4443359375,795.39926751,0.4683058559894562
512573,0.0003,112974,-251.92347717285156,0.06156295910477638,1012,8,12612,108.36,1271.442138671875,794.25757223,0.4683871865272522
513004,0.0003,113405,-225.55224609375,-0.053162191063165665,1016,8,12660,108.44,1003.7999267578125,793.5077721100001,0.4687604010105133
513499,0.0003,113900,-199.953125,0.1020163968205452,1020,8,12715,110.26,922.9820556640625,790.3982931700001,0.44358202815055847
513924,0.0003,114325,-203.69390869140625,-0.05575081706047058,1024,8,12762,110.19,1152.017578125,821.0841216900001,0.4431079924106598
514287,0.0003,114688,-233.9478759765625,0.10945858061313629,1028,8,12804,108.65,1143.554443359375,809.1297422199999,0.4424840211868286
514789,0.0003,115190,-229.25294494628906,-0.2076096534729004,1032,8,12859,110.11,733.12158203125,805.44711503,0.44723236560821533
515205,0.0003,115606,-214.37872314453125,-0.18564960360527039,1036,8,12906,109.28,1214.1199951171875,790.86996321,0.46359163522720337
515554,0.0003,115955,-205.77198791503906,0.11378580331802368,1040,8,12946,109.29,844.1767578125,805.41360136,0.4422130882740021
515898,0.0003,116299,-265.92987060546875,-0.33854782581329346,1044,8,12986,109.0,1800.86279296875,805.3919760699999,0.4354263246059418
516312,0.0003,116713,-228.43536376953125,-0.18068061769008636,1048,8,13033,109.25,604.963623046875,805.4025855099999,0.4477633535861969
516685,0.0003,117086,-218.24462890625,-0.08255679905414581,1052,8,13075,108.66,712.5804443359375,791.7741943999998,0.4483049809932709
517158,0.0003,117559,-245.3922119140625,-0.2851144075393677,1056,8,13128,109.07,1035.4508056640625,791.2206581900001,0.4451144337654114
517530,0.0003,117931,-275.9060974121094,0.1538541316986084,1060,8,13170,107.63,1054.3895263671875,793.2298263200001,0.4440271258354187
517907,0.0003,118308,-206.33456420898438,-0.08944400399923325,1064,8,13213,107.42,1545.9710693359375,793.96938105,0.4583514630794525
518456,0.0003,118857,-278.32183837890625,-0.051746029406785965,1068,8,13273,108.7,1139.484619140625,791.3162001900001,0.4581305980682373
518869,0.0003,119270,-233.99989318847656,-0.12245020270347595,1072,8,13319,107.63,1059.9078369140625,792.4739474600002,0.4311601221561432
519336,0.0003,119737,-263.7681884765625,0.09288892149925232,1076,8,13371,107.49,843.405029296875,793.1291318399999,0.43120282888412476
519870,0.0003,120271,-233.38290405273438,-0.07312712073326111,1080,8,13430,108.3,1089.16162109375,792.3280664399999,0.42654311656951904
520309,0.0003,120710,-206.30599975585938,-0.008646104484796524,1084,8,13479,108.85,1014.3626098632812,791.4481808700001,0.4262070655822754
520642,0.0003,121043,-252.81594848632812,0.1961742490530014,1088,8,13518,107.37,774.3403930664062,777.9721831700001,0.4432590901851654
521092,0.0003,121493,-232.86941528320312,0.21171922981739044,1092,8,13568,108.2,1750.17529296875,806.7793205099999,0.4479287266731262
521453,0.0003,121854,-250.97262573242188,-0.023639380931854248,1096,8,13609,107.11,861.4187622070312,808.3494370700001,0.45125651359558105
521891,0.0003,122292,-255.6626434326172,-0.17612914741039276,1100,8,13658,107.88,1380.638427734375,807.5389396700001,0.43135321140289307
522342,0.0003,122743,-226.32427978515625,0.03173619508743286,1104,8,13708,107.5,633.633056640625,809.10404736,0.4240642189979553
522802,0.0003,123203,-263.0596923828125,-0.03940688818693161,1108,8,13759,107.3,942.7696533203125,809.13910817,0.4360213577747345
523220,0.0003,123621,-273.89996337890625,0.09804514050483704,1112,8,13807,106.47,784.9771728515625,810.93230334,0.44506290555000305
523617,0.0003,124018,-253.5012664794922,0.22095945477485657,1116,8,13852,106.13,927.6177978515625,811.3407153500001,0.4435415267944336
524069,0.0003,124470,-232.32452392578125,0.1799326390028,1120,8,13902,105.7,971.862060546875,812.1112665800001,0.4409811496734619
524540,0.0003,124941,-271.0675048828125,0.0960942804813385,1124,8,13954,106.16,961.540283203125,796.1140740300002,0.441697895526886
524957,0.0003,125358,-233.89691162109375,-0.1608438938856125,1128,8,14001,106.7,960.17431640625,810.46783506,0.44073352217674255
525328,0.0003,125729,-256.39727783203125,-0.28857365250587463,1132,8,14044,105.39,526.0134887695312,813.6919730499999,0.44956520199775696
525743,0.0003,126144,-275.4114990234375,-0.18466675281524658,1136,8,14091,105.38,774.000244140625,828.18816846,0.44196048378944397
526202,0.0003,126603,-243.60903930664062,-0.038262903690338135,1140,8,14142,106.48,1484.551025390625,842.0436360100002,0.4353472590446472
526628,0.0003,127029,-300.6294250488281,0.06505241990089417,1144,8,14190,107.3,2822.4970703125,841.45892741,0.44088882207870483
527121,0.0003,127522,-289.59344482421875,0.1519259810447693,1148,8,14244,108.09,817.36328125,840.23408877,0.44085440039634705
527503,0.0003,127904,-235.47396850585938,0.2099146544933319,1152,8,14287,108.18,3022.685791015625,854.8653986799999,0.42645618319511414
527940,0.0003,128341,-213.4513702392578,-0.15038539469242096,1156,8,14336,107.82,943.4473266601562,855.4055936799999,0.41663050651550293
528387,0.0003,128788,-263.4901123046875,0.013807438313961029,1160,8,14386,108.57,763.38427734375,853.52309257,0.42083218693733215
528852,0.0003,129253,-261.8455810546875,0.20720624923706055,1164,8,14438,109.45,1213.219970703125,852.4640819700002,0.42834800481796265
529406,0.0003,129807,-244.97915649414062,-0.010135257616639137,1168,8,14499,109.5,760.5194091796875,851.17680084,0.4141649603843689
529908,0.0003,130309,-253.13645935058594,-0.07086092978715897,1172,8,14554,110.39,1138.4361572265625,849.4699447600001,0.4211934208869934
530336,0.0003,130737,-245.50979614257812,-0.14887836575508118,1176,8,14602,110.0,828.906005859375,850.34349639,0.4178183376789093
530734,0.0003,131135,-279.945556640625,-0.23540881276130676,1180,8,14647,108.64,837.4857177734375,852.9402657799999,0.42525312304496765
531243,0.0003,131644,-244.82130432128906,-0.013264011591672897,1184,8,14703,109.34,1160.978515625,851.8106512599999,0.42550191283226013
531639,0.0003,132040,-233.87344360351562,-0.025597114115953445,1188,8,14748,109.97,853.8572387695312,850.9337471399998,0.43294355273246765
532060,0.0003,132461,-237.23875427246094,0.04689359664916992,1192,8,14795,109.68,4005.1123046875,851.1971128899999,0.42258042097091675
532337,0.0003,132738,-267.58197021484375,-0.057280637323856354,1196,8,14828,108.84,813.9544677734375,821.9931646199999,0.4170031249523163
532707,0.0003,133108,-269.6697998046875,-0.026137515902519226,1200,8,14870,108.16,1610.380859375,807.7529154899999,0.42190587520599365
533093,0.0003,133494,-260.0426025390625,0.05797138437628746,1204,8,14914,107.51,1140.5946044921875,808.54534456,0.4267328679561615
533538,0.0003,133939,-255.00555419921875,0.05393097549676895,1208,8,14964,107.36,1359.6119384765625,810.0526577100001,0.423701673746109
533882,0.0003,134283,-288.658203125,0.09151466935873032,1212,8,15004,106.62,1153.7958984375,796.14137568,0.4234752953052521
534252,0.0003,134653,-260.66412353515625,-0.33817392587661743,1216,8,15046,106.35,1331.617431640625,795.8749204199999,0.4271106719970703
534705,0.0003,135106,-255.90786743164062,-0.05835329741239548,1220,8,15096,106.36,950.0543823242188,796.3534828699999,0.42151814699172974
535097,0.0003,135498,-247.1212615966797,0.15162613987922668,1224,8,15141,105.57,2710.27587890625,812.08915441,0.42321836948394775
535514,0.0003,135915,-235.32870483398438,0.12579752504825592,1228,8,15188,105.57,756.3028564453125,811.2791850499998,0.43611660599708557
535864,0.0003,136265,-302.461181640625,-0.3001909852027893,1232,8,15228,105.36,783.5096435546875,797.14341531,0.4309849143028259
536283,0.0003,136684,-292.3639831542969,-0.35061854124069214,1236,8,15275,105.4,1111.28466796875,782.17780121,0.4221704602241516
536733,0.0003,137134,-259.04736328125,-0.22021320462226868,1240,8,15325,105.31,1517.87109375,781.8375903399999,0.419950395822525
537170,0.0003,137571,-268.661865234375,-0.16211120784282684,1244,8,15374,105.42,1502.627197265625,780.37753386,0.41065484285354614
537597,0.0003,137998,-241.3142852783203,0.20939159393310547,1248,8,15422,104.76,1015.68603515625,781.8238372800001,0.4146185517311096
538015,0.0003,138416,-272.84747314453125,0.16747695207595825,1252,8,15469,105.12,981.8997802734375,781.7000874800002,0.4172370433807373
538486,0.0003,138887,-267.93408203125,-0.26389068365097046,1256,8,15522,105.46,957.8572998046875,781.34110893,0.4315565824508667
538835,0.0003,139236,-232.82684326171875,-0.08744677901268005,1260,8,15562,104.48,1008.392333984375,782.81940941,0.42280325293540955
539210,0.0003,139611,-296.3941650390625,0.03628019988536835,1264,8,15604,103.58,1319.092041015625,783.24376713,0.41172972321510315
539632,0.0003,140033,-270.00604248046875,0.20750920474529266,1268,8,15652,102.26,907.95263671875,787.3009681300001,0.4265320301055908
539954,0.0003,140355,-269.3465881347656,-0.082559734582901,1272,8,15689,100.46,1049.648681640625,790.4385403800002,0.4286850094795227
540439,0.0003,140840,-263.9046630859375,-0.025507822632789612,1276,8,15743,101.03,1393.0126953125,789.5747684599999,0.4197913408279419
540721,0.0003,141122,-272.35687255859375,0.1681639552116394,1280,8,15776,99.87,1024.60107421875,775.7894037,0.4038937985897064
541128,0.0003,141529,-240.13092041015625,0.006098981015384197,1284,8,15822,98.85,858.925048828125,777.5990940899999,0.4219973087310791
541449,0.0003,141850,-258.11883544921875,-0.04893821105360985,1288,8,15859,98.1,994.6196899414062,794.3879947300001,0.42153024673461914
541894,0.0003,142295,-251.5703582763672,-0.01110437884926796,1292,8,15909,98.34,2440.623046875,792.93516057,0.4128519296646118
542261,0.0003,142662,-205.04269409179688,-0.0932934507727623,1296,8,15951,99.24,1039.447021484375,807.0683525299999,0.410023033618927
542691,0.0003,143092,-287.3361511230469,-0.09307476878166199,1300,8,15999,99.84,856.3739624023438,821.69721294,0.4122399091720581
543084,0.0003,143485,-245.99658203125,-0.17872655391693115,1304,8,16044,99.91,686.0184326171875,820.76287879,0.4239028990268707
543527,0.0003,143928,-288.8799133300781,0.1306658685207367,1308,8,16093,99.89,977.2044677734375,820.4905849599999,0.4320591390132904
543946,0.0003,144347,-228.51443481445312,0.209904283285141,1312,8,16140,100.64,1367.9346923828125,834.2807727100001,0.41856011748313904
544411,0.0003,144812,-282.71484375,-0.03062479943037033,1316,8,16192,101.59,1439.438720703125,818.6874798699998,0.41065865755081177
544832,0.0003,145233,-272.82977294921875,-0.1265757977962494,1320,8,16239,101.27,1425.083984375,818.29298795,0.40554317831993103
545232,0.0003,145633,-288.88629150390625,0.16062825918197632,1324,8,16284,101.35,1269.8255615234375,818.7646244000002,0.40595126152038574
545627,0.0003,146028,-293.02630615234375,0.19846433401107788,1328,8,16329,101.13,885.1298217773438,819.53597882,0.4056028425693512
546017,0.0003,146418,-311.4911193847656,0.05451995134353638,1332,8,16373,101.53,3768.30224609375,833.8098101399999,0.4205321669578552
546383,0.0003,146784,-262.9734191894531,-0.1476525515317917,1336,8,16415,101.0,1654.129638671875,833.67160793,0.4182390570640564
546782,0.0003,147183,-278.9332275390625,0.01901194080710411,1340,8,16460,100.49,912.26806640625,833.99426886,0.40592339634895325
547226,0.0003,147627,-281.0105895996094,0.3280421495437622,1344,8,16510,100.56,903.3074951171875,834.93116424,0.4014127552509308
547670,0.0003,148071,-267.79559326171875,0.18271112442016602,1348,8,16559,100.73,2222.724609375,833.8386472699999,0.3961220979690552
548060,0.0003,148461,-267.5101623535156,0.006038354709744453,1352,8,16604,100.45,773.5545654296875,833.6725941,0.4060748517513275
548433,0.0003,148834,-251.81051635742188,-0.006893664598464966,1356,8,16646,99.47,758.7483520507812,834.74893816,0.40511083602905273
548854,0.0003,149255,-252.63552856445312,0.08407771587371826,1360,8,16693,100.19,1079.39697265625,819.0632638999999,0.40495753288269043
549353,0.0003,149754,-255.0780029296875,0.09061962366104126,1364,8,16748,101.43,2311.3056640625,817.69773251,0.39851006865501404
549785,0.0003,150186,-292.46356201171875,0.20246519148349762,1368,8,16797,101.53,1391.49658203125,816.67428193,0.38824141025543213
550249,0.0003,150650,-246.99264526367188,0.04586520791053772,1372,8,16849,102.95,1105.8212890625,814.0106253099999,0.3962903916835785
550749,0.0003,151150,-265.96014404296875,0.10550481081008911,1376,8,16904,103.1,1727.9996337890625,813.3018500699999,0.4058533310890198
551228,0.0003,151629,-243.1315460205078,-0.03640366345643997,1380,8,16957,105.07,974.8165893554688,825.73018729,0.4074081480503082
551556,0.0003,151957,-265.7873840332031,-0.17050635814666748,1384,8,16995,104.28,905.5106811523438,811.85811377,0.4060238003730774
552380,0.0003,152781,-252.5659942626953,-0.3404676914215088,1388,8,17082,109.31,897.7562255859375,785.7649499400001,0.3968830704689026
552814,0.0003,153215,-225.68685913085938,-0.16654115915298462,1392,8,17131,109.2,768.5321044921875,786.5721056799999,0.4053378701210022
553262,0.0003,153663,-242.42276000976562,-0.07769196480512619,1396,8,17181,110.01,1152.458251953125,800.5528518900002,0.41375476121902466
553717,0.0003,154118,-252.52609252929688,0.16107021272182465,1400,8,17232,110.26,667.6265258789062,799.1131158500002,0.4100583493709564
554088,0.0003,154489,-261.68096923828125,0.08818710595369339,1404,8,17274,110.04,1095.693359375,800.3965630600001,0.4117966592311859
554510,0.0003,154911,-276.989990234375,0.1878659576177597,1408,8,17321,109.83,1682.5262451171875,800.4083661299999,0.4100765287876129
554973,0.0003,155374,-275.22210693359375,-0.050985150039196014,1412,8,17373,110.27,1454.065673828125,799.3596136,0.4086354970932007
555387,0.0003,155788,-299.5089111328125,-0.21665875613689423,1416,8,17419,109.76,660.8663940429688,815.11289756,0.40888407826423645
555884,0.0003,156285,-284.40740966796875,0.008522294461727142,1420,8,17474,110.52,1310.998779296875,815.87000324,0.40438520908355713
556329,0.0003,156730,-253.4662628173828,0.022304940968751907,1424,8,17524,110.97,683.46240234375,814.4409206200002,0.40987125039100647
556820,0.0003,157221,-274.249267578125,0.4518035650253296,1428,8,17578,111.93,1035.544677734375,812.22732382,0.40135079622268677
557211,0.0003,157612,-289.2020263671875,0.19575579464435577,1432,8,17622,111.94,958.7047119140625,811.8671515300001,0.39751484990119934
557564,0.0003,157965,-278.0772705078125,0.3464907109737396,1436,8,17662,111.81,928.6133422851562,828.0887116000001,0.4208489954471588
557944,0.0003,158345,-311.72137451171875,0.042297787964344025,1440,8,17706,111.62,986.1129150390625,814.0343305700001,0.41943010687828064
558292,0.0003,158693,-268.84527587890625,0.32756364345550537,1444,8,17745,110.66,738.7159423828125,799.8353805400002,0.40620002150535583
558757,0.0003,159158,-264.55908203125,0.08186987787485123,1448,8,17797,110.87,969.556396484375,800.2664760500002,0.4055187702178955
559191,0.0003,159592,-255.63052368164062,0.06120568513870239,1452,8,17846,111.31,1044.71044921875,799.15104302,0.4057489335536957
559688,0.0003,160089,-301.1042785644531,-0.05783683434128761,1456,8,17901,112.55,623.8285522460938,798.0157959799998,0.4076363444328308
560121,0.0003,160522,-312.3873291015625,-0.19530345499515533,1460,8,17949,112.67,1291.2086181640625,812.9634104900001,0.4037461578845978
560545,0.0003,160946,-287.06951904296875,-0.08062981069087982,1464,8,17997,111.92,928.6312866210938,814.59726233,0.3900144100189209
561020,0.0003,161421,-278.57110595703125,-0.04221833497285843,1468,8,18050,112.35,1195.797607421875,814.84925377,0.40632450580596924
561477,0.0003,161878,-312.6838073730469,-0.07754786312580109,1472,8,18100,112.28,1312.273681640625,816.06850675,0.4134979248046875
561903,0.0003,162304,-256.77105712890625,-0.382404088973999,1476,8,18148,111.54,1160.893798828125,802.41296996,0.41117820143699646
562293,0.0003,162694,-298.3548278808594,0.0485139898955822,1480,8,18193,110.65,1108.129150390625,803.78434727,0.41073256731033325
562735,0.0003,163136,-282.58209228515625,-0.10918152332305908,1484,8,18242,111.79,706.0208129882812,802.1171913400001,0.4123757481575012
563169,0.0003,163570,-315.0597229003906,-0.08453021943569183,1488,8,18290,107.89,1126.0875244140625,826.86532587,0.39994221925735474
563606,0.0003,164007,-259.5274658203125,-0.1631440371274948,1492,8,18339,107.92,1323.382568359375,797.085781,0.39986544847488403
563981,0.0003,164382,-283.236572265625,-0.1904720664024353,1496,8,18382,107.19,934.2742919921875,783.0600153400001,0.3925078809261322
564467,0.0003,164868,-272.2850036621094,0.277550607919693,1500,8,18436,107.5,771.8801879882812,784.2053455399999,0.39450573921203613
564837,0.0003,165238,-296.9163818359375,0.02858544886112213,1504,8,18479,107.49,1134.605224609375,784.3757967000003,0.392130970954895
565217,0.0003,165618,-245.58045959472656,-0.26333755254745483,1508,8,18522,107.07,1474.351806640625,784.3640863400002,0.404215544462204
565572,0.0003,165973,-310.63043212890625,-0.02156917005777359,1512,8,18563,105.99,2479.737060546875,770.2014383500001,0.40782058238983154
565977,0.0003,166378,-256.93536376953125,0.1136687770485878,1516,8,18608,105.9,862.6056518554688,770.2748554700001,0.40019479393959045
566368,0.0003,166769,-254.7387237548828,0.08455979824066162,1520,8,18653,104.84,1690.078369140625,755.26572296,0.4031258523464203
566808,0.0003,167209,-245.7067108154297,0.23564061522483826,1524,8,18702,104.79,899.381591796875,756.00205762,0.4113834500312805
567298,0.0003,167699,-296.8392028808594,-0.041015513241291046,1528,8,18756,104.78,668.8074340820312,755.9200923,0.4007408320903778
567744,0.0003,168145,-282.57049560546875,-0.05607868731021881,1532,8,18806,105.33,865.328369140625,739.92079801,0.3980131149291992
568131,0.0003,168532,-308.83740234375,0.1157166138291359,1536,8,18850,105.67,926.19140625,740.1513135800003,0.40056827664375305
568616,0.0003,169017,-283.09197998046875,0.1257716715335846,1540,8,18904,106.72,726.8199462890625,753.1458317600002,0.3992326855659485
568934,0.0003,169335,-300.45599365234375,-0.03278400003910065,1544,8,18941,106.42,953.8491821289062,753.3615105000001,0.3967743515968323
569295,0.0003,169696,-282.0660095214844,-3.6582350730895996e-05,1548,8,18982,105.38,930.639404296875,754.7756329599999,0.39093950390815735
569679,0.0003,170080,-275.8455810546875,0.18232417106628418,1552,8,19026,104.88,1350.07275390625,756.3543136300001,0.38977816700935364
570088,0.0003,170489,-260.5773620605469,-0.008588029071688652,1556,8,19072,104.0,1686.8089599609375,742.6986812099999,0.39475154876708984
570540,0.0003,170941,-237.64892578125,-0.0008527319878339767,1560,8,19122,104.19,1102.09521484375,741.4993104499999,0.40106919407844543
570947,0.0003,171348,-280.93951416015625,0.025201469659805298,1564,8,19168,104.02,895.9468994140625,726.21476156,0.39363816380500793
571333,0.0003,171734,-350.3346862792969,0.023647360503673553,1568,8,19212,103.13,1035.9100341796875,711.4369827600001,0.40086132287979126
571762,0.0003,172163,-261.10504150390625,0.11013667285442352,1572,8,19261,102.85,927.5836181640625,711.2802255400001,0.4186856150627136
572190,0.0003,172591,-289.7110595703125,-0.3390384614467621,1576,8,19309,102.87,870.448974609375,711.1603009600002,0.41267815232276917
572588,0.0003,172989,-284.6355285644531,0.0780053362250328,1580,8,19354,102.95,1013.2644653320312,710.9935101000001,0.4223858416080475
573055,0.0003,173456,-268.4753723144531,-0.3324250876903534,1584,8,19406,103.2,888.612060546875,724.62094792,0.4049682319164276
573443,0.0003,173844,-299.470703125,-0.04898557811975479,1588,8,19450,102.74,1465.0869140625,723.90520425,0.4064280092716217
573860,0.0003,174261,-275.23309326171875,-0.17873698472976685,1592,8,19497,102.54,1543.0213623046875,739.2956423,0.40009260177612305
574241,0.0003,174642,-292.3354797363281,0.07142601907253265,1596,8,19540,102.6,1502.592041015625,755.36458114,0.39948898553848267
574669,0.0003,175070,-244.008056640625,0.14282085001468658,1600,8,19588,102.02,851.016845703125,755.3592927499999,0.3971550464630127
575002,0.0003,175403,-261.9970703125,-0.03704770654439926,1604,8,19626,101.65,979.1966552734375,740.1566205699997,0.4037034511566162
575359,0.0003,175760,-260.3736877441406,0.2697940766811371,1608,8,19667,101.42,775.4188232421875,741.5656991400001,0.4151536226272583
575661,0.0003,176062,-277.127197265625,-0.3774445950984955,1612,8,19703,100.89,972.1189575195312,743.15501995,0.41152340173721313
576061,0.0003,176462,-322.474609375,0.18164904415607452,1616,8,19748,100.84,1882.664306640625,743.64081272,0.4050782024860382
576579,0.0003,176980,-238.98318481445312,0.038480181246995926,1620,8,19805,102.11,756.3193359375,756.52791537,0.40842923521995544
577065,0.0003,177466,-288.03863525390625,0.04011103883385658,1624,8,19859,102.57,2151.043701171875,755.21734286,0.405354768037796
577513,0.0003,177914,-247.31480407714844,0.10334073007106781,1628,8,19909,102.15,841.46630859375,741.5106219300001,0.40586161613464355
577888,0.0003,178289,-289.4075622558594,-0.1703270822763443,1632,8,19952,101.44,982.6180419921875,757.60302953,0.3977486789226532
578304,0.0003,178705,-308.34814453125,0.3936631381511688,1636,8,19998,101.73,712.2689208984375,741.29688288,0.3925771415233612
578686,0.0003,179087,-254.73699951171875,-0.12216521799564362,1640,8,20042,100.7,821.3150634765625,727.95217029,0.386322945356369
579155,0.0003,179556,-254.52976989746094,-0.035674527287483215,1644,8,20094,102.21,1611.05322265625,741.8635150800002,0.39041459560394287
579539,0.0003,179940,-304.54888916015625,0.14214010536670685,1648,8,20138,102.44,1461.599365234375,740.6274622900003,0.39807769656181335
579980,0.0003,180381,-258.82763671875,-0.04159415513277054,1652,8,20187,103.01,1062.15625,739.0180671500001,0.38969311118125916
580367,0.0003,180768,-274.23565673828125,0.20797127485275269,1656,8,20231,102.79,866.1531372070312,754.4719960799999,0.391837477684021
580780,0.0003,181181,-299.5867919921875,0.008451765403151512,1660,8,20277,102.4,1112.490478515625,755.2957788000001,0.38819366693496704
581207,0.0003,181608,-274.2910461425781,0.12979793548583984,1664,8,20325,102.6,824.0730590820312,769.87749158,0.37937912344932556
581647,0.0003,182048,-282.0506591796875,0.016540024429559708,1668,8,20374,103.14,1455.9747314453125,785.8553825799999,0.3852122724056244
582067,0.0003,182468,-306.71954345703125,0.028347615152597427,1672,8,20421,103.05,877.0589599609375,786.2644128699999,0.394698828458786
582384,0.0003,182785,-280.61956787109375,-0.011888496577739716,1676,8,20458,101.94,678.2777099609375,802.38063759,0.380593866109848
582849,0.0003,183250,-292.2440185546875,-0.04872027784585953,1680,8,20510,102.61,856.1158447265625,801.5050954100001,0.38305237889289856
583237,0.0003,183638,-271.15838623046875,-0.0708237886428833,1684,8,20554,101.82,765.7913208007812,803.1181142199999,0.3897494971752167
583621,0.0003,184022,-318.9302978515625,-0.018365859985351562,1688,8,20598,101.78,730.5463256835938,803.6968171999999,0.3790121376514435
583886,0.0003,184287,-288.94256591796875,0.18848013877868652,1692,8,20629,100.26,987.1295166015625,820.73729458,0.3760456144809723
584199,0.0003,184600,-256.8275146484375,-0.2302556335926056,1696,8,20666,99.58,931.5814208984375,820.7615257399999,0.3826965391635895
584585,0.0003,184986,-260.35980224609375,0.31839191913604736,1700,8,20710,99.16,3815.1689453125,821.0333355700001,0.3840043842792511
585037,0.0003,185438,-271.4836730957031,0.30333468317985535,1704,8,20760,100.35,1583.138671875,834.64176763,0.3766556680202484
585519,0.0003,185920,-292.9199523925781,0.1280248761177063,1708,8,20813,101.6,811.26123046875,832.3049206400001,0.37637701630592346
585923,0.0003,186324,-269.0677490234375,0.028948452323675156,1712,8,20859,102.62,1275.764404296875,845.3999167100001,0.37712225317955017
586311,0.0003,186712,-279.95538330078125,0.17008644342422485,1716,8,20903,102.5,1218.3189697265625,845.23699291,0.3846633732318878
586657,0.0003,187058,-239.82034301757812,-0.22157469391822815,1720,8,20943,100.78,689.9352416992188,848.1699040299999,0.3934071362018585
587132,0.0003,187533,-298.83905029296875,-0.10268224775791168,1724,8,20996,100.67,771.42822265625,850.0614421299999,0.3803780972957611
587542,0.0003,187943,-273.21380615234375,-0.019810106605291367,1728,8,21042,100.29,707.2791137695312,865.8671115799999,0.3661385774612427
587984,0.0003,188385,-230.01287841796875,0.19346487522125244,1732,8,21091,100.96,800.7125244140625,864.35293615,0.3740057051181793
588398,0.0003,188799,-285.76129150390625,-0.09212963283061981,1736,8,21138,100.94,726.984619140625,865.457157,0.36840859055519104
588803,0.0003,189204,-299.8399963378906,0.2786490321159363,1740,8,21184,101.17,1079.444580078125,879.66884977,0.37228456139564514
589144,0.0003,189545,-259.41583251953125,-0.03197946399450302,1744,8,21223,99.89,982.1763305664062,881.4633077499999,0.3850417733192444
589596,0.0003,189997,-278.16998291015625,-0.07483866810798645,1748,8,21273,100.57,908.4586791992188,880.8990613300001,0.37418022751808167
590092,0.0003,190493,-290.0208740234375,0.13156668841838837,1752,8,21328,101.12,3353.427978515625,880.0758071399999,0.3763286769390106
590492,0.0003,190893,-270.76824951171875,0.1962573528289795,1756,8,21373,101.25,1103.560546875,879.2657657099999,0.3931610882282257
590863,0.0003,191264,-264.1011657714844,-0.28404393792152405,1760,8,21416,100.83,747.098388671875,880.0783593399999,0.37787991762161255
591243,0.0003,191644,-286.8497314453125,-0.0859367698431015,1764,8,21459,100.36,1019.58935546875,867.1597178499999,0.3667612075805664
591657,0.0003,192058,-300.259765625,0.05492629110813141,1768,8,21505,100.1,702.3466796875,865.2957408199999,0.37545350193977356
592176,0.0003,192577,-302.6029052734375,0.17436520755290985,1772,8,21562,101.09,850.2915649414062,863.8679038500002,0.39052319526672363
592713,0.0003,193114,-271.5043640136719,-0.24997863173484802,1776,8,21621,103.29,678.498046875,861.0219257900001,0.38339218497276306
593119,0.0003,193520,-257.590576171875,0.061125606298446655,1780,8,21667,102.7,1043.5841064453125,846.4228840800001,0.37869447469711304
593572,0.0003,193973,-323.63226318359375,0.3101798892021179,1784,8,21718,103.35,809.4938354492188,845.9550630399999,0.3781454563140869
594036,0.0003,194437,-238.8854522705078,-0.23678569495677948,1788,8,21769,104.15,970.4500732421875,843.96794912,0.38228633999824524
594443,0.0003,194844,-283.0830078125,0.16641458868980408,1792,8,21815,105.57,1393.0943603515625,843.6338288200001,0.3922196328639984
594929,0.0003,195330,-276.22564697265625,-0.2644888162612915,1796,8,21869,107.3,645.3086547851562,840.1009388999997,0.3837357461452484
595353,0.0003,195754,-295.0115966796875,-0.06111646071076393,1800,8,21917,107.68,578.7039794921875,839.60455853,0.38473668694496155
595788,0.0003,196189,-316.114501953125,-0.2067980319261551,1804,8,21966,107.51,1006.51806640625,839.7793930399998,0.3792157471179962
596275,0.0003,196676,-336.7108154296875,-0.02187270298600197,1808,8,22020,107.56,945.80517578125,839.52741797,0.3732792139053345
596805,0.0003,197206,-273.27972412109375,-0.08920157700777054,1812,8,22078,108.82,604.93798828125,837.9953037700001,0.3683103322982788
597237,0.0003,197638,-304.44598388671875,-0.0601368173956871,1816,8,22126,109.26,1089.1435546875,837.12702229,0.3689219653606415
597609,0.0003,198010,-299.96240234375,0.4301411807537079,1820,8,22169,109.52,720.8602294921875,837.0038238899999,0.37452536821365356
598036,0.0003,198437,-298.47314453125,-0.018961768597364426,1824,8,22216,109.04,1153.3814697265625,835.5088724100001,0.3808603286743164
598584,0.0003,198985,-288.79144287109375,0.03694590553641319,1828,8,22277,110.42,3472.30908203125,834.4124197300001,0.3895939588546753
599086,0.0003,199487,-294.99957275390625,-0.11531424522399902,1832,8,22332,111.02,920.9631958007812,819.16873367,0.37807345390319824
599530,0.0003,199931,-310.184814453125,0.1796564757823944,1836,8,22382,111.32,884.1131591796875,834.43000862,0.3775622844696045
599947,0.0003,200348,-295.1415100097656,0.03034626692533493,1840,8,22428,111.44,691.9727783203125,834.8344480400001,0.38637837767601013
600311,0.0003,200712,-310.8119812011719,-0.01901569403707981,1844,8,22470,111.67,713.0336303710938,833.8284705500002,0.38188594579696655
600724,0.0003,201125,-256.9462890625,-0.11050523817539215,1848,8,22517,111.28,897.9970703125,834.5328929400001,0.3878825604915619
601121,0.0003,201522,-313.020751953125,0.01802089810371399,1852,8,22562,110.29,1765.3013916015625,836.6787692400001,0.3887300491333008
601508,0.0003,201909,-264.66937255859375,-0.030858159065246582,1856,8,22605,110.16,857.3157958984375,837.6966329500001,0.37694045901298523
601994,0.0003,202395,-257.6558837890625,0.034180670976638794,1860,8,22659,111.31,1702.9833984375,835.6645818499998,0.36655351519584656
602422,0.0003,202823,-286.0616760253906,-0.058003202080726624,1864,8,22707,111.79,767.991943359375,848.3582011500001,0.39019539952278137
602823,0.0003,203224,-259.62786865234375,0.1306619942188263,1868,8,22753,111.66,892.058837890625,850.3673585,0.3803099989891052
603229,0.0003,203630,-284.10125732421875,-0.054806776344776154,1872,8,22798,110.53,876.125732421875,850.84273143,0.38666465878486633
603618,0.0003,204019,-285.38189697265625,0.18809416890144348,1876,8,22842,109.05,813.56103515625,852.95246816,0.39180997014045715
604002,0.0003,204403,-287.2752685546875,0.3226143419742584,1880,8,22886,108.83,1017.9759521484375,868.66664311,0.40217751264572144
604463,0.0003,204864,-289.1201171875,-0.07954049855470657,1884,8,22937,108.91,1029.30908203125,868.13111814,0.39599382877349854
604879,0.0003,205280,-285.08807373046875,-0.13406693935394287,1888,8,22984,108.43,845.4417724609375,869.6332016000001,0.3795775771141052
605314,0.0003,205715,-316.64263916015625,0.050496820360422134,1892,8,23033,108.71,791.105224609375,867.3559247600001,0.36038103699684143
605704,0.0003,206105,-279.3736572265625,-0.06267441064119339,1896,8,23077,107.75,1030.902099609375,869.6202684599999,0.3699728548526764
606131,0.0003,206532,-283.52392578125,0.3032078146934509,1900,8,23125,107.78,615.282958984375,869.7157842299999,0.3731217086315155
606594,0.0003,206995,-276.8033447265625,-0.04378894716501236,1904,8,23176,108.06,1381.9400634765625,869.68647637,0.3799963891506195
607004,0.0003,207405,-314.89385986328125,-0.16123870015144348,1908,8,23223,107.29,657.1239013671875,871.5983444299999,0.38715294003486633
607473,0.0003,207874,-284.90692138671875,0.01687489077448845,1912,8,23275,106.68,1221.9571533203125,872.177718,0.38382378220558167
607966,0.0003,208367,-310.6097412109375,0.11461721360683441,1916,8,23329,107.29,966.17822265625,871.4027962600001,0.37812238931655884
608427,0.0003,208828,-300.992919921875,0.2940770983695984,1920,8,23381,108.18,879.982421875,869.7753715100001,0.3955610394477844
608800,0.0003,209201,-283.8771057128906,-0.1984257698059082,1924,8,23423,107.64,796.0436401367188,856.5563532100001,0.3854249119758606
609262,0.0003,209663,-272.5084228515625,-0.08922559022903442,1928,8,23475,106.78,806.3568115234375,856.6750450200002,0.39005520939826965
609761,0.0003,210162,-335.5962219238281,0.22377325594425201,1932,8,23530,106.75,1126.5936279296875,871.3918465300001,0.3860870897769928
610224,0.0003,210625,-333.0912780761719,-0.18122713267803192,1936,8,23581,106.94,1088.960205078125,869.7288789000002,0.3882569372653961
610669,0.0003,211070,-307.88043212890625,-0.2191421389579773,1940,8,23631,107.22,1478.397216796875,869.3260145299998,0.38630804419517517
611215,0.0003,211616,-305.6924133300781,0.024876054376363754,1944,8,23691,109.04,1623.557373046875,866.03371803,0.3828033208847046
611654,0.0003,212055,-274.1197814941406,0.14369362592697144,1948,8,23740,109.3,741.7138061523438,866.3413576600001,0.38206177949905396
612014,0.0003,212415,-292.7909240722656,0.0027637146413326263,1952,8,23781,108.93,1219.471435546875,866.7334449800001,0.3752191960811615
612391,0.0003,212792,-296.2891845703125,0.1352781504392624,1956,8,23824,108.83,1778.5389404296875,850.4484414300001,0.37497037649154663
612887,0.0003,213288,-341.98199462890625,0.2342311441898346,1960,8,23879,108.93,2306.80126953125,834.77001399,0.3882847726345062
613358,0.0003,213759,-297.36273193359375,-0.14014089107513428,1964,8,23931,109.36,653.4160766601562,835.8793477,0.3782118558883667
613729,0.0003,214130,-298.3421325683594,0.15829460322856903,1968,8,23974,109.06,1589.028564453125,820.4761851300001,0.37460798025131226
614204,0.0003,214605,-335.7551574707031,0.1912125051021576,1972,8,24027,109.75,1202.31298828125,819.8874991900001,0.37301525473594666
614539,0.0003,214940,-315.2916564941406,0.07611104846000671,1976,8,24065,109.21,1371.0234375,820.2265034799999,0.37896817922592163
614931,0.0003,215332,-258.65289306640625,0.18331357836723328,1980,8,24110,109.29,727.6793212890625,820.92502015,0.382972776889801
615311,0.0003,215712,-340.5019226074219,-0.21872282028198242,1984,8,24153,108.48,1394.17578125,822.8842783400002,0.3816283941268921
615701,0.0003,216102,-289.8201599121094,-0.19692480564117432,1988,8,24197,108.22,652.730224609375,823.01828687,0.37744006514549255
616183,0.0003,216584,-326.4848327636719,0.31412002444267273,1992,8,24250,108.69,643.454345703125,823.2406644899999,0.3632095456123352
616591,0.0003,216992,-280.41986083984375,0.27006155252456665,1996,8,24296,108.87,677.7496948242188,822.7637775899999,0.3705134987831116
616950,0.0003,217351,-323.9378662109375,0.17786267399787903,2000,8,24337,108.19,2180.753662109375,808.7231500600001,0.37614554166793823
617315,0.0003,217716,-305.3277282714844,0.08932614326477051,2004,8,24379,107.21,1141.916748046875,794.81203099,0.37636134028434753
617733,0.0003,218134,-346.6146240234375,-0.20079344511032104,2008,8,24426,107.29,889.0049438476562,793.5628842100002,0.37644824385643005
618150,0.0003,218551,-294.873779296875,0.13553979992866516,2012,8,24473,106.77,688.3341064453125,795.0444749899999,0.3799215853214264
618592,0.0003,218993,-286.61614990234375,0.5464525818824768,2016,8,24523,106.26,1031.36865234375,796.3402185799999,0.37169307470321655
619057,0.0003,219458,-293.19940185546875,0.04697378724813461,2020,8,24575,106.3,936.7037353515625,795.6508552600001,0.3798917531967163
619527,0.0003,219928,-273.88873291015625,0.12163552641868591,2024,8,24627,107.27,979.1609497070312,809.6606400900001,0.3733294606208801
620017,0.0003,220418,-314.49005126953125,0.17206883430480957,2028,8,24681,107.55,797.6535034179688,809.35119453,0.3751224875450134
620367,0.0003,220768,-286.256591796875,0.10249493271112442,2032,8,24721,106.06,1162.881103515625,811.33468657,0.3708970844745636
620835,0.0003,221236,-306.99676513671875,-0.024034082889556885,2036,8,24773,106.11,1462.6453857421875,810.75421449,0.37690889835357666
621247,0.0003,221648,-281.0181579589844,0.19872546195983887,2040,8,24820,105.78,708.072021484375,811.93293779,0.3759192228317261
621664,0.0003,222065,-294.4951171875,-0.13913924992084503,2044,8,24867,104.49,868.8428955078125,814.7384334800001,0.3785797357559204
622101,0.0003,222502,-288.72418212890625,0.014819785952568054,2048,8,24916,104.47,968.716552734375,814.21561557,0.38350486755371094
622515,0.0003,222916,-312.7675476074219,0.0898413434624672,2052,8,24962,105.01,821.3214721679688,813.57245797,0.3818188011646271
622822,0.0003,223223,-305.596923828125,-0.17447760701179504,2056,8,24998,104.31,2732.979736328125,830.7201816599998,0.3866605758666992
623224,0.0003,223625,-304.30157470703125,0.2892616391181946,2060,8,25044,103.37,752.5806884765625,848.15699073,0.3832521438598633
623706,0.0003,224107,-308.1370849609375,-0.28592705726623535,2064,8,25097,103.48,1017.335205078125,847.1445046900001,0.38552364706993103
624144,0.0003,224545,-308.7787780761719,0.06807827949523926,2068,8,25146,104.15,1475.96484375,845.9958960800001,0.3676995635032654
624536,0.0003,224937,-311.84539794921875,0.022666290402412415,2072,8,25191,103.32,845.8724365234375,847.6233952900001,0.38170868158340454
624965,0.0003,225366,-291.0199890136719,0.07735973596572876,2076,8,25239,104.26,1102.753173828125,847.22553069,0.3737950026988983
625306,0.0003,225707,-329.8898010253906,0.015657830983400345,2080,8,25278,103.75,1081.634765625,847.1108819000001,0.3702353835105896
625768,0.0003,226169,-298.9301452636719,-0.05892873555421829,2084,8,25330,104.57,834.0616455078125,844.8754401,0.37329551577568054
626170,0.0003,226571,-298.9067077636719,0.2653176486492157,2088,8,25375,104.69,742.6136474609375,845.42716508,0.3804575502872467
626551,0.0003,226952,-266.8026123046875,0.08245720714330673,2092,8,25419,103.68,673.372802734375,846.8335402499999,0.379646360874176
627011,0.0003,227412,-292.4013977050781,-0.043919287621974945,2096,8,25470,104.2,800.0217895507812,846.8718176099999,0.37717440724372864
627455,0.0003,227856,-293.2747497558594,-0.22250664234161377,2100,8,25519,105.05,1021.64794921875,860.3455179000001,0.3817906975746155
627820,0.0003,228221,-275.9478759765625,-0.1139463484287262,2104,8,25561,105.05,947.4271240234375,875.3502517999998,0.3763771951198578
628254,0.0003,228655,-342.2261657714844,0.2338038682937622,2108,8,25610,105.21,705.5841064453125,876.6324711699999,0.3771502673625946
628686,0.0003,229087,-287.34991455078125,0.028870193287730217,2112,8,25658,105.36,662.3252563476562,876.83198975,0.37613287568092346
629151,0.0003,229552,-331.04327392578125,-0.0775725394487381,2116,8,25710,105.59,1261.28857421875,876.14738905,0.3788142204284668
629608,0.0003,230009,-311.6935729980469,-0.1626271903514862,2120,8,25761,105.51,1048.1434326171875,876.3147336799999,0.3801170885562897
629985,0.0003,230386,-329.23846435546875,-0.008736953139305115,2124,8,25804,104.58,545.1380615234375,877.27611372,0.3812737464904785
630379,0.0003,230780,-275.10882568359375,-0.17072433233261108,2128,8,25848,103.62,1054.265869140625,878.7468546000002,0.38451462984085083
630841,0.0003,231242,-283.83343505859375,0.032715946435928345,2132,8,25900,104.74,1089.1739501953125,878.42628036,0.3893967270851135
631224,0.0003,231625,-298.3787536621094,-0.08760938048362732,2136,8,25944,103.89,713.620849609375,879.96604353,0.39384570717811584
631599,0.0003,232000,-315.74163818359375,-0.043700698763132095,2140,8,25986,103.52,947.0823974609375,865.0853109999999,0.39491429924964905
632011,0.0003,232412,-319.92291259765625,0.37251320481300354,2144,8,26033,103.47,734.126953125,849.0373812900002,0.4049004316329956
632358,0.0003,232759,-314.1163330078125,-0.06242568418383598,2148,8,26073,102.57,693.0205688476562,849.5400423600003,0.40807750821113586
632821,0.0003,233222,-285.5175476074219,-0.06159993261098862,2152,8,26125,103.06,864.5740966796875,848.0156792700001,0.3937278091907501
633279,0.0003,233680,-326.3852233886719,0.35729852318763733,2156,8,26176,104.57,883.2216186523438,846.1754927800002,0.384040892124176
633801,0.0003,234202,-301.58148193359375,0.27706781029701233,2160,8,26233,105.77,700.2255859375,843.92093693,0.3973436653614044
634118,0.0003,234519,-294.97125244140625,-0.22267401218414307,2164,8,26270,104.12,608.0819091796875,845.7765616200002,0.3860310912132263
634577,0.0003,234978,-284.293212890625,-0.04880484938621521,2168,8,26321,104.33,1060.4896240234375,860.4218150200002,0.3788644075393677
634913,0.0003,235314,-328.2272644042969,0.2236289381980896,2172,8,26360,103.77,1051.002685546875,861.5763574799998,0.3793707489967346
635331,0.0003,235732,-301.1379699707031,-0.1046026349067688,2176,8,26407,103.66,769.7351684570312,862.2770770499999,0.38655325770378113
635721,0.0003,236122,-338.435791015625,-0.02580166608095169,2180,8,26451,104.15,874.18603515625,861.3998376399999,0.3918085992336273
636250,0.0003,236651,-295.5585021972656,-0.15392965078353882,2184,8,26509,104.82,1014.544921875,860.5676826099999,0.3846298158168793
636698,0.0003,237099,-299.7568359375,-0.03290655463933945,2188,8,26559,105.28,916.7076416015625,859.9770769199998,0.38689473271369934
637111,0.0003,237512,-284.0521240234375,-0.03160479664802551,2192,8,26606,105.6,730.2884521484375,859.8395450299998,0.3953900635242462
637622,0.0003,238023,-299.49530029296875,-0.07918025553226471,2196,8,26662,106.11,1562.651611328125,859.71623345,0.380673348903656
638087,0.0003,238488,-312.2932434082031,-0.030199583619832993,2200,8,26714,106.32,1245.938232421875,859.70477072,0.3704884648323059
638507,0.0003,238908,-298.00634765625,0.1661083698272705,2204,8,26761,106.87,774.2910766601562,858.23341155,0.3708415925502777
638870,0.0003,239271,-317.8072509765625,-0.0906689316034317,2208,8,26802,106.16,1483.462158203125,858.37649135,0.3724936544895172
639282,0.0003,239683,-313.672119140625,0.3854077160358429,2212,8,26849,105.96,1742.99267578125,857.8815265699999,0.36914029717445374
639571,0.0003,239972,-294.53021240234375,-0.01607915386557579,2216,8,26883,104.2,709.5823364257812,860.0908020299998,0.37758809328079224
639979,0.0003,240380,-313.56829833984375,-0.2561008334159851,2220,8,26929,103.71,777.6935424804688,862.3273423600002,0.37429407238960266
640379,0.0003,240780,-301.3846435546875,-0.03194916993379593,2224,8,26974,103.94,848.755615234375,862.8976351399999,0.36911946535110474
640729,0.0003,241130,-276.1197509765625,-0.19344134628772736,2228,8,27014,103.5,666.683349609375,863.6045973599998,0.3731427490711212
641157,0.0003,241558,-325.0726318359375,-0.34762337803840637,2232,8,27062,103.16,1223.636962890625,864.17985985,0.37695422768592834
641598,0.0003,241999,-312.9436340332031,0.23435324430465698,2236,8,27112,103.74,665.0505981445312,864.36940316,0.3928370475769043
642128,0.0003,242529,-331.468994140625,-0.071373850107193,2240,8,27170,105.29,838.2861328125,877.1146662199998,0.3887541592121124
642558,0.0003,242959,-324.4674072265625,-0.28862103819847107,2244,8,27218,105.47,811.4964599609375,893.2573997300001,0.38675275444984436
643040,0.0003,243441,-321.7948913574219,-0.418732225894928,2248,8,27272,106.82,671.317138671875,891.82408037,0.3819495737552643
643423,0.0003,243824,-302.3990478515625,-0.25216764211654663,2252,8,27315,106.02,709.0989990234375,893.5421793200002,0.3819675147533417
643823,0.0003,244224,-267.4589538574219,0.10186497867107391,2256,8,27360,105.44,803.4664916992188,892.8027218999999,0.3889383375644684
644270,0.0003,244671,-334.44720458984375,-0.1450888216495514,2260,8,27410,104.69,681.2206420898438,893.66616001,0.3771969974040985
644713,0.0003,245114,-290.3227233886719,0.003604317083954811,2264,8,27460,105.95,573.3232421875,891.51212626,0.37755700945854187
645175,0.0003,245576,-340.68731689453125,0.19915437698364258,2268,8,27511,105.98,1002.8079833984375,892.7220718499999,0.38045600056648254
645622,0.0003,246023,-321.68939208984375,0.1283617615699768,2272,8,27561,107.09,748.7789306640625,891.3040990600001,0.3978724181652069
646096,0.0003,246497,-327.72430419921875,-0.2784731686115265,2276,8,27614,107.65,872.3731689453125,889.2538189200001,0.396666020154953
646524,0.0003,246925,-303.92584228515625,0.177207812666893,2280,8,27662,108.03,1123.90869140625,888.47784015,0.3728746771812439
646913,0.0003,247314,-305.0706787109375,0.376976877450943,2284,8,27706,106.63,640.6890869140625,890.8438268,0.3712528645992279
647327,0.0003,247728,-304.4705810546875,0.01521783322095871,2288,8,27752,106.29,1639.0792236328125,891.3155069399999,0.38541242480278015
647743,0.0003,248144,-349.6647033691406,0.3284904360771179,2292,8,27799,106.32,1200.64599609375,890.7185441100003,0.373392254114151
648171,0.0003,248572,-323.05902099609375,-0.12322577834129333,2296,8,27847,105.49,3425.2275390625,890.63931116,0.36148935556411743
648634,0.0003,249035,-310.87042236328125,-0.07072579860687256,2300,8,27899,105.47,795.696044921875,890.46080781,0.37098366022109985
649194,0.0003,249595,-293.8735656738281,0.3469530940055847,2304,8,27960,106.87,1902.753173828125,888.39483645,0.3794674575328827
649554,0.0003,249955,-329.86895751953125,0.1735677868127823,2308,8,28001,106.84,1320.6236572265625,873.6608646299999,0.38426142930984497
649994,0.0003,250395,-293.4028015136719,-0.14027559757232666,2312,8,28051,107.12,880.9479370117188,873.0645809499999,0.3793866038322449
650409,0.0003,250810,-326.04437255859375,-0.28385892510414124,2316,8,28097,108.38,806.8511962890625,872.0233790700003,0.3763718903064728
650755,0.0003,251156,-318.5384521484375,0.24575194716453552,2320,8,28137,107.76,646.1990966796875,872.3074196800001,0.379520446062088
651173,0.0003,251574,-308.806396484375,-0.143771231174469,2324,8,28184,107.94,866.9444580078125,871.0066941299998,0.38022711873054504
651568,0.0003,251969,-274.6767883300781,-0.07084821164608002,2328,8,28229,108.39,1298.329833984375,869.90275872,0.38716793060302734
652012,0.0003,252413,-332.3094787597656,-0.23832400143146515,2332,8,28279,108.55,661.8526000976562,869.25762458,0.3762514293193817
652471,0.0003,252872,-306.33984375,-0.07416306436061859,2336,8,28330,108.73,657.3626708984375,868.15337514,0.37369436025619507
652913,0.0003,253314,-309.7243347167969,-0.18648943305015564,2340,8,28379,107.85,860.4996337890625,868.9675455299999,0.36508873105049133
653309,0.0003,253710,-322.75433349609375,-0.18429520726203918,2344,8,28424,107.51,708.0424194335938,869.24092622,0.37515339255332947
653751,0.0003,254152,-343.425048828125,0.4193322956562042,2348,8,28473,107.11,895.4718017578125,869.9665677600001,0.3698040843009949
654215,0.0003,254616,-318.15753173828125,-0.09295690804719925,2352,8,28525,107.92,586.2529907226562,868.69257004,0.3710945248603821
654623,0.0003,255024,-335.0953369140625,-0.3759477734565735,2356,8,28571,108.0,692.02978515625,869.8106893199999,0.3745628297328949
655050,0.0003,255451,-355.02154541015625,0.02110263705253601,2360,8,28619,107.8,838.9393310546875,869.9110123799999,0.3708699643611908
655427,0.0003,255828,-319.20147705078125,0.10922696441411972,2364,8,28662,107.14,1485.0257568359375,871.6093297000002,0.3759658634662628
655779,0.0003,256180,-324.5580139160156,0.08011861890554428,2368,8,28702,106.04,1337.42919921875,872.1502233199999,0.3786381483078003
656225,0.0003,256626,-303.9039001464844,0.16657303273677826,2372,8,28752,106.03,938.8283081054688,870.8213734299997,0.38774746656417847
656682,0.0003,257083,-352.15045166015625,0.10085546225309372,2376,8,28803,105.86,928.29052734375,871.5946081999999,0.3818235695362091
657092,0.0003,257493,-318.734375,-0.034423135221004486,2380,8,28850,105.68,840.685791015625,872.3066101499999,0.37415841221809387
657408,0.0003,257809,-313.68011474609375,-0.24138416349887848,2384,8,28886,104.95,1610.41015625,857.7735128000002,0.3736981451511383
657843,0.0003,258244,-267.45294189453125,0.03402211144566536,2388,8,28935,105.16,1125.665771484375,857.6192676700001,0.36279019713401794
658244,0.0003,258645,-327.29400634765625,0.22208324074745178,2392,8,28980,105.01,1782.349365234375,856.79891424,0.36700624227523804
658729,0.0003,259130,-295.496337890625,-0.023274138569831848,2396,8,29034,105.58,741.0272216796875,856.38464675,0.36918506026268005
659111,0.0003,259512,-316.2867431640625,-0.2161971926689148,2400,8,29078,104.77,1579.3262939453125,857.87985407,0.3826097548007965
659555,0.0003,259956,-358.36376953125,-0.38553139567375183,2404,8,29127,103.61,1688.76513671875,860.5603164400001,0.3843512237071991
659922,0.0003,260323,-310.95599365234375,-0.010791711509227753,2408,8,29169,103.68,777.4945678710938,875.25066108,0.36054015159606934
660307,0.0003,260708,-298.69866943359375,-0.4816308915615082,2412,8,29213,103.13,945.3433227539062,876.4991611999999,0.369123637676239
660619,0.0003,261020,-295.26275634765625,0.12932303547859192,2416,8,29249,102.1,707.6105346679688,877.1772044999998,0.3636851906776428
661044,0.0003,261445,-337.1298522949219,-0.1884106993675232,2420,8,29297,102.89,726.8923950195312,874.82062633,0.3758511245250702
661523,0.0003,261924,-313.3169860839844,-0.20579880475997925,2424,8,29350,103.5,572.393798828125,859.28972729,0.3744860589504242
661880,0.0003,262281,-308.91168212890625,-0.17773222923278809,2428,8,29390,103.12,935.26953125,844.73757327,0.37329375743865967
662335,0.0003,262736,-281.2735290527344,0.1814822256565094,2432,8,29441,103.23,679.744140625,828.66218416,0.3890751898288727
662814,0.0003,263215,-292.083740234375,-0.1406756490468979,2436,8,29494,103.43,1833.699462890625,829.55688218,0.38468867540359497
663254,0.0003,263655,-339.8824462890625,-0.18459990620613098,2440,8,29544,103.41,705.559326171875,799.7133813099999,0.3757097125053406
663616,0.0003,264017,-331.4527587890625,0.03712385892868042,2444,8,29585,103.07,484.66143798828125,800.2638047,0.3761546313762665
663910,0.0003,264311,-289.48883056640625,-0.009554214775562286,2448,8,29620,101.59,1037.7255859375,802.2977131400002,0.3820022642612457
664357,0.0003,264758,-323.45587158203125,0.07179061323404312,2452,8,29670,101.42,696.03173828125,802.61001612,0.37345245480537415
664744,0.0003,265145,-323.8135986328125,0.21455469727516174,2456,8,29714,101.21,1331.1947021484375,802.78701489,0.37984198331832886
665133,0.0003,265534,-307.49102783203125,0.023426782339811325,2460,8,29758,100.83,1132.2261962890625,804.33640794,0.3740004003047943
665464,0.0003,265865,-332.8547058105469,0.0834929347038269,2464,8,29796,100.37,1001.4940185546875,804.9348264,0.3766620457172394
665866,0.0003,266267,-308.1103515625,0.05436934903264046,2468,8,29842,100.87,861.375,804.41458756,0.38389915227890015
666257,0.0003,266658,-309.96734619140625,-0.10763640701770782,2472,8,29886,100.32,1735.9139404296875,792.65271494,0.3803890347480774
666688,0.0003,267089,-320.67681884765625,0.20549599826335907,2476,8,29934,100.06,764.7861938476562,793.31254735,0.3764820694923401
667199,0.0003,267600,-329.4794006347656,-0.06412257999181747,2480,8,29991,101.07,936.0186157226562,792.0725771500001,0.37459832429885864
667613,0.0003,268014,-303.1701354980469,0.22018909454345703,2484,8,30037,102.05,692.778564453125,791.3681964699999,0.3717277944087982
667996,0.0003,268397,-352.1807861328125,0.1206694021821022,2488,8,30081,101.53,629.477783203125,791.69550355,0.3798491358757019
668407,0.0003,268808,-362.73114013671875,0.10123980045318604,2492,8,30127,101.63,638.2421264648438,792.4388489600001,0.3772583603858948
668803,0.0003,269204,-304.7083435058594,0.03711699694395065,2496,8,30172,100.74,687.4979248046875,793.51331334,0.3762124180793762
669203,0.0003,269604,-312.6302490234375,-0.1239316463470459,2500,8,30217,100.92,1124.8502197265625,778.12458799,0.38502976298332214
669643,0.0003,270044,-323.6376953125,0.3599814176559448,2504,8,30266,100.88,694.697509765625,778.2665471199999,0.38400933146476746
670042,0.0003,270443,-278.8477783203125,0.2368258237838745,2508,8,30311,101.2,888.0840454101562,777.2736533899999,0.3960781991481781
670338,0.0003,270739,-308.80938720703125,-0.12345830351114273,2512,8,30346,100.31,854.0972900390625,778.42223063,0.3937710225582123
670687,0.0003,271088,-341.66168212890625,-0.3696235418319702,2516,8,30386,100.68,728.2261962890625,778.37461013,0.3890463709831238
671137,0.0003,271538,-347.60821533203125,0.20097345113754272,2520,8,30437,100.93,774.47021484375,778.3446788199998,0.39277827739715576
671418,0.0003,271819,-311.54107666015625,0.018727168440818787,2524,8,30470,98.95,744.7849731445312,766.52395707,0.3861897885799408
671827,0.0003,272228,-316.83251953125,-0.04158855602145195,2528,8,30516,99.47,923.5526733398438,781.51670772,0.37954360246658325
672313,0.0003,272714,-315.6219482421875,-0.01923905313014984,2532,8,30570,99.78,661.5234375,795.3651786099998,0.3873292803764343
672681,0.0003,273082,-330.9316711425781,0.11707686632871628,2536,8,30612,98.67,785.2330932617188,795.42110914,0.39283862709999084
673137,0.0003,273538,-339.30169677734375,-0.24893973767757416,2540,8,30663,98.83,1398.795654296875,825.5882226699999,0.38265809416770935
673515,0.0003,273916,-361.5640563964844,0.2616337835788727,2544,8,30706,98.99,1595.2958984375,824.6287132399999,0.3711601793766022
673910,0.0003,274311,-331.447265625,0.31642425060272217,2548,8,30751,100.0,918.8990478515625,823.43835718,0.3806673586368561
674329,0.0003,274730,-341.10552978515625,-0.18151485919952393,2552,8,30798,99.72,759.6495361328125,824.96733618,0.3742556571960449
674803,0.0003,275204,-299.1194152832031,-0.011150706559419632,2556,8,30850,100.59,668.2830200195312,823.0153119499998,0.3638004660606384
675163,0.0003,275564,-314.9480285644531,0.41589295864105225,2560,8,30892,100.3,598.0823974609375,823.4003291200002,0.3763197064399719
675638,0.0003,276039,-275.8733825683594,0.11596711724996567,2564,8,30944,101.74,708.475830078125,820.95803071,0.3893350660800934
676088,0.0003,276489,-292.9759521484375,-0.020679790526628494,2568,8,30994,102.22,1775.700439453125,819.6463228800001,0.37191885709762573
676464,0.0003,276865,-359.9320373535156,-0.19516469538211823,2572,8,31037,102.07,681.732666015625,833.19457923,0.36812669038772583
676877,0.0003,277278,-307.8262634277344,0.04851509630680084,2576,8,31084,101.89,1588.6048583984375,833.1273256500001,0.3751102089881897
677344,0.0003,277745,-297.8260803222656,-0.06779433786869049,2580,8,31136,101.45,941.4148559570312,832.82878272,0.3792276382446289
677770,0.0003,278171,-306.89111328125,-0.11568707227706909,2584,8,31184,101.57,848.87646484375,847.85884399,0.37155020236968994
678198,0.0003,278599,-311.6772155761719,-0.13950717449188232,2588,8,31232,102.02,897.5740966796875,847.4378013600002,0.3757864832878113
678593,0.0003,278994,-295.4862976074219,-0.17121544480323792,2592,8,31277,101.86,1048.527587890625,847.0630151900001,0.38551056385040283
679050,0.0003,279451,-300.32568359375,-0.21637852489948273,2596,8,31327,102.47,1327.34912109375,845.8079191299998,0.37695884704589844
679449,0.0003,279850,-311.9087829589844,0.21423885226249695,2600,8,31373,102.46,1252.3251953125,860.76642202,0.3779979348182678
679874,0.0003,280275,-399.3302307128906,-0.034935981035232544,2604,8,31420,102.31,609.3768310546875,861.11998905,0.37479305267333984
680264,0.0003,280665,-334.12188720703125,0.17413868010044098,2608,8,31465,102.22,1036.2305908203125,846.5990078400002,0.36774879693984985
680674,0.0003,281075,-311.0721740722656,0.0711769312620163,2612,8,31511,103.36,581.51513671875,844.4321375399999,0.37832555174827576
681151,0.0003,281552,-342.86529541015625,0.16784146428108215,2616,8,31564,104.64,1860.454833984375,842.04577192,0.3707144558429718
681528,0.0003,281929,-341.3353271484375,-0.1607866883277893,2620,8,31607,103.91,667.336181640625,843.8720886899999,0.3720269799232483
681914,0.0003,282315,-320.343994140625,0.25344938039779663,2624,8,31651,104.96,2462.765625,872.45068592,0.36094772815704346
682288,0.0003,282689,-306.376220703125,0.1876266896724701,2628,8,31693,104.61,908.4764404296875,872.6897946600001,0.35517168045043945
682809,0.0003,283210,-300.22760009765625,0.04701890051364899,2632,8,31750,104.96,1439.714599609375,873.7426664399999,0.37081629037857056
683176,0.0003,283577,-323.36962890625,0.07828621566295624,2636,8,31792,104.95,692.6969604492188,874.5931751600001,0.37994322180747986
683588,0.0003,283989,-315.02374267578125,-0.12492913007736206,2640,8,31839,104.51,1226.17724609375,875.01654272,0.3852212429046631
684070,0.0003,284471,-324.6793518066406,-0.27498817443847656,2644,8,31892,105.55,663.2225341796875,874.0452933400001,0.3765929341316223
684523,0.0003,284924,-320.7860107421875,-0.2476237714290619,2648,8,31943,106.13,744.9357299804688,858.2301160500001,0.36479756236076355
684857,0.0003,285258,-307.4798278808594,-0.007226496934890747,2652,8,31981,105.28,1284.8154296875,859.36674686,0.3637613356113434
685213,0.0003,285614,-345.09381103515625,0.09284748882055283,2656,8,32022,104.1,1197.7216796875,861.7365550100002,0.37262994050979614
685515,0.0003,285916,-280.4022216796875,0.18591216206550598,2660,8,32058,103.52,734.464599609375,862.9145648199999,0.3601821959018707
685865,0.0003,286266,-324.4885559082031,-0.26233750581741333,2664,8,32098,102.27,782.0780639648438,849.5195573099998,0.3576129674911499
686298,0.0003,286699,-311.9849548339844,-0.03101760521531105,2668,8,32146,102.1,504.2616271972656,850.1393194099999,0.36701449751853943
686686,0.0003,287087,-342.69287109375,0.21414346992969513,2672,8,32190,102.22,1413.6158447265625,849.9178699499998,0.3609204590320587
687145,0.0003,287546,-282.83880615234375,-0.17898781597614288,2676,8,32242,102.68,735.8701782226562,848.24317446,0.3664867579936981
687569,0.0003,287970,-307.0015869140625,-0.39409399032592773,2680,8,32289,102.25,538.803955078125,850.20171252,0.3803749680519104
687986,0.0003,288387,-295.5679931640625,-0.04301939904689789,2684,8,32336,102.16,585.9706420898438,849.39778934,0.38354745507240295
688385,0.0003,288786,-358.3104248046875,-0.024353407323360443,2688,8,32381,101.87,734.73583984375,849.3085569400001,0.3843950033187866
688788,0.0003,289189,-320.1468811035156,-0.01875678263604641,2692,8,32427,101.95,736.190673828125,850.4423819200002,0.3757750689983368
689173,0.0003,289574,-330.409912109375,-0.11704683303833008,2696,8,32470,101.23,618.3519897460938,851.5733386600001,0.3709441125392914
689532,0.0003,289933,-305.04718017578125,-0.15418390929698944,2700,8,32512,100.83,834.2374877929688,851.8105227100002,0.37804245948791504
689861,0.0003,290262,-356.20684814453125,0.007903067395091057,2704,8,32550,99.87,1579.11962890625,852.8243700299998,0.3870783746242523
690241,0.0003,290642,-309.77203369140625,0.009192954748868942,2708,8,32593,99.77,849.344970703125,867.16759579,0.39801734685897827
690632,0.0003,291033,-284.5908203125,0.10900238156318665,2712,8,32637,99.58,1004.380859375,868.1405777999998,0.38630107045173645
691017,0.0003,291418,-316.94049072265625,0.011744651943445206,2716,8,32681,98.66,677.833251953125,854.9789700600002,0.38930949568748474
691468,0.0003,291869,-334.58428955078125,0.6728547811508179,2720,8,32731,99.4,1034.35498046875,853.9099774299998,0.38661935925483704
691864,0.0003,292265,-344.6630554199219,-0.10855168849229813,2724,8,32776,99.5,898.3790283203125,838.1875467000001,0.3915548026561737
692286,0.0003,292687,-319.27423095703125,-0.047098688781261444,2728,8,32823,99.98,867.988037109375,837.28528527,0.3882506191730499
692699,0.0003,293100,-313.51812744140625,0.008251842111349106,2732,8,32870,98.9,1186.1124267578125,838.0951433699998,0.3820955157279968
693064,0.0003,293465,-314.1542663574219,-0.0673367828130722,2736,8,32912,98.88,675.1614379882812,838.0445410399999,0.3724938631057739
693438,0.0003,293839,-292.5155029296875,0.4104195833206177,2740,8,32954,98.5,1053.210205078125,838.3468764699999,0.36847472190856934
693912,0.0003,294313,-319.8086853027344,-0.06546066701412201,2744,8,33007,98.42,1217.940185546875,837.63234695,0.3762616217136383
694355,0.0003,294756,-340.22760009765625,0.1115863025188446,2748,8,33057,98.32,881.0657958984375,837.8256240800001,0.36453408002853394
694761,0.0003,295162,-334.5893249511719,-0.09016469120979309,2752,8,33103,99.04,938.8235473632812,835.0391679400001,0.3748776912689209
695160,0.0003,295561,-345.9718017578125,0.0398905947804451,2756,8,33148,99.47,650.3939208984375,835.28584294,0.37035679817199707
695623,0.0003,296024,-347.85430908203125,0.09069428592920303,2760,8,33199,101.08,838.425048828125,833.0649738900001,0.37283068895339966
696013,0.0003,296414,-295.840087890625,-0.26397985219955444,2764,8,33244,101.48,1834.215576171875,847.6725310200002,0.3779609501361847
696353,0.0003,296754,-314.0536804199219,0.1996888369321823,2768,8,33283,100.55,820.3935546875,848.8633805900001,0.38753727078437805
696791,0.0003,297192,-335.4147644042969,0.05316467583179474,2772,8,33332,101.05,919.8128662109375,848.33351198,0.3816094696521759
697195,0.0003,297596,-295.35125732421875,0.02618507109582424,2776,8,33377,100.5,943.58349609375,834.36419195,0.3802134692668915
697593,0.0003,297994,-358.4255676269531,-0.29423683881759644,2780,8,33422,100.24,785.2236328125,834.23128434,0.380249559879303
698096,0.0003,298497,-299.2556457519531,-0.19486570358276367,2784,8,33478,101.1,950.0323486328125,833.79982686,0.37363407015800476
698483,0.0003,298884,-300.3465881347656,-0.19480909407138824,2788,8,33522,100.98,695.0115966796875,833.8777592099999,0.373089462518692
698903,0.0003,299304,-327.520263671875,0.2610822319984436,2792,8,33569,101.15,851.8814697265625,831.92778116,0.36775103211402893
699299,0.0003,299700,-282.9627990722656,0.04342544823884964,2796,8,33614,101.26,753.7330932617188,832.2691646999999,0.3593602478504181
